Station_Name,Year,Month,Thunderstorm,Lightning,Block
Dhaka,2015,1,3,0,B20
Dhaka,2015,2,10,1,B20
Dhaka,2015,3,8,0,B20
Dhaka,2015,4,40,8,B20
Dhaka,2015,5,27,1,B20
Dhaka,2015,6,27,3,B20
Dhaka,2015,7,25,3,B20
Dhaka,2015,8,31,9,B20
Dhaka,2015,9,35,6,B20
Dhaka,2015,10,19,2,B20
Dhaka,2015,11,0,0,B20
Dhaka,2015,12,2,0,B20
Dhaka,2016,1,0,0,B20
Dhaka,2016,2,3,2,B20
Dhaka,2016,3,24,1,B20
Dhaka,2016,4,13,5,B20
Dhaka,2016,5,49,7,B20
Dhaka,2016,6,27,7,B20
Dhaka,2016,7,18,2,B20
Dhaka,2016,8,21,11,B20
Dhaka,2016,9,24,10,B20
Dhaka,2016,10,15,5,B20
Dhaka,2016,11,4,1,B20
Dhaka,2016,12,0,0,B20
Dhaka,2017,1,0,0,B20
Dhaka,2017,2,0,0,B20
Dhaka,2017,3,29,5,B20
Dhaka,2017,4,45,5,B20
Dhaka,2017,5,29,1,B20
Dhaka,2017,6,32,2,B20
Dhaka,2017,7,39,4,B20
Dhaka,2017,8,47,10,B20
Dhaka,2017,9,37,7,B20
Dhaka,2017,10,16,2,B20
Dhaka,2017,11,0,0,B20
Dhaka,2017,12,0,0,B20
Dhaka,2018,1,0,0,B20
Dhaka,2018,2,6,0,B20
Dhaka,2018,3,6,1,B20
Dhaka,2018,4,62,8,B20
Dhaka,2018,5,56,3,B20
Dhaka,2018,6,47,5,B20
Dhaka,2018,7,24,1,B20
Dhaka,2018,8,19,4,B20
Dhaka,2018,9,25,3,B20
Dhaka,2018,10,0,0,B20
Dhaka,2018,11,0,0,B20
Dhaka,2018,12,1,0,B20
Dhaka,2019,1,0,0,B20
Dhaka,2019,2,20,0,B20
Dhaka,2019,3,15,2,B20
Dhaka,2019,4,40,0,B20
Dhaka,2019,5,34,3,B20
Dhaka,2019,6,53,5,B20
Dhaka,2019,7,38,2,B20
Dhaka,2019,8,4,2,B20
Dhaka,2019,9,30,2,B20
Dhaka,2019,10,17,1,B20
Dhaka,2019,11,0,0,B20
Dhaka,2019,12,0,0,B20
Dhaka,2020,1,2,0,B20
Dhaka,2020,2,0,0,B20
Dhaka,2020,3,12,0,B20
Dhaka,2020,4,40,8,B20
Dhaka,2020,5,48,2,B20
Dhaka,2020,6,34,3,B20
Dhaka,2020,7,30,2,B20
Dhaka,2020,8,12,4,B20
Dhaka,2020,9,29,4,B20
Dhaka,2020,10,40,4,B20
Dhaka,2020,11,3,0,B20
Dhaka,2020,12,0,0,B20
Dhaka,2021,1,0,0,B20
Dhaka,2021,2,0,0,B20
Dhaka,2021,3,4,0,B20
Dhaka,2021,4,15,0,B20
Dhaka,2021,5,36,2,B20
Dhaka,2021,6,33,2,B20
Dhaka,2021,7,21,0,B20
Dhaka,2021,8,34,1,B20
Dhaka,2021,9,39,8,B20
Dhaka,2021,10,20,3,B20
Dhaka,2021,11,0,0,B20
Dhaka,2021,12,0,0,B20
Dhaka,2022,1,0,0,B20
Dhaka,2022,2,7,0,B20
Dhaka,2022,3,0,0,B20
Dhaka,2022,4,13,0,B20
Dhaka,2022,5,30,0,B20
Dhaka,2022,6,23,11,B20
Dhaka,2022,7,11,5,B20
Dhaka,2022,8,8,1,B20
Dhaka,2022,9,33,2,B20
Dhaka,2022,10,9,2,B20
Dhaka,2022,11,0,0,B20
Dhaka,2022,12,2,0,B20
Dhaka,2023,1,0,0,B20
Dhaka,2023,2,0,0,B20
Dhaka,2023,3,16,2,B20
Dhaka,2023,4,18,0,B20
Dhaka,2023,5,31,2,B20
Dhaka,2023,6,30,0,B20
Dhaka,2023,7,14,2,B20
Dhaka,2023,8,27,0,B20
Dhaka,2023,9,34,3,B20
Dhaka,2023,10,14,0,B20
Dhaka,2023,11,0,0,B20
Dhaka,2023,12,0,0,B20
Dhaka,2024,1,0,0,B20
Dhaka,2024,2,0,0,B20
Dhaka,2024,3,18,0,B20
Dhaka,2024,4,6,1,B20
Dhaka,2024,5,22,4,B20
Dhaka,2024,6,26,3,B20
Dhaka,2024,7,16,0,B20
Tangail,2015,1,0,0,B20
Tangail,2015,2,2,0,B20
Tangail,2015,3,5,0,B20
Tangail,2015,4,43,3,B20
Tangail,2015,5,40,2,B20
Tangail,2015,6,23,0,B20
Tangail,2015,7,22,0,B20
Tangail,2015,8,13,0,B20
Tangail,2015,9,6,1,B20
Tangail,2015,10,10,1,B20
Tangail,2015,11,0,0,B20
Tangail,2015,12,0,0,B20
Tangail,2016,1,0,0,B20
Tangail,2016,2,2,0,B20
Tangail,2016,3,19,2,B20
Tangail,2016,4,11,0,B20
Tangail,2016,5,36,2,B20
Tangail,2016,6,18,1,B20
Tangail,2016,7,15,1,B20
Tangail,2016,8,26,1,B20
Tangail,2016,9,54,1,B20
Tangail,2016,10,11,1,B20
Tangail,2016,11,1,0,B20
Tangail,2016,12,0,0,B20
Tangail,2017,1,0,0,B20
Tangail,2017,2,2,1,B20
Tangail,2017,3,23,0,B20
Tangail,2017,4,55,3,B20
Tangail,2017,5,42,2,B20
Tangail,2017,6,35,1,B20
Tangail,2017,7,21,2,B20
Tangail,2017,8,44,0,B20
Tangail,2017,9,21,4,B20
Tangail,2017,10,14,0,B20
Tangail,2017,11,0,0,B20
Tangail,2017,12,0,0,B20
Tangail,2018,1,0,0,B20
Tangail,2018,2,10,0,B20
Tangail,2018,3,8,1,B20
Tangail,2018,4,84,3,B20
Tangail,2018,5,54,2,B20
Tangail,2018,6,25,3,B20
Tangail,2018,7,22,2,B20
Tangail,2018,8,15,6,B20
Tangail,2018,9,21,2,B20
Tangail,2018,10,2,0,B20
Tangail,2018,11,3,0,B20
Tangail,2018,12,0,0,B20
Tangail,2019,1,0,0,B20
Tangail,2019,2,10,0,B20
Tangail,2019,3,19,1,B20
Tangail,2019,4,38,2,B20
Tangail,2019,5,44,2,B20
Tangail,2019,6,39,2,B20
Tangail,2019,7,35,1,B20
Tangail,2019,8,11,3,B20
Tangail,2019,9,19,1,B20
Tangail,2019,10,9,0,B20
Tangail,2019,11,0,0,B20
Tangail,2019,12,0,0,B20
Tangail,2020,1,0,0,B20
Tangail,2020,2,0,0,B20
Tangail,2020,3,9,0,B20
Tangail,2020,4,35,0,B20
Tangail,2020,5,53,1,B20
Tangail,2020,6,47,1,B20
Tangail,2020,7,26,2,B20
Tangail,2020,8,10,3,B20
Tangail,2020,9,38,1,B20
Tangail,2020,10,30,1,B20
Tangail,2020,11,0,0,B20
Tangail,2020,12,0,0,B20
Tangail,2021,1,0,0,B20
Tangail,2021,2,0,0,B20
Tangail,2021,3,2,0,B20
Tangail,2021,4,18,0,B20
Tangail,2021,5,30,1,B20
Tangail,2021,6,57,2,B20
Tangail,2021,7,15,1,B20
Tangail,2021,8,49,1,B20
Tangail,2021,9,26,1,B20
Tangail,2021,10,26,0,B20
Tangail,2021,11,0,0,B20
Tangail,2021,12,0,0,B20
Tangail,2022,1,2,0,B20
Tangail,2022,2,7,0,B20
Tangail,2022,3,0,0,B20
Tangail,2022,4,15,2,B20
Tangail,2022,5,30,0,B20
Tangail,2022,6,31,3,B20
Tangail,2022,7,22,1,B20
Tangail,2022,8,19,0,B20
Tangail,2022,9,27,3,B20
Tangail,2022,10,11,1,B20
Tangail,2022,11,0,0,B20
Tangail,2022,12,4,0,B20
Tangail,2023,1,0,0,B20
Tangail,2023,2,0,0,B20
Tangail,2023,3,33,0,B20
Tangail,2023,4,17,0,B20
Tangail,2023,5,38,3,B20
Tangail,2023,6,22,1,B20
Tangail,2023,7,30,1,B20
Tangail,2023,8,20,0,B20
Tangail,2023,9,33,2,B20
Tangail,2023,10,15,0,B20
Tangail,2023,11,0,0,B20
Tangail,2023,12,0,0,B20
Tangail,2024,1,0,0,B20
Tangail,2024,2,1,0,B20
Tangail,2024,3,12,1,B20
Tangail,2024,4,0,0,B20
Tangail,2024,5,15,3,B20
Tangail,2024,6,23,0,B20
Mymensingh,2015,1,7,0,B20
Mymensingh,2015,2,10,0,B20
Mymensingh,2015,3,8,0,B20
Mymensingh,2015,4,49,4,B20
Mymensingh,2015,5,53,10,B20
Mymensingh,2015,6,60,7,B20
Mymensingh,2015,7,45,8,B20
Mymensingh,2015,8,56,7,B20
Mymensingh,2015,9,34,7,B20
Mymensingh,2015,10,19,3,B20
Mymensingh,2015,11,0,0,B20
Mymensingh,2015,12,0,0,B20
Mymensingh,2016,1,0,0,B20
Mymensingh,2016,2,4,0,B20
Mymensingh,2016,3,20,2,B20
Mymensingh,2016,4,17,3,B20
Mymensingh,2016,5,65,1,B20
Mymensingh,2016,6,71,6,B20
Mymensingh,2016,7,33,4,B20
Mymensingh,2016,8,45,6,B20
Mymensingh,2016,9,81,13,B20
Mymensingh,2016,10,22,4,B20
Mymensingh,2016,11,0,0,B20
Mymensingh,2016,12,0,0,B20
Mymensingh,2017,1,0,0,B20
Mymensingh,2017,2,0,1,B20
Mymensingh,2017,3,27,2,B20
Mymensingh,2017,4,69,8,B20
Mymensingh,2017,5,64,9,B20
Mymensingh,2017,6,41,7,B20
Mymensingh,2017,7,37,4,B20
Mymensingh,2017,8,50,15,B20
Mymensingh,2017,9,59,8,B20
Mymensingh,2017,10,17,2,B20
Mymensingh,2017,11,0,0,B20
Mymensingh,2017,12,0,0,B20
Mymensingh,2018,1,0,0,B20
Mymensingh,2018,2,2,1,B20
Mymensingh,2018,3,14,2,B20
Mymensingh,2018,4,78,3,B20
Mymensingh,2018,5,70,3,B20
Mymensingh,2018,6,49,14,B20
Mymensingh,2018,7,32,7,B20
Mymensingh,2018,8,26,7,B20
Mymensingh,2018,9,44,9,B20
Mymensingh,2018,10,7,1,B20
Mymensingh,2018,11,2,0,B20
Mymensingh,2018,12,0,0,B20
Mymensingh,2019,1,0,0,B20
Mymensingh,2019,2,9,0,B20
Mymensingh,2019,3,20,1,B20
Mymensingh,2019,4,36,0,B20
Mymensingh,2019,5,49,10,B20
Mymensingh,2019,6,68,2,B20
Mymensingh,2019,7,71,9,B20
Mymensingh,2019,8,22,6,B20
Mymensingh,2019,9,39,11,B20
Mymensingh,2019,10,21,1,B20
Mymensingh,2019,11,0,0,B20
Mymensingh,2019,12,0,0,B20
Mymensingh,2020,1,0,0,B20
Mymensingh,2020,2,9,0,B20
Mymensingh,2020,3,20,4,B20
Mymensingh,2020,4,36,5,B20
Mymensingh,2020,5,49,2,B20
Mymensingh,2020,6,67,8,B20
Mymensingh,2020,7,70,4,B20
Mymensingh,2020,8,22,9,B20
Mymensingh,2020,9,39,3,B20
Mymensingh,2020,10,21,2,B20
Mymensingh,2020,11,0,0,B20
Mymensingh,2020,12,0,0,B20
Mymensingh,2021,1,0,0,B20
Mymensingh,2021,2,0,0,B20
Mymensingh,2021,3,9,1,B20
Mymensingh,2021,4,30,1,B20
Mymensingh,2021,5,61,0,B20
Mymensingh,2021,6,60,3,B20
Mymensingh,2021,7,48,3,B20
Mymensingh,2021,8,18,0,B20
Mymensingh,2021,9,73,5,B20
Mymensingh,2021,10,27,7,B20
Mymensingh,2021,11,0,0,B20
Mymensingh,2021,12,0,0,B20
Mymensingh,2022,1,0,0,B20
Mymensingh,2022,2,0,0,B20
Mymensingh,2022,3,9,0,B20
Mymensingh,2022,4,21,2,B20
Mymensingh,2022,5,88,1,B20
Mymensingh,2022,6,61,1,B20
Mymensingh,2022,7,31,1,B20
Mymensingh,2022,8,64,0,B20
Mymensingh,2022,9,34,1,B20
Mymensingh,2022,10,24,1,B20
Mymensingh,2022,11,0,0,B20
Mymensingh,2022,12,0,0,B20
Mymensingh,2023,1,3,0,B20
Mymensingh,2023,2,3,0,B20
Mymensingh,2023,3,0,0,B20
Mymensingh,2023,4,32,1,B20
Mymensingh,2023,5,45,2,B20
Mymensingh,2023,6,95,2,B20
Mymensingh,2023,7,25,11,B20
Mymensingh,2023,8,28,5,B20
Mymensingh,2023,9,45,5,B20
Mymensingh,2023,10,26,0,B20
Mymensingh,2023,11,0,0,B20
Mymensingh,2023,12,0,0,B20
Mymensingh,2024,1,0,0,B20
Mymensingh,2024,2,1,0,B20
Mymensingh,2024,3,35,0,B20
Mymensingh,2024,4,18,0,B20
Mymensingh,2024,5,38,4,B20
Mymensingh,2024,6,30,0,B20
Mymensingh,2024,7,22,0,B20
Mymensingh,2024,8,28,,B20
Mymensingh,2024,9,54,,B20
Mymensingh,2024,10,22,,B20
Mymensingh,2024,11,0,,B20
Mymensingh,2024,12,0,,B20
Faridpur,2015,1,0,0,B20
Faridpur,2015,2,1,0,B20
Faridpur,2015,3,13,0,B20
Faridpur,2015,4,2,1,B20
Faridpur,2015,5,28,0,B20
Faridpur,2015,6,81,0,B20
Faridpur,2015,7,30,2,B20
Faridpur,2016,1,0,0,B20
Faridpur,2016,2,8,0,B20
Faridpur,2016,3,14,1,B20
Faridpur,2016,4,14,3,B20
Faridpur,2016,5,44,2,B20
Faridpur,2016,6,34,4,B20
Faridpur,2016,7,23,4,B20
Faridpur,2016,8,15,2,B20
Faridpur,2016,9,39,2,B20
Faridpur,2016,10,9,2,B20
Faridpur,2016,11,5,0,B20
Faridpur,2016,12,0,0,B20
Faridpur,2017,1,0,0,B20
Faridpur,2017,2,0,0,B20
Faridpur,2017,3,22,1,B20
Faridpur,2017,4,36,4,B20
Faridpur,2017,5,30,1,B20
Faridpur,2017,6,47,3,B20
Faridpur,2017,7,33,1,B20
Faridpur,2017,8,44,1,B20
Faridpur,2017,9,42,1,B20
Faridpur,2017,10,8,0,B20
Faridpur,2017,11,0,0,B20
Faridpur,2017,12,0,0,B20
Faridpur,2018,1,0,0,B20
Faridpur,2018,2,3,0,B20
Faridpur,2018,3,8,0,B20
Faridpur,2018,4,66,2,B20
Faridpur,2018,5,66,4,B20
Faridpur,2018,6,34,7,B20
Faridpur,2018,7,37,0,B20
Faridpur,2018,8,13,1,B20
Faridpur,2018,9,32,0,B20
Faridpur,2018,10,0,0,B20
Faridpur,2018,11,5,0,B20
Faridpur,2018,12,0,0,B20
Faridpur,2019,1,0,0,B20
Faridpur,2019,2,28,0,B20
Faridpur,2019,3,16,1,B20
Faridpur,2019,4,26,2,B20
Faridpur,2019,5,26,3,B20
Faridpur,2019,6,30,0,B20
Faridpur,2019,7,32,0,B20
Faridpur,2019,8,11,2,B20
Faridpur,2019,9,18,0,B20
Faridpur,2019,10,15,0,B20
Faridpur,2019,11,0,0,B20
Faridpur,2019,12,0,0,B20
Faridpur,2020,1,0,0,B20
Faridpur,2020,2,28,0,B20
Faridpur,2020,3,15,1,B20
Faridpur,2020,4,25,3,B20
Faridpur,2020,5,26,2,B20
Faridpur,2020,6,30,1,B20
Faridpur,2020,7,32,0,B20
Faridpur,2020,8,11,0,B20
Faridpur,2020,9,18,1,B20
Faridpur,2020,10,15,2,B20
Faridpur,2020,11,0,0,B20
Faridpur,2020,12,0,0,B20
Faridpur,2021,1,0,0,B20
Faridpur,2021,2,1,0,B20
Faridpur,2021,3,12,0,B20
Faridpur,2021,4,49,0,B20
Faridpur,2021,5,50,0,B20
Faridpur,2021,6,51,0,B20
Faridpur,2021,7,26,0,B20
Faridpur,2021,8,8,1,B20
Faridpur,2021,9,18,1,B20
Faridpur,2021,10,17,2,B20
Faridpur,2021,11,1,0,B20
Faridpur,2021,12,0,0,B20
Faridpur,2022,1,0,0,B20
Faridpur,2022,2,0,0,B20
Faridpur,2022,3,4,0,B20
Faridpur,2022,4,4,0,B20
Faridpur,2022,5,52,0,B20
Faridpur,2022,6,32,2,B20
Faridpur,2022,7,23,0,B20
Faridpur,2022,8,34,1,B20
Faridpur,2022,9,19,1,B20
Faridpur,2022,10,17,2,B20
Faridpur,2022,11,0,0,B20
Faridpur,2022,12,0,0,B20
Faridpur,2023,1,1,0,B20
Faridpur,2023,2,7,0,B20
Faridpur,2023,3,0,1,B20
Faridpur,2023,4,16,0,B20
Faridpur,2023,5,44,2,B20
Faridpur,2023,6,26,1,B20
Faridpur,2023,7,5,0,B20
Faridpur,2023,8,13,0,B20
Faridpur,2023,9,22,3,B20
Faridpur,2023,10,20,0,B20
Faridpur,2023,11,0,0,B20
Faridpur,2023,12,0,0,B20
Faridpur,2024,1,0,0,B20
Faridpur,2024,2,0,0,B20
Faridpur,2024,3,12,0,B20
Faridpur,2024,4,12,0,B20
Faridpur,2024,5,34,0,B20
Faridpur,2024,6,18,1,B20
Faridpur,2024,7,13,,B20
Faridpur,2024,8,10,,B20
Faridpur,2024,9,29,,B20
Faridpur,2024,10,15,,B20
Faridpur,2024,11,0,,B20
Faridpur,2024,12,0,,B20
Madaripur,2015,1,0,0,B20
Madaripur,2015,2,1,0,B20
Madaripur,2015,3,10,0,B20
Madaripur,2015,4,6,2,B20
Madaripur,2015,5,26,2,B20
Madaripur,2015,6,8,0,B20
Madaripur,2016,1,0,0,B20
Madaripur,2016,2,6,0,B20
Madaripur,2016,3,16,1,B20
Madaripur,2016,4,8,2,B20
Madaripur,2016,5,48,1,B20
Madaripur,2016,6,32,0,B20
Madaripur,2016,7,20,0,B20
Madaripur,2016,8,22,2,B20
Madaripur,2016,9,42,0,B20
Madaripur,2016,10,27,1,B20
Madaripur,2016,11,4,0,B20
Madaripur,2016,12,0,0,B20
Madaripur,2017,1,0,0,B20
Madaripur,2017,2,0,0,B20
Madaripur,2017,3,15,0,B20
Madaripur,2017,4,27,0,B20
Madaripur,2017,5,31,0,B20
Madaripur,2017,6,42,0,B20
Madaripur,2017,7,10,0,B20
Madaripur,2017,8,31,0,B20
Madaripur,2017,9,25,0,B20
Madaripur,2017,10,8,0,B20
Madaripur,2017,11,0,0,B20
Madaripur,2017,12,0,0,B20
Madaripur,2018,1,0,0,B20
Madaripur,2018,2,0,0,B20
Madaripur,2018,3,0,0,B20
Madaripur,2018,4,19,0,B20
Madaripur,2018,5,34,0,B20
Madaripur,2018,6,16,0,B20
Madaripur,2018,7,0,0,B20
Madaripur,2018,8,2,0,B20
Madaripur,2018,9,10,0,B20
Madaripur,2018,10,0,0,B20
Madaripur,2018,11,0,0,B20
Madaripur,2018,12,0,0,B20
Madaripur,2019,1,0,0,B20
Madaripur,2019,2,19,0,B20
Madaripur,2019,3,8,0,B20
Madaripur,2019,4,20,1,B20
Madaripur,2019,5,2,0,B20
Madaripur,2019,6,11,0,B20
Madaripur,2019,7,12,1,B20
Madaripur,2019,8,9,2,B20
Madaripur,2019,9,4,0,B20
Madaripur,2019,10,7,0,B20
Madaripur,2019,11,0,0,B20
Madaripur,2019,12,0,0,B20
Madaripur,2020,1,0,0,B20
Madaripur,2020,2,19,0,B20
Madaripur,2020,3,8,0,B20
Madaripur,2020,4,20,0,B20
Madaripur,2020,5,2,0,B20
Madaripur,2020,6,11,2,B20
Madaripur,2020,7,12,1,B20
Madaripur,2020,8,9,0,B20
Madaripur,2020,9,4,7,B20
Madaripur,2020,10,7,0,B20
Madaripur,2020,11,0,1,B20
Madaripur,2020,12,0,0,B20
Madaripur,2021,1,0,0,B20
Madaripur,2021,2,0,0,B20
Madaripur,2021,3,0,0,B20
Madaripur,2021,4,15,0,B20
Madaripur,2021,5,2,0,B20
Madaripur,2021,6,7,0,B20
Madaripur,2021,7,3,0,B20
Madaripur,2021,8,4,1,B20
Madaripur,2021,9,3,2,B20
Madaripur,2021,10,1,0,B20
Madaripur,2021,11,0,0,B20
Madaripur,2021,12,0,0,B20
Madaripur,2022,1,0,0,B20
Madaripur,2022,2,0,0,B20
Madaripur,2022,3,0,0,B20
Madaripur,2022,4,0,2,B20
Madaripur,2022,5,4,0,B20
Madaripur,2022,6,12,0,B20
Madaripur,2022,7,4,0,B20
Madaripur,2022,8,4,0,B20
Madaripur,2022,9,5,0,B20
Madaripur,2022,10,3,0,B20
Madaripur,2022,11,0,0,B20
Madaripur,2022,12,0,0,B20
Madaripur,2023,1,0,0,B20
Madaripur,2023,2,2,0,B20
Madaripur,2023,3,0,0,B20
Madaripur,2023,4,0,0,B20
Madaripur,2023,5,8,0,B20
Madaripur,2023,6,3,0,B20
Madaripur,2023,7,1,0,B20
Madaripur,2023,8,4,0,B20
Madaripur,2023,9,9,0,B20
Madaripur,2023,10,4,0,B20
Madaripur,2023,11,0,0,B20
Madaripur,2023,12,0,0,B20
Madaripur,2024,1,0,0,B20
Madaripur,2024,2,0,0,B20
Madaripur,2024,3,8,0,B20
Madaripur,2024,4,7,0,B20
Madaripur,2024,5,8,0,B20
Madaripur,2024,6,7,,B20
Madaripur,2024,7,4,,B20
Madaripur,2024,8,4,,B20
Madaripur,2024,9,8,,B20
Madaripur,2024,10,0,,B20
Madaripur,2024,11,0,,B20
Madaripur,2024,12,0,,B20
Srimangal,2015,1,0,0,B20
Srimangal,2015,2,0,1,B20
Srimangal,2015,3,12,0,B20
Srimangal,2015,4,7,5,B20
Srimangal,2015,5,8,9,B20
Srimangal,2016,1,3,0,B20
Srimangal,2016,2,14,0,B20
Srimangal,2016,3,27,4,B20
Srimangal,2016,4,92,21,B20
Srimangal,2016,5,93,3,B20
Srimangal,2016,6,41,10,B20
Srimangal,2016,7,17,5,B20
Srimangal,2016,8,63,13,B20
Srimangal,2016,9,61,27,B20
Srimangal,2016,10,32,6,B20
Srimangal,2016,11,3,0,B20
Srimangal,2016,12,0,0,B20
Srimangal,2017,1,0,0,B20
Srimangal,2017,2,0,0,B20
Srimangal,2017,3,55,0,B20
Srimangal,2017,4,98,0,B20
Srimangal,2017,5,70,5,B20
Srimangal,2017,6,103,6,B20
Srimangal,2017,7,29,11,B20
Srimangal,2017,8,49,11,B20
Srimangal,2017,9,65,4,B20
Srimangal,2017,10,35,7,B20
Srimangal,2017,11,0,0,B20
Srimangal,2017,12,0,0,B20
Srimangal,2018,1,2,0,B20
Srimangal,2018,2,1,1,B20
Srimangal,2018,3,22,2,B20
Srimangal,2018,4,70,6,B20
Srimangal,2018,5,101,5,B20
Srimangal,2018,6,80,8,B20
Srimangal,2018,7,24,11,B20
Srimangal,2018,8,39,17,B20
Srimangal,2018,9,56,9,B20
Srimangal,2018,10,11,0,B20
Srimangal,2018,11,1,0,B20
Srimangal,2018,12,0,0,B20
Srimangal,2019,1,0,0,B20
Srimangal,2019,2,23,0,B20
Srimangal,2019,3,38,0,B20
Srimangal,2019,4,46,5,B20
Srimangal,2019,5,81,8,B20
Srimangal,2019,6,68,16,B20
Srimangal,2019,7,33,7,B20
Srimangal,2019,8,41,9,B20
Srimangal,2019,9,48,8,B20
Srimangal,2019,10,31,3,B20
Srimangal,2019,11,1,0,B20
Srimangal,2019,12,0,0,B20
Srimangal,2020,1,0,0,B20
Srimangal,2020,2,23,1,B20
Srimangal,2020,3,38,2,B20
Srimangal,2020,4,46,3,B20
Srimangal,2020,5,80,3,B20
Srimangal,2020,6,68,15,B20
Srimangal,2020,7,33,5,B20
Srimangal,2020,8,41,13,B20
Srimangal,2020,9,48,7,B20
Srimangal,2020,10,31,7,B20
Srimangal,2020,11,0,0,B20
Srimangal,2020,12,0,0,B20
Srimangal,2021,1,4,0,B20
Srimangal,2021,2,0,0,B20
Srimangal,2021,3,2,4,B20
Srimangal,2021,4,83,2,B20
Srimangal,2021,5,77,4,B20
Srimangal,2021,6,99,7,B20
Srimangal,2021,7,38,6,B20
Srimangal,2021,8,40,2,B20
Srimangal,2021,9,46,10,B20
Srimangal,2021,10,33,7,B20
Srimangal,2021,11,3,0,B20
Srimangal,2021,12,0,0,B20
Srimangal,2022,1,0,0,B20
Srimangal,2022,2,3,0,B20
Srimangal,2022,3,20,0,B20
Srimangal,2022,4,12,2,B20
Srimangal,2022,5,65,1,B20
Srimangal,2022,6,38,0,B20
Srimangal,2022,7,44,16,B20
Srimangal,2022,8,44,9,B20
Srimangal,2022,9,65,8,B20
Srimangal,2022,10,32,2,B20
Srimangal,2022,11,0,0,B20
Srimangal,2022,12,0,0,B20
Srimangal,2023,1,5,0,B20
Srimangal,2023,2,2,0,B20
Srimangal,2023,3,0,0,B20
Srimangal,2023,4,29,1,B20
Srimangal,2023,5,64,1,B20
Srimangal,2023,6,61,2,B20
Srimangal,2023,7,58,3,B20
Srimangal,2023,8,60,0,B20
Srimangal,2023,9,50,4,B20
Srimangal,2023,10,39,1,B20
Srimangal,2023,11,0,0,B20
Srimangal,2023,12,2,0,B20
Srimangal,2024,1,0,0,B20
Srimangal,2024,2,3,0,B20
Srimangal,2024,3,35,3,B20
Srimangal,2024,4,29,8,B20
Srimangal,2024,5,33,8,B20
Srimangal,2024,6,51,1,B20
Srimangal,2024,7,43,,B20
Srimangal,2024,8,9,,B20
Srimangal,2024,9,30,,B20
Srimangal,2024,10,11,,B20
Srimangal,2024,11,0,,B20
Srimangal,2024,12,0,,B20
Sylhet,2015,1,0,0,B20
Sylhet,2015,2,9,0,B20
Sylhet,2015,3,30,1,B20
Sylhet,2015,4,17,10,B20
Sylhet,2015,5,62,4,B20
Sylhet,2015,6,99,14,B20
Sylhet,2016,1,0,0,B20
Sylhet,2016,2,10,2,B20
Sylhet,2016,3,42,2,B20
Sylhet,2016,4,185,30,B20
Sylhet,2016,5,89,17,B20
Sylhet,2016,6,70,21,B20
Sylhet,2016,7,31,16,B20
Sylhet,2016,8,73,28,B20
Sylhet,2016,9,70,26,B20
Sylhet,2016,10,20,3,B20
Sylhet,2016,11,4,0,B20
Sylhet,2016,12,0,0,B20
Sylhet,2017,1,0,0,B20
Sylhet,2017,2,14,0,B20
Sylhet,2017,3,64,2,B20
Sylhet,2017,4,130,5,B20
Sylhet,2017,5,112,3,B20
Sylhet,2017,6,111,17,B20
Sylhet,2017,7,27,14,B20
Sylhet,2017,8,82,21,B20
Sylhet,2017,9,82,11,B20
Sylhet,2017,10,45,12,B20
Sylhet,2017,11,0,0,B20
Sylhet,2017,12,0,0,B20
Sylhet,2018,1,0,0,B20
Sylhet,2018,2,8,1,B20
Sylhet,2018,3,35,1,B20
Sylhet,2018,4,80,5,B20
Sylhet,2018,5,93,4,B20
Sylhet,2018,6,64,8,B20
Sylhet,2018,7,36,3,B20
Sylhet,2018,8,46,15,B20
Sylhet,2018,9,47,5,B20
Sylhet,2018,10,1,1,B20
Sylhet,2018,11,2,0,B20
Sylhet,2018,12,1,0,B20
Sylhet,2019,1,0,0,B20
Sylhet,2019,2,11,0,B20
Sylhet,2019,3,24,1,B20
Sylhet,2019,4,76,10,B20
Sylhet,2019,5,100,14,B20
Sylhet,2019,6,69,12,B20
Sylhet,2019,7,32,19,B20
Sylhet,2019,8,28,23,B20
Sylhet,2019,9,34,21,B20
Sylhet,2019,10,5,4,B20
Sylhet,2019,11,0,0,B20
Sylhet,2019,12,0,0,B20
Sylhet,2020,1,0,0,B20
Sylhet,2020,2,11,0,B20
Sylhet,2020,3,24,0,B20
Sylhet,2020,4,76,1,B20
Sylhet,2020,5,99,2,B20
Sylhet,2020,6,66,9,B20
Sylhet,2020,7,32,2,B20
Sylhet,2020,8,27,6,B20
Sylhet,2020,9,34,4,B20
Sylhet,2020,10,5,11,B20
Sylhet,2020,11,0,0,B20
Sylhet,2020,12,0,0,B20
Sylhet,2021,1,2,0,B20
Sylhet,2021,2,3,0,B20
Sylhet,2021,3,7,4,B20
Sylhet,2021,4,44,8,B20
Sylhet,2021,5,73,3,B20
Sylhet,2021,6,77,8,B20
Sylhet,2021,7,67,13,B20
Sylhet,2021,8,37,2,B20
Sylhet,2021,9,60,33,B20
Sylhet,2021,10,23,7,B20
Sylhet,2021,11,0,0,B20
Sylhet,2021,12,0,0,B20
Sylhet,2022,1,0,0,B20
Sylhet,2022,2,0,0,B20
Sylhet,2022,3,27,0,B20
Sylhet,2022,4,49,5,B20
Sylhet,2022,5,75,4,B20
Sylhet,2022,6,69,4,B20
Sylhet,2022,7,40,10,B20
Sylhet,2022,8,54,4,B20
Sylhet,2022,9,53,5,B20
Sylhet,2022,10,49,1,B20
Sylhet,2022,11,0,0,B20
Sylhet,2022,12,0,0,B20
Sylhet,2023,1,5,0,B20
Sylhet,2023,2,13,0,B20
Sylhet,2023,3,5,1,B20
Sylhet,2023,4,53,0,B20
Sylhet,2023,5,110,1,B20
Sylhet,2023,6,127,3,B20
Sylhet,2023,7,92,4,B20
Sylhet,2023,8,40,2,B20
Sylhet,2023,9,72,1,B20
Sylhet,2023,10,61,1,B20
Sylhet,2023,11,0,0,B20
Sylhet,2023,12,0,0,B20
Sylhet,2024,1,0,0,B20
Sylhet,2024,2,6,0,B20
Sylhet,2024,3,51,0,B20
Sylhet,2024,4,54,1,B20
Sylhet,2024,5,66,1,B20
Sylhet,2024,6,97,1,B20
Sylhet,2024,7,57,,B20
Sylhet,2024,8,28,,B20
Sylhet,2024,9,84,,B20
Sylhet,2024,10,39,,B20
Sylhet,2024,11,0,,B20
Sylhet,2024,12,0,,B20
Bogura,2015,1,0,0,B20
Bogura,2015,2,6,0,B20
Bogura,2015,3,15,0,B20
Bogura,2015,4,57,0,B20
Bogura,2015,5,71,3,B20
Bogura,2015,6,104,1,B20
Bogura,2016,1,0,0,B20
Bogura,2016,2,0,0,B20
Bogura,2016,3,11,3,B20
Bogura,2016,4,3,1,B20
Bogura,2016,5,48,3,B20
Bogura,2016,6,15,0,B20
Bogura,2016,7,5,2,B20
Bogura,2016,8,25,5,B20
Bogura,2016,9,54,4,B20
Bogura,2016,10,14,2,B20
Bogura,2016,11,0,0,B20
Bogura,2016,12,0,0,B20
Bogura,2017,1,0,0,B20
Bogura,2017,2,0,0,B20
Bogura,2017,3,16,2,B20
Bogura,2017,4,38,3,B20
Bogura,2017,5,36,4,B20
Bogura,2017,6,30,1,B20
Bogura,2017,7,16,3,B20
Bogura,2017,8,31,3,B20
Bogura,2017,9,49,2,B20
Bogura,2017,10,18,1,B20
Bogura,2017,11,0,0,B20
Bogura,2017,12,0,0,B20
Bogura,2018,1,0,0,B20
Bogura,2018,2,8,0,B20
Bogura,2018,3,6,0,B20
Bogura,2018,4,34,2,B20
Bogura,2018,5,34,1,B20
Bogura,2018,6,34,1,B20
Bogura,2018,7,22,1,B20
Bogura,2018,8,14,4,B20
Bogura,2018,9,17,2,B20
Bogura,2018,10,0,0,B20
Bogura,2018,11,0,0,B20
Bogura,2018,12,0,0,B20
Bogura,2019,1,0,0,B20
Bogura,2019,2,1,0,B20
Bogura,2019,3,13,0,B20
Bogura,2019,4,22,1,B20
Bogura,2019,5,37,1,B20
Bogura,2019,6,43,0,B20
Bogura,2019,7,58,0,B20
Bogura,2019,8,16,0,B20
Bogura,2019,9,12,0,B20
Bogura,2019,10,32,0,B20
Bogura,2019,11,0,0,B20
Bogura,2019,12,0,0,B20
Bogura,2020,1,0,0,B20
Bogura,2020,2,1,0,B20
Bogura,2020,3,13,0,B20
Bogura,2020,4,22,0,B20
Bogura,2020,5,37,2,B20
Bogura,2020,6,43,1,B20
Bogura,2020,7,57,2,B20
Bogura,2020,8,16,1,B20
Bogura,2020,9,12,2,B20
Bogura,2020,10,32,0,B20
Bogura,2020,11,0,0,B20
Bogura,2020,12,0,0,B20
Bogura,2021,1,0,0,B20
Bogura,2021,2,2,0,B20
Bogura,2021,3,7,0,B20
Bogura,2021,4,34,1,B20
Bogura,2021,5,39,0,B20
Bogura,2021,6,18,0,B20
Bogura,2021,7,23,0,B20
Bogura,2021,8,18,2,B20
Bogura,2021,9,46,1,B20
Bogura,2021,10,12,2,B20
Bogura,2021,11,0,0,B20
Bogura,2021,12,0,0,B20
Bogura,2022,1,0,0,B20
Bogura,2022,2,0,0,B20
Bogura,2022,3,3,0,B20
Bogura,2022,4,12,1,B20
Bogura,2022,5,55,0,B20
Bogura,2022,6,48,1,B20
Bogura,2022,7,20,0,B20
Bogura,2022,8,43,0,B20
Bogura,2022,9,24,0,B20
Bogura,2022,10,10,0,B20
Bogura,2022,11,0,0,B20
Bogura,2022,12,0,0,B20
Bogura,2023,1,4,0,B20
Bogura,2023,2,5,0,B20
Bogura,2023,3,0,0,B20
Bogura,2023,4,18,0,B20
Bogura,2023,5,37,0,B20
Bogura,2023,6,31,0,B20
Bogura,2023,7,17,1,B20
Bogura,2023,8,5,1,B20
Bogura,2023,9,43,1,B20
Bogura,2023,10,6,0,B20
Bogura,2023,11,0,0,B20
Bogura,2023,12,0,0,B20
Bogura,2024,1,0,0,B20
Bogura,2024,2,0,0,B20
Bogura,2024,3,12,1,B20
Bogura,2024,4,15,0,B20
Bogura,2024,5,31,0,B20
Bogura,2024,6,22,1,B20
Bogura,2024,7,11,,B20
Bogura,2024,8,15,,B20
Bogura,2024,9,36,,B20
Bogura,2024,10,8,,B20
Bogura,2024,11,0,,B20
Bogura,2024,12,0,,B20
Dinajpur,2015,1,0,0,B20
Dinajpur,2015,2,8,0,B20
Dinajpur,2015,3,2,0,B20
Dinajpur,2015,4,0,0,B20
Dinajpur,2015,5,28,2,B20
Dinajpur,2015,6,29,2,B20
Dinajpur,2016,1,0,0,B20
Dinajpur,2016,2,1,0,B20
Dinajpur,2016,3,12,1,B20
Dinajpur,2016,4,4,0,B20
Dinajpur,2016,5,51,2,B20
Dinajpur,2016,6,21,0,B20
Dinajpur,2016,7,9,0,B20
Dinajpur,2016,8,16,2,B20
Dinajpur,2016,9,48,2,B20
Dinajpur,2016,10,8,0,B20
Dinajpur,2016,11,0,0,B20
Dinajpur,2016,12,3,0,B20
Dinajpur,2017,1,5,0,B20
Dinajpur,2017,2,0,0,B20
Dinajpur,2017,3,17,0,B20
Dinajpur,2017,4,40,0,B20
Dinajpur,2017,5,56,2,B20
Dinajpur,2017,6,35,5,B20
Dinajpur,2017,7,38,3,B20
Dinajpur,2017,8,24,2,B20
Dinajpur,2017,9,26,1,B20
Dinajpur,2017,10,12,0,B20
Dinajpur,2017,11,0,0,B20
Dinajpur,2017,12,0,0,B20
Dinajpur,2018,1,0,0,B20
Dinajpur,2018,2,0,0,B20
Dinajpur,2018,3,7,0,B20
Dinajpur,2018,4,48,0,B20
Dinajpur,2018,5,45,0,B20
Dinajpur,2018,6,30,0,B20
Dinajpur,2018,7,12,1,B20
Dinajpur,2018,8,19,1,B20
Dinajpur,2018,9,9,1,B20
Dinajpur,2018,10,0,0,B20
Dinajpur,2018,11,0,0,B20
Dinajpur,2018,12,0,0,B20
Dinajpur,2019,1,0,0,B20
Dinajpur,2019,2,8,0,B20
Dinajpur,2019,3,2,1,B20
Dinajpur,2019,4,22,0,B20
Dinajpur,2019,5,14,5,B20
Dinajpur,2019,6,34,0,B20
Dinajpur,2019,7,21,1,B20
Dinajpur,2019,8,15,0,B20
Dinajpur,2019,9,40,0,B20
Dinajpur,2019,10,5,0,B20
Dinajpur,2019,11,0,0,B20
Dinajpur,2019,12,0,0,B20
Dinajpur,2020,1,0,0,B20
Dinajpur,2020,2,8,0,B20
Dinajpur,2020,3,2,0,B20
Dinajpur,2020,4,22,0,B20
Dinajpur,2020,5,14,1,B20
Dinajpur,2020,6,34,0,B20
Dinajpur,2020,7,21,1,B20
Dinajpur,2020,8,15,1,B20
Dinajpur,2020,9,40,0,B20
Dinajpur,2020,10,5,0,B20
Dinajpur,2020,11,0,0,B20
Dinajpur,2020,12,0,0,B20
Dinajpur,2021,1,0,0,B20
Dinajpur,2021,2,0,0,B20
Dinajpur,2021,3,6,0,B20
Dinajpur,2021,4,17,0,B20
Dinajpur,2021,5,30,0,B20
Dinajpur,2021,6,32,1,B20
Dinajpur,2021,7,59,0,B20
Dinajpur,2021,8,6,0,B20
Dinajpur,2021,9,64,0,B20
Dinajpur,2021,10,11,0,B20
Dinajpur,2021,11,0,0,B20
Dinajpur,2021,12,0,0,B20
Dinajpur,2022,1,0,0,B20
Dinajpur,2022,2,0,0,B20
Dinajpur,2022,3,0,0,B20
Dinajpur,2022,4,10,1,B20
Dinajpur,2022,5,33,0,B20
Dinajpur,2022,6,20,0,B20
Dinajpur,2022,7,13,0,B20
Dinajpur,2022,8,22,0,B20
Dinajpur,2022,9,15,0,B20
Dinajpur,2022,10,10,0,B20
Dinajpur,2022,11,0,0,B20
Dinajpur,2022,12,0,0,B20
Dinajpur,2023,1,4,0,B20
Dinajpur,2023,2,7,0,B20
Dinajpur,2023,3,0,0,B20
Dinajpur,2023,4,8,0,B20
Dinajpur,2023,5,28,0,B20
Dinajpur,2023,6,45,0,B20
Dinajpur,2023,7,22,0,B20
Dinajpur,2023,8,24,0,B20
Dinajpur,2023,9,7,0,B20
Dinajpur,2023,10,2,0,B20
Dinajpur,2023,11,0,0,B20
Dinajpur,2023,12,0,0,B20
Dinajpur,2024,1,0,,B20
Dinajpur,2024,2,0,,B20
Dinajpur,2024,3,6,,B20
Dinajpur,2024,4,4,,B20
Dinajpur,2024,5,10,,B20
Dinajpur,2024,6,12,,B20
Dinajpur,2024,7,14,,B20
Dinajpur,2024,8,5,,B20
Dinajpur,2024,9,15,,B20
Dinajpur,2024,10,5,,B20
Dinajpur,2024,11,0,,B20
Dinajpur,2024,12,0,,B20
Ishurdi,2016,1,0,0,B20
Ishurdi,2016,2,2,0,B20
Ishurdi,2016,3,18,0,B20
Ishurdi,2016,4,13,2,B20
Ishurdi,2016,5,30,1,B20
Ishurdi,2016,6,23,0,B20
Ishurdi,2016,7,5,0,B20
Ishurdi,2016,8,12,2,B20
Ishurdi,2016,9,27,1,B20
Ishurdi,2016,10,7,1,B20
Ishurdi,2016,11,0,0,B20
Ishurdi,2016,12,0,0,B20
Ishurdi,2017,1,0,0,B20
Ishurdi,2017,2,0,0,B20
Ishurdi,2017,3,14,0,B20
Ishurdi,2017,4,38,1,B20
Ishurdi,2017,5,41,0,B20
Ishurdi,2017,6,28,1,B20
Ishurdi,2017,7,6,0,B20
Ishurdi,2017,8,5,0,B20
Ishurdi,2017,9,32,4,B20
Ishurdi,2017,10,6,0,B20
Ishurdi,2017,11,0,0,B20
Ishurdi,2017,12,0,0,B20
Ishurdi,2018,1,0,0,B20
Ishurdi,2018,2,0,0,B20
Ishurdi,2018,3,11,0,B20
Ishurdi,2018,4,56,3,B20
Ishurdi,2018,5,26,2,B20
Ishurdi,2018,6,30,1,B20
Ishurdi,2018,7,17,2,B20
Ishurdi,2018,8,6,0,B20
Ishurdi,2018,9,15,3,B20
Ishurdi,2018,10,0,0,B20
Ishurdi,2018,11,0,0,B20
Ishurdi,2018,12,0,0,B20
Ishurdi,2019,1,0,0,B20
Ishurdi,2019,2,10,0,B20
Ishurdi,2019,3,9,2,B20
Ishurdi,2019,4,24,1,B20
Ishurdi,2019,5,23,3,B20
Ishurdi,2019,6,24,1,B20
Ishurdi,2019,7,27,1,B20
Ishurdi,2019,8,7,1,B20
Ishurdi,2019,9,10,2,B20
Ishurdi,2019,10,15,1,B20
Ishurdi,2019,11,0,0,B20
Ishurdi,2019,12,0,0,B20
Ishurdi,2020,1,0,0,B20
Ishurdi,2020,2,10,0,B20
Ishurdi,2020,3,9,0,B20
Ishurdi,2020,4,24,1,B20
Ishurdi,2020,5,23,3,B20
Ishurdi,2020,6,24,2,B20
Ishurdi,2020,7,26,1,B20
Ishurdi,2020,8,7,0,B20
Ishurdi,2020,9,10,5,B20
Ishurdi,2020,10,15,0,B20
Ishurdi,2020,11,0,0,B20
Ishurdi,2020,12,0,0,B20
Ishurdi,2021,1,0,0,B20
Ishurdi,2021,2,0,0,B20
Ishurdi,2021,3,10,0,B20
Ishurdi,2021,4,26,0,B20
Ishurdi,2021,5,31,1,B20
Ishurdi,2021,6,26,3,B20
Ishurdi,2021,7,16,1,B20
Ishurdi,2021,8,9,2,B20
Ishurdi,2021,9,26,6,B20
Ishurdi,2021,10,10,2,B20
Ishurdi,2021,11,0,0,B20
Ishurdi,2021,12,0,0,B20
Ishurdi,2022,1,0,0,B20
Ishurdi,2022,2,0,0,B20
Ishurdi,2022,3,1,0,B20
Ishurdi,2022,4,12,2,B20
Ishurdi,2022,5,42,1,B20
Ishurdi,2022,6,16,1,B20
Ishurdi,2022,7,16,0,B20
Ishurdi,2022,8,24,1,B20
Ishurdi,2022,9,22,1,B20
Ishurdi,2022,10,22,0,B20
Ishurdi,2022,11,0,0,B20
Ishurdi,2022,12,0,0,B20
Ishurdi,2023,1,1,0,B20
Ishurdi,2023,2,7,0,B20
Ishurdi,2023,3,0,1,B20
Ishurdi,2023,4,5,0,B20
Ishurdi,2023,5,26,0,B20
Ishurdi,2023,6,19,0,B20
Ishurdi,2023,7,6,0,B20
Ishurdi,2023,8,19,0,B20
Ishurdi,2023,9,22,2,B20
Ishurdi,2023,10,9,0,B20
Ishurdi,2023,11,0,0,B20
Ishurdi,2023,12,0,0,B20
Ishurdi,2024,1,0,0,B20
Ishurdi,2024,2,0,0,B20
Ishurdi,2024,3,10,0,B20
Ishurdi,2024,4,14,0,B20
Ishurdi,2024,5,22,1,B20
Ishurdi,2024,6,17,2,B20
Ishurdi,2024,7,8,1,B20
Ishurdi,2024,8,5,,B20
Ishurdi,2024,9,17,,B20
Ishurdi,2024,10,9,,B20
Ishurdi,2024,11,0,,B20
Ishurdi,2024,12,0,,B20
Rajshahi,2015,1,0,0,B20
Rajshahi,2015,2,5,1,B20
Rajshahi,2015,3,7,0,B20
Rajshahi,2015,4,0,1,B20
Rajshahi,2015,5,6,7,B20
Rajshahi,2015,6,18,6,B20
Rajshahi,2015,7,5,9,B20
Rajshahi,2016,1,2,0,B20
Rajshahi,2016,2,3,0,B20
Rajshahi,2016,3,13,1,B20
Rajshahi,2016,4,19,0,B20
Rajshahi,2016,5,49,10,B20
Rajshahi,2016,6,24,0,B20
Rajshahi,2016,7,41,0,B20
Rajshahi,2016,8,24,8,B20
Rajshahi,2016,9,64,12,B20
Rajshahi,2016,10,14,3,B20
Rajshahi,2016,11,0,0,B20
Rajshahi,2016,12,0,0,B20
Rajshahi,2017,1,0,0,B20
Rajshahi,2017,2,0,0,B20
Rajshahi,2017,3,31,1,B20
Rajshahi,2017,4,35,3,B20
Rajshahi,2017,5,47,5,B20
Rajshahi,2017,6,33,7,B20
Rajshahi,2017,7,30,7,B20
Rajshahi,2017,8,41,1,B20
Rajshahi,2017,9,72,8,B20
Rajshahi,2017,10,21,1,B20
Rajshahi,2017,11,0,0,B20
Rajshahi,2017,12,0,0,B20
Rajshahi,2018,1,0,0,B20
Rajshahi,2018,2,5,0,B20
Rajshahi,2018,3,5,0,B20
Rajshahi,2018,4,50,5,B20
Rajshahi,2018,5,37,2,B20
Rajshahi,2018,6,32,4,B20
Rajshahi,2018,7,51,2,B20
Rajshahi,2018,8,17,1,B20
Rajshahi,2018,9,39,3,B20
Rajshahi,2018,10,0,0,B20
Rajshahi,2018,11,0,0,B20
Rajshahi,2018,12,0,0,B20
Rajshahi,2019,1,0,0,B20
Rajshahi,2019,2,9,0,B20
Rajshahi,2019,3,17,1,B20
Rajshahi,2019,4,31,0,B20
Rajshahi,2019,5,37,1,B20
Rajshahi,2019,6,34,0,B20
Rajshahi,2019,7,59,1,B20
Rajshahi,2019,8,19,1,B20
Rajshahi,2019,9,32,1,B20
Rajshahi,2019,10,20,0,B20
Rajshahi,2019,11,0,0,B20
Rajshahi,2019,12,0,0,B20
Rajshahi,2020,1,0,0,B20
Rajshahi,2020,2,9,0,B20
Rajshahi,2020,3,17,0,B20
Rajshahi,2020,4,31,3,B20
Rajshahi,2020,5,37,3,B20
Rajshahi,2020,6,34,2,B20
Rajshahi,2020,7,59,1,B20
Rajshahi,2020,8,19,1,B20
Rajshahi,2020,9,31,10,B20
Rajshahi,2020,10,20,1,B20
Rajshahi,2020,11,0,0,B20
Rajshahi,2020,12,0,0,B20
Rajshahi,2021,1,0,0,B20
Rajshahi,2021,2,4,0,B20
Rajshahi,2021,3,7,0,B20
Rajshahi,2021,4,23,0,B20
Rajshahi,2021,5,37,1,B20
Rajshahi,2021,6,52,2,B20
Rajshahi,2021,7,55,0,B20
Rajshahi,2021,8,17,2,B20
Rajshahi,2021,9,52,0,B20
Rajshahi,2021,10,22,0,B20
Rajshahi,2021,11,0,0,B20
Rajshahi,2021,12,0,0,B20
Rajshahi,2022,1,0,0,B20
Rajshahi,2022,2,0,0,B20
Rajshahi,2022,3,1,0,B20
Rajshahi,2022,4,16,1,B20
Rajshahi,2022,5,36,1,B20
Rajshahi,2022,6,29,0,B20
Rajshahi,2022,7,27,1,B20
Rajshahi,2022,8,63,0,B20
Rajshahi,2022,9,26,0,B20
Rajshahi,2022,10,12,1,B20
Rajshahi,2022,11,0,0,B20
Rajshahi,2022,12,0,0,B20
Rajshahi,2023,1,0,0,B20
Rajshahi,2023,2,8,0,B20
Rajshahi,2023,3,0,0,B20
Rajshahi,2023,4,6,0,B20
Rajshahi,2023,5,29,1,B20
Rajshahi,2023,6,26,0,B20
Rajshahi,2023,7,14,1,B20
Rajshahi,2023,8,29,0,B20
Rajshahi,2023,9,38,1,B20
Rajshahi,2023,10,15,0,B20
Rajshahi,2023,11,0,0,B20
Rajshahi,2023,12,0,0,B20
Rajshahi,2024,1,0,0,B20
Rajshahi,2024,2,0,0,B20
Rajshahi,2024,3,12,0,B20
Rajshahi,2024,4,19,0,B20
Rajshahi,2024,5,18,1,B20
Rajshahi,2024,6,20,0,B20
Rajshahi,2024,7,10,,B20
Rajshahi,2024,8,15,,B20
Rajshahi,2024,9,17,,B20
Rajshahi,2024,10,10,,B20
Rajshahi,2024,11,0,,B20
Rajshahi,2024,12,0,,B20
Rangpur,2015,1,0,0,B20
Rangpur,2015,2,2,0,B20
Rangpur,2015,3,11,1,B20
Rangpur,2015,4,1,3,B20
Rangpur,2015,5,16,10,B20
Rangpur,2015,6,12,7,B20
Rangpur,2016,1,3,0,B20
Rangpur,2016,2,1,0,B20
Rangpur,2016,3,21,1,B20
Rangpur,2016,4,10,3,B20
Rangpur,2016,5,72,5,B20
Rangpur,2016,6,50,2,B20
Rangpur,2016,7,21,1,B20
Rangpur,2016,8,27,4,B20
Rangpur,2016,9,60,7,B20
Rangpur,2016,10,11,1,B20
Rangpur,2016,11,0,0,B20
Rangpur,2016,12,0,0,B20
Rangpur,2017,1,4,0,B20
Rangpur,2017,2,0,0,B20
Rangpur,2017,3,24,1,B20
Rangpur,2017,4,45,0,B20
Rangpur,2017,5,61,7,B20
Rangpur,2017,6,38,5,B20
Rangpur,2017,7,17,3,B20
Rangpur,2017,8,20,0,B20
Rangpur,2017,9,39,0,B20
Rangpur,2017,10,14,1,B20
Rangpur,2017,11,0,0,B20
Rangpur,2017,12,0,0,B20
Rangpur,2018,1,0,0,B20
Rangpur,2018,2,0,0,B20
Rangpur,2018,3,10,1,B20
Rangpur,2018,4,59,1,B20
Rangpur,2018,5,60,2,B20
Rangpur,2018,6,62,1,B20
Rangpur,2018,7,21,3,B20
Rangpur,2018,8,10,10,B20
Rangpur,2018,9,21,3,B20
Rangpur,2018,10,3,1,B20
Rangpur,2018,11,0,0,B20
Rangpur,2018,12,0,0,B20
Rangpur,2019,1,0,0,B20
Rangpur,2019,2,10,0,B20
Rangpur,2019,3,4,1,B20
Rangpur,2019,4,43,3,B20
Rangpur,2019,5,63,2,B20
Rangpur,2019,6,64,2,B20
Rangpur,2019,7,50,3,B20
Rangpur,2019,8,28,1,B20
Rangpur,2019,9,34,2,B20
Rangpur,2019,10,24,0,B20
Rangpur,2019,11,0,0,B20
Rangpur,2019,12,0,0,B20
Rangpur,2020,1,0,0,B20
Rangpur,2020,2,10,0,B20
Rangpur,2020,3,4,0,B20
Rangpur,2020,4,41,1,B20
Rangpur,2020,5,63,3,B20
Rangpur,2020,6,64,1,B20
Rangpur,2020,7,50,4,B20
Rangpur,2020,8,28,4,B20
Rangpur,2020,9,34,5,B20
Rangpur,2020,10,24,0,B20
Rangpur,2020,11,0,0,B20
Rangpur,2020,12,0,0,B20
Rangpur,2021,1,0,0,B20
Rangpur,2021,2,0,0,B20
Rangpur,2021,3,6,0,B20
Rangpur,2021,4,42,0,B20
Rangpur,2021,5,62,1,B20
Rangpur,2021,6,48,2,B20
Rangpur,2021,7,77,0,B20
Rangpur,2021,8,12,1,B20
Rangpur,2021,9,77,5,B20
Rangpur,2021,10,14,1,B20
Rangpur,2021,11,0,0,B20
Rangpur,2021,12,0,0,B20
Rangpur,2022,1,0,0,B20
Rangpur,2022,2,0,0,B20
Rangpur,2022,3,5,0,B20
Rangpur,2022,4,22,0,B20
Rangpur,2022,5,65,2,B20
Rangpur,2022,6,51,1,B20
Rangpur,2022,7,20,2,B20
Rangpur,2022,8,37,1,B20
Rangpur,2022,9,43,1,B20
Rangpur,2022,10,21,2,B20
Rangpur,2022,11,0,0,B20
Rangpur,2022,12,0,0,B20
Rangpur,2023,1,4,0,B20
Rangpur,2023,2,16,0,B20
Rangpur,2023,3,0,0,B20
Rangpur,2023,4,51,0,B20
Rangpur,2023,5,42,1,B20
Rangpur,2023,6,79,0,B20
Rangpur,2023,7,21,1,B20
Rangpur,2023,8,35,0,B20
Rangpur,2023,9,29,2,B20
Rangpur,2023,10,24,1,B20
Rangpur,2023,11,0,0,B20
Rangpur,2023,12,0,0,B20
Rangpur,2024,1,0,0,B20
Rangpur,2024,2,0,0,B20
Rangpur,2024,3,1,0,B20
Rangpur,2024,4,7,0,B20
Rangpur,2024,5,29,1,B20
Rangpur,2024,6,45,1,B20
Rangpur,2024,7,15,,B20
Rangpur,2024,8,11,,B20
Rangpur,2024,9,20,,B20
Rangpur,2024,10,7,,B20
Rangpur,2024,11,0,,B20
Rangpur,2024,12,0,,B20
Sayedpur,2015,1,0,0,B20
Sayedpur,2015,2,0,0,B20
Sayedpur,2015,3,18,0,B20
Sayedpur,2015,4,0,0,B20
Sayedpur,2015,5,21,5,B20
Sayedpur,2015,6,70,7,B20
Sayedpur,2016,1,0,0,B20
Sayedpur,2016,2,1,0,B20
Sayedpur,2016,3,20,0,B20
Sayedpur,2016,4,3,2,B20
Sayedpur,2016,5,73,0,B20
Sayedpur,2016,6,29,2,B20
Sayedpur,2016,7,28,2,B20
Sayedpur,2016,8,22,5,B20
Sayedpur,2016,9,71,5,B20
Sayedpur,2016,10,5,0,B20
Sayedpur,2016,11,0,0,B20
Sayedpur,2016,12,2,0,B20
Sayedpur,2017,1,1,0,B20
Sayedpur,2017,2,0,0,B20
Sayedpur,2017,3,17,1,B20
Sayedpur,2017,4,42,3,B20
Sayedpur,2017,5,60,5,B20
Sayedpur,2017,6,33,5,B20
Sayedpur,2017,7,23,4,B20
Sayedpur,2017,8,35,2,B20
Sayedpur,2017,9,31,0,B20
Sayedpur,2017,10,16,1,B20
Sayedpur,2017,11,0,0,B20
Sayedpur,2017,12,0,0,B20
Sayedpur,2018,1,0,0,B20
Sayedpur,2018,2,0,0,B20
Sayedpur,2018,3,10,0,B20
Sayedpur,2018,4,55,1,B20
Sayedpur,2018,5,55,0,B20
Sayedpur,2018,6,44,3,B20
Sayedpur,2018,7,25,1,B20
Sayedpur,2018,8,37,4,B20
Sayedpur,2018,9,27,1,B20
Sayedpur,2018,10,3,0,B20
Sayedpur,2018,11,0,0,B20
Sayedpur,2018,12,0,0,B20
Sayedpur,2019,1,0,0,B20
Sayedpur,2019,2,13,0,B20
Sayedpur,2019,3,4,0,B20
Sayedpur,2019,4,30,1,B20
Sayedpur,2019,5,44,4,B20
Sayedpur,2019,6,52,0,B20
Sayedpur,2019,7,36,0,B20
Sayedpur,2019,8,23,3,B20
Sayedpur,2019,9,32,0,B20
Sayedpur,2019,10,14,0,B20
Sayedpur,2019,11,0,0,B20
Sayedpur,2019,12,0,0,B20
Sayedpur,2020,1,0,0,B20
Sayedpur,2020,2,13,0,B20
Sayedpur,2020,3,3,0,B20
Sayedpur,2020,4,30,2,B20
Sayedpur,2020,5,44,1,B20
Sayedpur,2020,6,52,0,B20
Sayedpur,2020,7,36,3,B20
Sayedpur,2020,8,23,2,B20
Sayedpur,2020,9,32,4,B20
Sayedpur,2020,10,14,2,B20
Sayedpur,2020,11,0,0,B20
Sayedpur,2020,12,0,0,B20
Sayedpur,2021,1,0,0,B20
Sayedpur,2021,2,0,0,B20
Sayedpur,2021,3,7,1,B20
Sayedpur,2021,4,32,0,B20
Sayedpur,2021,5,42,0,B20
Sayedpur,2021,6,63,3,B20
Sayedpur,2021,7,84,4,B20
Sayedpur,2021,8,17,7,B20
Sayedpur,2021,9,84,5,B20
Sayedpur,2021,10,19,0,B20
Sayedpur,2021,11,0,0,B20
Sayedpur,2021,12,0,0,B20
Sayedpur,2022,1,0,0,B20
Sayedpur,2022,2,0,0,B20
Sayedpur,2022,3,0,0,B20
Sayedpur,2022,4,15,3,B20
Sayedpur,2022,5,59,3,B20
Sayedpur,2022,6,30,4,B20
Sayedpur,2022,7,26,2,B20
Sayedpur,2022,8,28,4,B20
Sayedpur,2022,9,20,3,B20
Sayedpur,2022,10,9,2,B20
Sayedpur,2022,11,0,0,B20
Sayedpur,2022,12,0,0,B20
Sayedpur,2023,1,0,0,B20
Sayedpur,2023,2,13,0,B20
Sayedpur,2023,3,0,0,B20
Sayedpur,2023,4,33,0,B20
Sayedpur,2023,5,44,0,B20
Sayedpur,2023,6,47,0,B20
Sayedpur,2023,7,35,1,B20
Sayedpur,2023,8,36,0,B20
Sayedpur,2023,9,21,2,B20
Sayedpur,2023,10,9,0,B20
Sayedpur,2023,11,0,0,B20
Sayedpur,2023,12,0,0,B20
Sayedpur,2024,1,0,0,B20
Sayedpur,2024,2,0,0,B20
Sayedpur,2024,3,4,0,B20
Sayedpur,2024,4,8,0,B20
Sayedpur,2024,5,10,0,B20
Sayedpur,2024,6,23,5,B20
Sayedpur,2024,7,15,,B20
Sayedpur,2024,8,9,,B20
Sayedpur,2024,9,32,,B20
Sayedpur,2024,10,9,,B20
Sayedpur,2024,11,0,,B20
Sayedpur,2024,12,0,,B20
Chuadanga,2015,1,0,0,B20
Chuadanga,2015,2,0,0,B20
Chuadanga,2015,3,7,0,B20
Chuadanga,2015,4,0,1,B20
Chuadanga,2015,5,30,2,B20
Chuadanga,2015,6,61,2,B20
Chuadanga,2016,1,0,0,B20
Chuadanga,2016,2,8,2,B20
Chuadanga,2016,3,14,1,B20
Chuadanga,2016,4,8,1,B20
Chuadanga,2016,5,40,3,B20
Chuadanga,2016,6,29,1,B20
Chuadanga,2016,7,24,5,B20
Chuadanga,2016,8,22,3,B20
Chuadanga,2016,9,36,2,B20
Chuadanga,2016,10,10,3,B20
Chuadanga,2016,11,0,1,B20
Chuadanga,2016,12,0,0,B20
Chuadanga,2017,1,0,0,B20
Chuadanga,2017,2,0,0,B20
Chuadanga,2017,3,8,1,B20
Chuadanga,2017,4,23,4,B20
Chuadanga,2017,5,36,1,B20
Chuadanga,2017,6,35,6,B20
Chuadanga,2017,7,39,2,B20
Chuadanga,2017,8,33,2,B20
Chuadanga,2017,9,32,1,B20
Chuadanga,2017,10,17,0,B20
Chuadanga,2017,11,0,0,B20
Chuadanga,2017,12,0,0,B20
Chuadanga,2018,1,0,0,B20
Chuadanga,2018,2,2,0,B20
Chuadanga,2018,3,1,0,B20
Chuadanga,2018,4,35,4,B20
Chuadanga,2018,5,48,1,B20
Chuadanga,2018,6,27,4,B20
Chuadanga,2018,7,31,1,B20
Chuadanga,2018,8,15,1,B20
Chuadanga,2018,9,23,3,B20
Chuadanga,2018,10,3,1,B20
Chuadanga,2018,11,0,0,B20
Chuadanga,2018,12,0,0,B20
Chuadanga,2019,1,0,0,B20
Chuadanga,2019,2,21,0,B20
Chuadanga,2019,3,17,0,B20
Chuadanga,2019,4,22,1,B20
Chuadanga,2019,5,32,3,B20
Chuadanga,2019,6,18,1,B20
Chuadanga,2019,7,14,3,B20
Chuadanga,2019,8,14,1,B20
Chuadanga,2019,9,20,1,B20
Chuadanga,2019,10,15,1,B20
Chuadanga,2019,11,0,0,B20
Chuadanga,2019,12,0,0,B20
Chuadanga,2020,1,0,0,B20
Chuadanga,2020,2,21,0,B20
Chuadanga,2020,3,17,0,B20
Chuadanga,2020,4,22,3,B20
Chuadanga,2020,5,32,1,B20
Chuadanga,2020,6,18,1,B20
Chuadanga,2020,7,14,2,B20
Chuadanga,2020,8,14,1,B20
Chuadanga,2020,9,20,2,B20
Chuadanga,2020,10,15,0,B20
Chuadanga,2020,11,0,0,B20
Chuadanga,2020,12,0,0,B20
Chuadanga,2021,1,3,0,B20
Chuadanga,2021,2,1,0,B20
Chuadanga,2021,3,13,0,B20
Chuadanga,2021,4,31,1,B20
Chuadanga,2021,5,44,2,B20
Chuadanga,2021,6,35,2,B20
Chuadanga,2021,7,32,0,B20
Chuadanga,2021,8,15,1,B20
Chuadanga,2021,9,25,1,B20
Chuadanga,2021,10,11,1,B20
Chuadanga,2021,11,0,0,B20
Chuadanga,2021,12,0,0,B20
Chuadanga,2022,1,0,0,B20
Chuadanga,2022,2,0,1,B20
Chuadanga,2022,3,3,0,B20
Chuadanga,2022,4,9,1,B20
Chuadanga,2022,5,51,1,B20
Chuadanga,2022,6,43,2,B20
Chuadanga,2022,7,20,0,B20
Chuadanga,2022,8,45,1,B20
Chuadanga,2022,9,24,0,B20
Chuadanga,2022,10,12,0,B20
Chuadanga,2022,11,0,0,B20
Chuadanga,2022,12,0,0,B20
Chuadanga,2023,1,2,0,B20
Chuadanga,2023,2,16,0,B20
Chuadanga,2023,3,0,0,B20
Chuadanga,2023,4,7,0,B20
Chuadanga,2023,5,26,0,B20
Chuadanga,2023,6,21,0,B20
Chuadanga,2023,7,18,0,B20
Chuadanga,2023,8,16,0,B20
Chuadanga,2023,9,38,0,B20
Chuadanga,2023,10,6,0,B20
Chuadanga,2023,11,0,0,B20
Chuadanga,2023,12,0,0,B20
Chuadanga,2024,1,0,0,B20
Chuadanga,2024,2,0,0,B20
Chuadanga,2024,3,20,0,B20
Chuadanga,2024,4,14,0,B20
Chuadanga,2024,5,31,0,B20
Chuadanga,2024,6,23,1,B20
Chuadanga,2024,7,8,0,B20
Chuadanga,2024,8,10,,B20
Chuadanga,2024,9,29,,B20
Chuadanga,2024,10,5,,B20
Chuadanga,2024,11,1,,B20
Chuadanga,2024,12,0,,B20
Jessore,2015,1,2,0,B20
Jessore,2015,2,9,0,B20
Jessore,2015,3,7,0,B20
Jessore,2015,4,23,2,B20
Jessore,2015,5,31,5,B20
Jessore,2015,6,31,1,B20
Jessore,2015,7,40,5,B20
Jessore,2015,8,22,2,B20
Jessore,2015,9,24,1,B20
Jessore,2015,10,15,0,B20
Jessore,2015,11,0,0,B20
Jessore,2015,12,1,0,B20
Jessore,2016,1,0,0,B20
Jessore,2016,2,19,0,B20
Jessore,2016,3,16,0,B20
Jessore,2016,4,3,0,B20
Jessore,2016,5,47,3,B20
Jessore,2016,6,46,0,B20
Jessore,2016,7,46,0,B20
Jessore,2016,8,29,1,B20
Jessore,2016,9,30,1,B20
Jessore,2016,10,15,0,B20
Jessore,2016,11,5,0,B20
Jessore,2016,12,0,0,B20
Jessore,2017,1,0,0,B20
Jessore,2017,2,0,0,B20
Jessore,2017,3,13,0,B20
Jessore,2017,4,16,1,B20
Jessore,2017,5,32,2,B20
Jessore,2017,6,48,0,B20
Jessore,2017,7,48,0,B20
Jessore,2017,8,46,0,B20
Jessore,2017,9,37,0,B20
Jessore,2017,10,25,1,B20
Jessore,2017,11,0,0,B20
Jessore,2017,12,0,0,B20
Jessore,2018,1,0,0,B20
Jessore,2018,2,2,0,B20
Jessore,2018,3,7,0,B20
Jessore,2018,4,40,4,B20
Jessore,2018,5,33,2,B20
Jessore,2018,6,35,1,B20
Jessore,2018,7,30,3,B20
Jessore,2018,8,13,0,B20
Jessore,2018,9,22,1,B20
Jessore,2018,10,1,0,B20
Jessore,2018,11,0,0,B20
Jessore,2018,12,0,0,B20
Jessore,2019,1,0,0,B20
Jessore,2019,2,32,1,B20
Jessore,2019,3,15,0,B20
Jessore,2019,4,24,0,B20
Jessore,2019,5,21,1,B20
Jessore,2019,6,20,0,B20
Jessore,2019,7,22,0,B20
Jessore,2019,8,17,0,B20
Jessore,2019,9,21,0,B20
Jessore,2019,10,18,0,B20
Jessore,2019,11,0,0,B20
Jessore,2019,12,0,0,B20
Jessore,2020,1,5,0,B20
Jessore,2020,2,0,0,B20
Jessore,2020,3,23,0,B20
Jessore,2020,4,28,1,B20
Jessore,2020,5,38,1,B20
Jessore,2020,6,50,1,B20
Jessore,2020,7,21,0,B20
Jessore,2020,8,21,1,B20
Jessore,2020,9,28,0,B20
Jessore,2020,10,19,0,B20
Jessore,2020,11,0,0,B20
Jessore,2020,12,0,0,B20
Jessore,2021,1,0,0,B20
Jessore,2021,2,4,0,B20
Jessore,2021,3,3,0,B20
Jessore,2021,4,4,1,B20
Jessore,2021,5,45,2,B20
Jessore,2021,6,63,0,B20
Jessore,2021,7,44,1,B20
Jessore,2021,8,55,0,B20
Jessore,2021,9,46,0,B20
Jessore,2021,10,36,0,B20
Jessore,2021,11,0,0,B20
Jessore,2021,12,1,0,B20
Jessore,2022,1,2,0,B20
Jessore,2022,2,7,0,B20
Jessore,2022,3,0,0,B20
Jessore,2022,4,3,0,B20
Jessore,2022,5,55,0,B20
Jessore,2022,6,15,0,B20
Jessore,2022,7,25,0,B20
Jessore,2022,8,26,0,B20
Jessore,2022,9,35,0,B20
Jessore,2022,10,19,0,B20
Jessore,2022,11,0,0,B20
Jessore,2022,12,0,0,B20
Jessore,2023,1,0,0,B20
Jessore,2023,2,2,0,B20
Jessore,2023,3,27,0,B20
Jessore,2023,4,19,0,B20
Jessore,2023,5,37,0,B20
Jessore,2023,6,48,0,B20
Jessore,2023,7,9,0,B20
Jessore,2023,8,26,0,B20
Jessore,2023,9,41,2,B20
Jessore,2023,10,11,0,B20
Jessore,2023,11,7,0,B20
Jessore,2023,12,0,0,B20
Jessore,2024,1,3,0,B20
Jessore,2024,2,4,0,B20
Jessore,2024,3,29,0,B20
Jessore,2024,4,3,0,B20
Jessore,2024,5,35,0,B20
Jessore,2024,6,31,0,B20
Jessore,2024,7,54,0,B20
Jessore,2024,8,0,,B20
Jessore,2024,9,0,,B20
Jessore,2024,10,0,,B20
Jessore,2024,11,0,,B20
Jessore,2024,12,0,,B20
Khulna,2015,1,0,0,B20
Khulna,2015,2,7,0,B20
Khulna,2015,3,4,2,B20
Khulna,2015,4,20,1,B20
Khulna,2015,5,12,1,B20
Khulna,2015,6,13,0,B20
Khulna,2015,7,18,0,B20
Khulna,2015,8,20,0,B20
Khulna,2015,9,19,2,B20
Khulna,2015,10,13,0,B20
Khulna,2015,11,0,0,B20
Khulna,2015,12,0,0,B20
Khulna,2016,1,0,0,B20
Khulna,2016,2,17,0,B20
Khulna,2016,3,11,0,B20
Khulna,2016,4,4,0,B20
Khulna,2016,5,37,2,B20
Khulna,2016,6,20,0,B20
Khulna,2016,7,7,0,B20
Khulna,2016,8,12,1,B20
Khulna,2016,9,7,2,B20
Khulna,2016,10,8,0,B20
Khulna,2016,11,0,0,B20
Khulna,2016,12,0,0,B20
Khulna,2017,1,0,0,B20
Khulna,2017,2,0,0,B20
Khulna,2017,3,6,0,B20
Khulna,2017,4,17,0,B20
Khulna,2017,5,9,1,B20
Khulna,2017,6,23,0,B20
Khulna,2017,7,11,0,B20
Khulna,2017,8,10,2,B20
Khulna,2017,9,9,1,B20
Khulna,2017,10,8,0,B20
Khulna,2017,11,0,0,B20
Khulna,2017,12,0,0,B20
Khulna,2018,1,0,0,B20
Khulna,2018,2,0,0,B20
Khulna,2018,3,5,2,B20
Khulna,2018,4,34,1,B20
Khulna,2018,5,42,3,B20
Khulna,2018,6,22,0,B20
Khulna,2018,7,11,0,B20
Khulna,2018,8,9,0,B20
Khulna,2018,9,12,0,B20
Khulna,2018,10,0,0,B20
Khulna,2018,11,0,0,B20
Khulna,2018,12,0,0,B20
Khulna,2019,1,0,0,B20
Khulna,2019,2,17,0,B20
Khulna,2019,3,12,0,B20
Khulna,2019,4,20,1,B20
Khulna,2019,5,16,0,B20
Khulna,2019,6,18,0,B20
Khulna,2019,7,12,0,B20
Khulna,2019,8,12,0,B20
Khulna,2019,9,18,0,B20
Khulna,2019,10,17,0,B20
Khulna,2019,11,0,0,B20
Khulna,2019,12,0,0,B20
Khulna,2020,1,0,0,B20
Khulna,2020,2,0,0,B20
Khulna,2020,3,6,0,B20
Khulna,2020,4,16,0,B20
Khulna,2020,5,26,0,B20
Khulna,2020,6,24,0,B20
Khulna,2020,7,7,0,B20
Khulna,2020,8,9,1,B20
Khulna,2020,9,8,1,B20
Khulna,2020,10,6,0,B20
Khulna,2020,11,0,0,B20
Khulna,2020,12,0,0,B20
Khulna,2021,1,0,0,B20
Khulna,2021,2,3,0,B20
Khulna,2021,3,0,0,B20
Khulna,2021,4,3,0,B20
Khulna,2021,5,26,2,B20
Khulna,2021,6,14,0,B20
Khulna,2021,7,14,0,B20
Khulna,2021,8,13,0,B20
Khulna,2021,9,11,2,B20
Khulna,2021,10,7,2,B20
Khulna,2021,11,0,0,B20
Khulna,2021,12,0,0,B20
Khulna,2022,1,0,0,B20
Khulna,2022,2,7,0,B20
Khulna,2022,3,0,0,B20
Khulna,2022,4,3,0,B20
Khulna,2022,5,9,0,B20
Khulna,2022,6,14,0,B20
Khulna,2022,7,4,0,B20
Khulna,2022,8,7,0,B20
Khulna,2022,9,17,0,B20
Khulna,2022,10,2,0,B20
Khulna,2022,11,0,0,B20
Khulna,2022,12,0,0,B20
Khulna,2023,1,0,0,B20
Khulna,2023,2,0,0,B20
Khulna,2023,3,10,0,B20
Khulna,2023,4,9,0,B20
Khulna,2023,5,27,0,B20
Khulna,2023,6,17,0,B20
Khulna,2023,7,8,0,B20
Khulna,2023,8,4,0,B20
Khulna,2023,9,16,0,B20
Khulna,2023,10,1,0,B20
Khulna,2023,11,0,0,B20
Khulna,2023,12,0,0,B20
Khulna,2024,1,0,0,B20
Khulna,2024,2,1,0,B20
Khulna,2024,3,2,0,B20
Khulna,2024,4,2,0,B20
Khulna,2024,5,13,0,B20
Khulna,2024,6,13,0,B20
Khulna,2024,7,9,0,B20
Mongla,2015,1,0,0,B20
Mongla,2015,2,4,2,B20
Mongla,2015,3,6,0,B20
Mongla,2015,4,43,5,B20
Mongla,2015,5,17,2,B20
Mongla,2015,6,17,1,B20
Mongla,2015,7,63,1,B20
Mongla,2015,8,23,0,B20
Mongla,2015,9,23,1,B20
Mongla,2015,10,6,0,B20
Mongla,2015,11,0,0,B20
Mongla,2015,12,1,0,B20
Mongla,2016,1,0,0,B20
Mongla,2016,2,15,0,B20
Mongla,2016,3,10,1,B20
Mongla,2016,4,6,1,B20
Mongla,2016,5,24,2,B20
Mongla,2016,6,39,1,B20
Mongla,2016,7,12,0,B20
Mongla,2016,8,14,0,B20
Mongla,2016,9,11,0,B20
Mongla,2016,10,25,0,B20
Mongla,2016,11,0,0,B20
Mongla,2016,12,0,0,B20
Mongla,2017,1,0,0,B20
Mongla,2017,2,0,0,B20
Mongla,2017,3,15,1,B20
Mongla,2017,4,13,2,B20
Mongla,2017,5,15,2,B20
Mongla,2017,6,35,1,B20
Mongla,2017,7,17,1,B20
Mongla,2017,8,19,0,B20
Mongla,2017,9,29,2,B20
Mongla,2017,10,10,0,B20
Mongla,2017,11,0,0,B20
Mongla,2017,12,0,0,B20
Mongla,2018,1,0,0,B20
Mongla,2018,2,0,0,B20
Mongla,2018,3,4,0,B20
Mongla,2018,4,23,3,B20
Mongla,2018,5,39,0,B20
Mongla,2018,6,29,0,B20
Mongla,2018,7,5,0,B20
Mongla,2018,8,22,1,B20
Mongla,2018,9,32,2,B20
Mongla,2018,10,2,0,B20
Mongla,2018,11,0,0,B20
Mongla,2018,12,0,0,B20
Mongla,2019,1,0,0,B20
Mongla,2019,2,21,0,B20
Mongla,2019,3,5,0,B20
Mongla,2019,4,12,1,B20
Mongla,2019,5,24,0,B20
Mongla,2019,6,25,0,B20
Mongla,2019,7,21,0,B20
Mongla,2019,8,3,1,B20
Mongla,2019,9,21,2,B20
Mongla,2019,10,18,0,B20
Mongla,2019,11,2,0,B20
Mongla,2019,12,0,0,B20
Mongla,2020,1,6,0,B20
Mongla,2020,2,1,0,B20
Mongla,2020,3,5,0,B20
Mongla,2020,4,22,1,B20
Mongla,2020,5,26,1,B20
Mongla,2020,6,28,0,B20
Mongla,2020,7,24,1,B20
Mongla,2020,8,12,0,B20
Mongla,2020,9,19,1,B20
Mongla,2020,10,12,0,B20
Mongla,2020,11,0,0,B20
Mongla,2020,12,0,0,B20
Mongla,2021,1,0,0,B20
Mongla,2021,2,0,0,B20
Mongla,2021,3,1,0,B20
Mongla,2021,4,2,0,B20
Mongla,2021,5,21,3,B20
Mongla,2021,6,40,0,B20
Mongla,2021,7,22,0,B20
Mongla,2021,8,24,0,B20
Mongla,2021,9,23,1,B20
Mongla,2021,10,21,2,B20
Mongla,2021,11,0,0,B20
Mongla,2021,12,0,0,B20
Mongla,2022,1,0,0,B20
Mongla,2022,2,2,0,B20
Mongla,2022,3,0,0,B20
Mongla,2022,4,3,0,B20
Mongla,2022,5,29,2,B20
Mongla,2022,6,28,2,B20
Mongla,2022,7,10,0,B20
Mongla,2022,8,21,0,B20
Mongla,2022,9,28,1,B20
Mongla,2022,10,10,0,B20
Mongla,2022,11,0,0,B20
Mongla,2022,12,0,0,B20
Mongla,2023,1,0,0,B20
Mongla,2023,2,0,0,B20
Mongla,2023,3,18,0,B20
Mongla,2023,4,12,0,B20
Mongla,2023,5,19,0,B20
Mongla,2023,6,38,0,B20
Mongla,2023,7,22,0,B20
Mongla,2023,8,20,0,B20
Mongla,2023,9,14,1,B20
Mongla,2023,10,5,0,B20
Mongla,2023,11,0,0,B20
Mongla,2023,12,0,0,B20
Mongla,2024,1,0,0,B20
Mongla,2024,2,1,0,B20
Mongla,2024,3,9,0,B20
Mongla,2024,4,1,0,B20
Mongla,2024,5,31,0,B20
Mongla,2024,6,30,0,B20
Mongla,2024,7,4,0,B20
Satkhira,2015,1,0,0,B20
Satkhira,2015,2,7,1,B20
Satkhira,2015,3,5,0,B20
Satkhira,2015,4,32,3,B20
Satkhira,2015,5,15,5,B20
Satkhira,2015,6,29,1,B20
Satkhira,2015,7,47,4,B20
Satkhira,2015,8,41,0,B20
Satkhira,2015,9,35,1,B20
Satkhira,2015,10,14,0,B20
Satkhira,2015,11,0,0,B20
Satkhira,2015,12,0,0,B20
Satkhira,2016,1,0,0,B20
Satkhira,2016,2,17,0,B20
Satkhira,2016,3,14,1,B20
Satkhira,2016,4,2,0,B20
Satkhira,2016,5,29,4,B20
Satkhira,2016,6,27,0,B20
Satkhira,2016,7,14,1,B20
Satkhira,2016,8,9,0,B20
Satkhira,2016,9,25,2,B20
Satkhira,2016,10,11,3,B20
Satkhira,2016,11,2,1,B20
Satkhira,2016,12,0,0,B20
Satkhira,2017,1,0,0,B20
Satkhira,2017,2,0,0,B20
Satkhira,2017,3,14,1,B20
Satkhira,2017,4,7,2,B20
Satkhira,2017,5,24,4,B20
Satkhira,2017,6,37,0,B20
Satkhira,2017,7,19,3,B20
Satkhira,2017,8,21,2,B20
Satkhira,2017,9,30,1,B20
Satkhira,2017,10,12,0,B20
Satkhira,2017,11,0,0,B20
Satkhira,2017,12,0,0,B20
Satkhira,2018,1,0,0,B20
Satkhira,2018,2,0,0,B20
Satkhira,2018,3,3,1,B20
Satkhira,2018,4,32,4,B20
Satkhira,2018,5,19,4,B20
Satkhira,2018,6,27,5,B20
Satkhira,2018,7,13,1,B20
Satkhira,2018,8,16,2,B20
Satkhira,2018,9,12,3,B20
Satkhira,2018,10,2,0,B20
Satkhira,2018,11,0,0,B20
Satkhira,2018,12,0,0,B20
Satkhira,2019,1,0,0,B20
Satkhira,2019,2,18,0,B20
Satkhira,2019,3,22,0,B20
Satkhira,2019,4,17,4,B20
Satkhira,2019,5,23,0,B20
Satkhira,2019,6,25,0,B20
Satkhira,2019,7,9,0,B20
Satkhira,2019,8,23,0,B20
Satkhira,2019,9,19,2,B20
Satkhira,2019,10,11,1,B20
Satkhira,2019,11,0,0,B20
Satkhira,2019,12,0,0,B20
Satkhira,2020,1,0,0,B20
Satkhira,2020,2,1,0,B20
Satkhira,2020,3,15,0,B20
Satkhira,2020,4,18,3,B20
Satkhira,2020,5,28,3,B20
Satkhira,2020,6,37,1,B20
Satkhira,2020,7,15,2,B20
Satkhira,2020,8,17,3,B20
Satkhira,2020,9,8,3,B20
Satkhira,2020,10,7,0,B20
Satkhira,2020,11,3,0,B20
Satkhira,2020,12,0,0,B20
Satkhira,2021,1,0,0,B20
Satkhira,2021,2,3,0,B20
Satkhira,2021,3,0,0,B20
Satkhira,2021,4,2,0,B20
Satkhira,2021,5,35,2,B20
Satkhira,2021,6,30,2,B20
Satkhira,2021,7,25,0,B20
Satkhira,2021,8,27,1,B20
Satkhira,2021,9,18,2,B20
Satkhira,2021,10,14,1,B20
Satkhira,2021,11,0,0,B20
Satkhira,2021,12,0,0,B20
Satkhira,2022,1,0,0,B20
Satkhira,2022,2,7,0,B20
Satkhira,2022,3,0,0,B20
Satkhira,2022,4,3,1,B20
Satkhira,2022,5,31,1,B20
Satkhira,2022,6,12,0,B20
Satkhira,2022,7,18,0,B20
Satkhira,2022,8,21,0,B20
Satkhira,2022,9,27,1,B20
Satkhira,2022,10,3,0,B20
Satkhira,2022,11,0,0,B20
Satkhira,2022,12,0,0,B20
Satkhira,2023,1,0,0,B20
Satkhira,2023,2,2,0,B20
Satkhira,2023,3,24,0,B20
Satkhira,2023,4,19,0,B20
Satkhira,2023,5,25,1,B20
Satkhira,2023,6,39,0,B20
Satkhira,2023,7,20,1,B20
Satkhira,2023,8,13,0,B20
Satkhira,2023,9,26,0,B20
Satkhira,2023,10,11,0,B20
Satkhira,2023,11,0,0,B20
Satkhira,2023,12,0,0,B20
Satkhira,2024,1,0,0,B20
Satkhira,2024,2,3,0,B20
Satkhira,2024,3,15,1,B20
Satkhira,2024,4,5,0,B20
Satkhira,2024,5,33,0,B20
Satkhira,2024,6,20,2,B20
Barisal,2015,1,0,0,B20
Barisal,2015,2,4,1,B20
Barisal,2015,3,3,1,B20
Barisal,2015,4,35,8,B20
Barisal,2015,5,25,3,B20
Barisal,2015,6,42,0,B20
Barisal,2015,7,24,0,B20
Barisal,2015,8,27,3,B20
Barisal,2015,9,35,7,B20
Barisal,2015,10,21,8,B20
Barisal,2015,11,0,0,B20
Barisal,2015,12,0,0,B20
Barisal,2016,1,0,0,B20
Barisal,2016,2,12,0,B20
Barisal,2016,3,16,3,B20
Barisal,2016,4,12,0,B20
Barisal,2016,5,53,2,B20
Barisal,2016,6,39,1,B20
Barisal,2016,7,12,0,B20
Barisal,2016,8,25,3,B20
Barisal,2016,9,25,5,B20
Barisal,2016,10,18,4,B20
Barisal,2016,11,0,0,B20
Barisal,2016,12,0,0,B20
Barisal,2017,1,0,0,B20
Barisal,2017,2,0,0,B20
Barisal,2017,3,14,0,B20
Barisal,2017,4,40,1,B20
Barisal,2017,5,23,4,B20
Barisal,2017,6,41,5,B20
Barisal,2017,7,20,1,B20
Barisal,2017,8,26,3,B20
Barisal,2017,9,36,2,B20
Barisal,2017,10,6,0,B20
Barisal,2017,11,0,0,B20
Barisal,2017,12,0,0,B20
Barisal,2018,1,0,0,B20
Barisal,2018,2,0,0,B20
Barisal,2018,3,4,1,B20
Barisal,2018,4,40,4,B20
Barisal,2018,5,63,3,B20
Barisal,2018,6,17,3,B20
Barisal,2018,7,7,1,B20
Barisal,2018,8,7,1,B20
Barisal,2018,9,26,5,B20
Barisal,2018,10,0,0,B20
Barisal,2018,11,0,0,B20
Barisal,2018,12,0,0,B20
Barisal,2019,1,0,0,B20
Barisal,2019,2,12,0,B20
Barisal,2019,3,8,0,B20
Barisal,2019,4,24,1,B20
Barisal,2019,5,21,3,B20
Barisal,2019,6,36,2,B20
Barisal,2019,7,34,0,B20
Barisal,2019,8,7,3,B20
Barisal,2019,9,22,0,B20
Barisal,2019,10,26,0,B20
Barisal,2019,11,0,0,B20
Barisal,2019,12,0,0,B20
Barisal,2020,1,1,0,B20
Barisal,2020,2,0,0,B20
Barisal,2020,3,7,0,B20
Barisal,2020,4,52,2,B20
Barisal,2020,5,35,3,B20
Barisal,2020,6,44,2,B20
Barisal,2020,7,11,0,B20
Barisal,2020,8,17,2,B20
Barisal,2020,9,31,2,B20
Barisal,2020,10,20,3,B20
Barisal,2020,11,0,0,B20
Barisal,2020,12,0,0,B20
Barisal,2021,1,0,0,B20
Barisal,2021,2,3,0,B20
Barisal,2021,3,1,0,B20
Barisal,2021,4,3,0,B20
Barisal,2021,5,27,3,B20
Barisal,2021,6,31,2,B20
Barisal,2021,7,18,0,B20
Barisal,2021,8,13,0,B20
Barisal,2021,9,20,2,B20
Barisal,2021,10,17,1,B20
Barisal,2021,11,0,0,B20
Barisal,2021,12,0,0,B20
Barisal,2022,1,0,0,B20
Barisal,2022,2,6,0,B20
Barisal,2022,3,0,0,B20
Barisal,2022,4,4,0,B20
Barisal,2022,5,32,2,B20
Barisal,2022,6,31,1,B20
Barisal,2022,7,7,1,B20
Barisal,2022,8,14,1,B20
Barisal,2022,9,15,2,B20
Barisal,2022,10,8,0,B20
Barisal,2022,11,0,0,B20
Barisal,2022,12,0,0,B20
Barisal,2023,1,0,0,B20
Barisal,2023,2,0,0,B20
Barisal,2023,3,28,0,B20
Barisal,2023,4,11,0,B20
Barisal,2023,5,28,1,B20
Barisal,2023,6,26,0,B20
Barisal,2023,7,10,0,B20
Barisal,2023,8,37,1,B20
Barisal,2023,9,34,0,B20
Barisal,2023,10,12,0,B20
Barisal,2023,11,0,0,B20
Barisal,2023,12,0,0,B20
Barisal,2024,1,0,0,B20
Barisal,2024,2,1,1,B20
Barisal,2024,3,8,0,B20
Barisal,2024,4,10,0,B20
Barisal,2024,5,32,2,B20
Barisal,2024,6,17,3,B20
Bhola,2015,1,0,0,B20
Bhola,2015,2,4,0,B20
Bhola,2015,3,3,0,B20
Bhola,2015,4,29,3,B20
Bhola,2015,5,21,1,B20
Bhola,2015,6,39,1,B20
Bhola,2015,7,14,3,B20
Bhola,2015,8,18,3,B20
Bhola,2015,9,19,2,B20
Bhola,2015,10,5,2,B20
Bhola,2015,11,0,0,B20
Bhola,2015,12,0,0,B20
Bhola,2016,1,0,0,B20
Bhola,2016,2,7,0,B20
Bhola,2016,3,11,0,B20
Bhola,2016,4,9,1,B20
Bhola,2016,5,38,2,B20
Bhola,2016,6,28,2,B20
Bhola,2016,7,10,0,B20
Bhola,2016,8,8,0,B20
Bhola,2016,9,9,1,B20
Bhola,2016,10,18,2,B20
Bhola,2016,11,3,0,B20
Bhola,2016,12,0,0,B20
Bhola,2017,1,0,0,B20
Bhola,2017,2,0,0,B20
Bhola,2017,3,10,0,B20
Bhola,2017,4,25,2,B20
Bhola,2017,5,10,1,B20
Bhola,2017,6,32,4,B20
Bhola,2017,7,9,0,B20
Bhola,2017,8,25,0,B20
Bhola,2017,9,10,2,B20
Bhola,2017,10,12,2,B20
Bhola,2017,11,0,0,B20
Bhola,2017,12,0,0,B20
Bhola,2018,1,0,0,B20
Bhola,2018,2,0,0,B20
Bhola,2018,3,11,0,B20
Bhola,2018,4,39,3,B20
Bhola,2018,5,68,2,B20
Bhola,2018,6,32,7,B20
Bhola,2018,7,2,1,B20
Bhola,2018,8,12,0,B20
Bhola,2018,9,9,1,B20
Bhola,2018,10,0,1,B20
Bhola,2018,11,0,0,B20
Bhola,2018,12,0,0,B20
Bhola,2019,1,0,0,B20
Bhola,2019,2,10,0,B20
Bhola,2019,3,10,0,B20
Bhola,2019,4,27,0,B20
Bhola,2019,5,19,4,B20
Bhola,2019,6,19,1,B20
Bhola,2019,7,29,1,B20
Bhola,2019,8,7,3,B20
Bhola,2019,9,24,1,B20
Bhola,2019,10,23,1,B20
Bhola,2019,11,2,0,B20
Bhola,2019,12,0,0,B20
Bhola,2020,1,2,0,B20
Bhola,2020,2,0,0,B20
Bhola,2020,3,4,0,B20
Bhola,2020,4,54,5,B20
Bhola,2020,5,24,2,B20
Bhola,2020,6,31,4,B20
Bhola,2020,7,0,2,B20
Bhola,2020,8,7,3,B20
Bhola,2020,9,16,2,B20
Bhola,2020,10,7,1,B20
Bhola,2020,11,0,0,B20
Bhola,2020,12,0,0,B20
Bhola,2021,1,0,0,B20
Bhola,2021,2,0,0,B20
Bhola,2021,3,0,0,B20
Bhola,2021,4,3,0,B20
Bhola,2021,5,22,3,B20
Bhola,2021,6,32,2,B20
Bhola,2021,7,5,1,B20
Bhola,2021,8,6,3,B20
Bhola,2021,9,9,5,B20
Bhola,2021,10,12,2,B20
Bhola,2021,11,0,0,B20
Bhola,2021,12,0,0,B20
Bhola,2022,1,0,0,B20
Bhola,2022,2,3,1,B20
Bhola,2022,3,0,0,B20
Bhola,2022,4,3,0,B20
Bhola,2022,5,11,0,B20
Bhola,2022,6,24,1,B20
Bhola,2022,7,6,0,B20
Bhola,2022,8,5,1,B20
Bhola,2022,9,9,1,B20
Bhola,2022,10,2,0,B20
Bhola,2022,11,0,0,B20
Bhola,2022,12,0,0,B20
Bhola,2023,1,0,0,B20
Bhola,2023,2,0,0,B20
Bhola,2023,3,23,0,B20
Bhola,2023,4,6,1,B20
Bhola,2023,5,20,1,B20
Bhola,2023,6,13,2,B20
Bhola,2023,7,1,0,B20
Bhola,2023,8,5,1,B20
Bhola,2023,9,14,0,B20
Bhola,2023,10,4,0,B20
Bhola,2023,11,0,0,B20
Bhola,2023,12,0,0,B20
Bhola,2024,1,0,0,B20
Bhola,2024,2,1,0,B20
Bhola,2024,3,11,1,B20
Bhola,2024,4,5,0,B20
Bhola,2024,5,34,0,B20
Bhola,2024,6,9,2,B20
Bhola,2024,7,5,0,B20
Khepupara,2015,1,0,0,B20
Khepupara,2015,2,3,0,B20
Khepupara,2015,3,2,0,B20
Khepupara,2015,4,35,1,B20
Khepupara,2015,5,8,0,B20
Khepupara,2015,6,40,4,B20
Khepupara,2015,7,35,0,B20
Khepupara,2015,8,23,3,B20
Khepupara,2015,9,28,2,B20
Khepupara,2015,10,8,2,B20
Khepupara,2015,11,1,0,B20
Khepupara,2015,12,1,0,B20
Khepupara,2016,1,0,0,B20
Khepupara,2016,2,9,0,B20
Khepupara,2016,3,8,3,B20
Khepupara,2016,4,9,1,B20
Khepupara,2016,5,43,1,B20
Khepupara,2016,6,41,6,B20
Khepupara,2016,7,22,3,B20
Khepupara,2016,8,17,6,B20
Khepupara,2016,9,8,7,B20
Khepupara,2016,10,27,6,B20
Khepupara,2016,11,0,0,B20
Khepupara,2016,12,0,0,B20
Khepupara,2017,1,0,0,B20
Khepupara,2017,2,0,0,B20
Khepupara,2017,3,16,0,B20
Khepupara,2017,4,22,3,B20
Khepupara,2017,5,22,5,B20
Khepupara,2017,6,29,7,B20
Khepupara,2017,7,43,2,B20
Khepupara,2017,8,29,1,B20
Khepupara,2017,9,35,5,B20
Khepupara,2017,10,20,0,B20
Khepupara,2017,11,0,0,B20
Khepupara,2017,12,0,0,B20
Khepupara,2018,1,0,0,B20
Khepupara,2018,2,2,0,B20
Khepupara,2018,3,4,0,B20
Khepupara,2018,4,8,1,B20
Khepupara,2018,5,43,2,B20
Khepupara,2018,6,68,4,B20
Khepupara,2018,7,34,1,B20
Khepupara,2018,8,11,3,B20
Khepupara,2018,9,15,1,B20
Khepupara,2018,10,2,1,B20
Khepupara,2018,11,0,0,B20
Khepupara,2018,12,0,0,B20
Khepupara,2019,1,0,0,B20
Khepupara,2019,2,19,0,B20
Khepupara,2019,3,6,0,B20
Khepupara,2019,4,20,3,B20
Khepupara,2019,5,13,2,B20
Khepupara,2019,6,41,1,B20
Khepupara,2019,7,13,0,B20
Khepupara,2019,8,19,5,B20
Khepupara,2019,9,11,10,B20
Khepupara,2019,10,26,1,B20
Khepupara,2019,11,4,0,B20
Khepupara,2019,12,1,0,B20
Khepupara,2020,1,0,0,B20
Khepupara,2020,2,0,0,B20
Khepupara,2020,3,2,0,B20
Khepupara,2020,4,26,1,B20
Khepupara,2020,5,24,0,B20
Khepupara,2020,6,68,3,B20
Khepupara,2020,7,6,0,B20
Khepupara,2020,8,21,0,B20
Khepupara,2020,9,30,0,B20
Khepupara,2020,10,13,0,B20
Khepupara,2020,11,11,0,B20
Khepupara,2020,12,0,0,B20
Khepupara,2021,1,0,0,B20
Khepupara,2021,2,0,0,B20
Khepupara,2021,3,0,0,B20
Khepupara,2021,4,2,0,B20
Khepupara,2021,5,39,1,B20
Khepupara,2021,6,18,0,B20
Khepupara,2021,7,36,0,B20
Khepupara,2021,8,18,0,B20
Khepupara,2021,9,15,0,B20
Khepupara,2021,10,11,0,B20
Khepupara,2021,11,0,0,B20
Khepupara,2021,12,0,0,B20
Khepupara,2022,1,0,0,B20
Khepupara,2022,2,4,0,B20
Khepupara,2022,3,0,0,B20
Khepupara,2022,4,3,0,B20
Khepupara,2022,5,28,0,B20
Khepupara,2022,6,17,1,B20
Khepupara,2022,7,6,0,B20
Khepupara,2022,8,7,0,B20
Khepupara,2022,9,24,1,B20
Khepupara,2022,10,8,0,B20
Khepupara,2022,11,0,0,B20
Khepupara,2022,12,0,0,B20
Khepupara,2023,1,0,0,B20
Khepupara,2023,2,0,0,B20
Khepupara,2023,3,13,0,B20
Khepupara,2023,4,11,0,B20
Khepupara,2023,5,20,1,B20
Khepupara,2023,6,23,0,B20
Khepupara,2023,7,8,0,B20
Khepupara,2023,8,32,0,B20
Khepupara,2023,9,16,2,B20
Khepupara,2023,10,4,0,B20
Khepupara,2023,11,1,0,B20
Khepupara,2023,12,0,0,B20
Khepupara,2024,1,0,0,B20
Khepupara,2024,2,0,0,B20
Khepupara,2024,3,0,0,B20
Khepupara,2024,4,1,0,B20
Khepupara,2024,5,23,0,B20
Patuakhali,2015,1,0,0,B20
Patuakhali,2015,2,8,2,B20
Patuakhali,2015,3,12,0,B20
Patuakhali,2015,4,31,6,B20
Patuakhali,2015,5,12,4,B20
Patuakhali,2015,6,69,8,B20
Patuakhali,2015,7,53,3,B20
Patuakhali,2015,8,22,8,B20
Patuakhali,2015,9,48,13,B20
Patuakhali,2015,10,14,5,B20
Patuakhali,2015,11,0,0,B20
Patuakhali,2015,12,2,0,B20
Patuakhali,2016,1,0,0,B20
Patuakhali,2016,2,16,1,B20
Patuakhali,2016,3,12,4,B20
Patuakhali,2016,4,13,1,B20
Patuakhali,2016,5,60,3,B20
Patuakhali,2016,6,44,5,B20
Patuakhali,2016,7,21,3,B20
Patuakhali,2016,8,19,11,B20
Patuakhali,2016,9,19,6,B20
Patuakhali,2016,10,38,21,B20
Patuakhali,2016,11,0,0,B20
Patuakhali,2016,12,0,0,B20
Patuakhali,2017,1,0,0,B20
Patuakhali,2017,2,0,0,B20
Patuakhali,2017,3,17,4,B20
Patuakhali,2017,4,40,0,B20
Patuakhali,2017,5,22,8,B20
Patuakhali,2017,6,34,5,B20
Patuakhali,2017,7,47,2,B20
Patuakhali,2017,8,40,5,B20
Patuakhali,2017,9,51,5,B20
Patuakhali,2017,10,18,4,B20
Patuakhali,2017,11,0,0,B20
Patuakhali,2017,12,0,0,B20
Patuakhali,2018,1,0,0,B20
Patuakhali,2018,2,2,0,B20
Patuakhali,2018,3,4,0,B20
Patuakhali,2018,4,36,8,B20
Patuakhali,2018,5,65,4,B20
Patuakhali,2018,6,17,11,B20
Patuakhali,2018,7,17,1,B20
Patuakhali,2018,8,10,3,B20
Patuakhali,2018,9,19,3,B20
Patuakhali,2018,10,2,1,B20
Patuakhali,2018,11,0,0,B20
Patuakhali,2018,12,0,0,B20
Patuakhali,2019,1,0,0,B20
Patuakhali,2019,2,22,1,B20
Patuakhali,2019,3,17,1,B20
Patuakhali,2019,4,27,8,B20
Patuakhali,2019,5,25,3,B20
Patuakhali,2019,6,53,2,B20
Patuakhali,2019,7,54,2,B20
Patuakhali,2019,8,23,4,B20
Patuakhali,2019,9,29,4,B20
Patuakhali,2019,10,47,3,B20
Patuakhali,2019,11,0,0,B20
Patuakhali,2019,12,0,0,B20
Patuakhali,2020,1,1,0,B20
Patuakhali,2020,2,0,0,B20
Patuakhali,2020,3,5,0,B20
Patuakhali,2020,4,53,1,B20
Patuakhali,2020,5,54,4,B20
Patuakhali,2020,6,81,4,B20
Patuakhali,2020,7,26,0,B20
Patuakhali,2020,8,22,3,B20
Patuakhali,2020,9,41,1,B20
Patuakhali,2020,10,21,0,B20
Patuakhali,2020,11,3,0,B20
Patuakhali,2020,12,0,0,B20
Patuakhali,2021,1,0,0,B20
Patuakhali,2021,2,0,0,B20
Patuakhali,2021,3,0,0,B20
Patuakhali,2021,4,3,0,B20
Patuakhali,2021,5,42,4,B20
Patuakhali,2021,6,38,5,B20
Patuakhali,2021,7,33,3,B20
Patuakhali,2021,8,28,1,B20
Patuakhali,2021,9,26,1,B20
Patuakhali,2021,10,26,2,B20
Patuakhali,2021,11,0,0,B20
Patuakhali,2021,12,0,0,B20
Patuakhali,2022,1,0,0,B20
Patuakhali,2022,2,5,0,B20
Patuakhali,2022,3,0,0,B20
Patuakhali,2022,4,5,1,B20
Patuakhali,2022,5,49,2,B20
Patuakhali,2022,6,39,2,B20
Patuakhali,2022,7,23,1,B20
Patuakhali,2022,8,22,0,B20
Patuakhali,2022,9,39,1,B20
Patuakhali,2022,10,12,1,B20
Patuakhali,2022,11,0,0,B20
Patuakhali,2022,12,0,0,B20
Patuakhali,2023,1,0,0,B20
Patuakhali,2023,2,0,0,B20
Patuakhali,2023,3,28,0,B20
Patuakhali,2023,4,16,0,B20
Patuakhali,2023,5,40,0,B20
Patuakhali,2023,6,39,0,B20
Patuakhali,2023,7,21,0,B20
Patuakhali,2023,8,49,0,B20
Patuakhali,2023,9,53,1,B20
Patuakhali,2023,10,23,0,B20
Patuakhali,2023,11,1,0,B20
Patuakhali,2023,12,0,0,B20
Patuakhali,2024,1,0,0,B20
Patuakhali,2024,2,0,0,B20
Patuakhali,2024,3,0,0,B20
Patuakhali,2024,4,1,0,B20
Patuakhali,2024,5,23,0,B20
Chandpur,2015,1,0,0,B20
Chandpur,2015,2,5,0,B20
Chandpur,2015,3,4,0,B20
Chandpur,2015,4,41,0,B20
Chandpur,2015,5,22,0,B20
Chandpur,2015,6,52,0,B20
Chandpur,2015,7,77,0,B20
Chandpur,2015,8,12,0,B20
Chandpur,2015,9,19,0,B20
Chandpur,2015,10,10,0,B20
Chandpur,2015,11,0,0,B20
Chandpur,2015,12,0,0,B20
Chandpur,2016,1,0,0,B20
Chandpur,2016,2,13,0,B20
Chandpur,2016,3,25,0,B20
Chandpur,2016,4,7,1,B20
Chandpur,2016,5,55,0,B20
Chandpur,2016,6,16,4,B20
Chandpur,2016,7,4,0,B20
Chandpur,2016,8,23,4,B20
Chandpur,2016,9,14,0,B20
Chandpur,2016,10,8,1,B20
Chandpur,2016,11,0,0,B20
Chandpur,2016,12,0,0,B20
Chandpur,2017,1,0,0,B20
Chandpur,2017,2,0,0,B20
Chandpur,2017,3,12,2,B20
Chandpur,2017,4,41,0,B20
Chandpur,2017,5,21,2,B20
Chandpur,2017,6,37,1,B20
Chandpur,2017,7,8,0,B20
Chandpur,2017,8,32,1,B20
Chandpur,2017,9,15,0,B20
Chandpur,2017,10,3,0,B20
Chandpur,2017,11,0,0,B20
Chandpur,2017,12,0,0,B20
Chandpur,2018,1,0,0,B20
Chandpur,2018,2,1,0,B20
Chandpur,2018,3,5,0,B20
Chandpur,2018,4,32,5,B20
Chandpur,2018,5,52,5,B20
Chandpur,2018,6,35,0,B20
Chandpur,2018,7,4,1,B20
Chandpur,2018,8,7,3,B20
Chandpur,2018,9,12,1,B20
Chandpur,2018,10,0,0,B20
Chandpur,2018,11,0,0,B20
Chandpur,2018,12,0,0,B20
Chandpur,2019,1,0,0,B20
Chandpur,2019,2,16,0,B20
Chandpur,2019,3,13,1,B20
Chandpur,2019,4,25,2,B20
Chandpur,2019,5,14,2,B20
Chandpur,2019,6,24,0,B20
Chandpur,2019,7,14,0,B20
Chandpur,2019,8,5,1,B20
Chandpur,2019,9,17,0,B20
Chandpur,2019,10,11,0,B20
Chandpur,2019,11,0,0,B20
Chandpur,2019,12,0,0,B20
Chandpur,2020,1,0,0,B20
Chandpur,2020,2,0,2,B20
Chandpur,2020,3,0,0,B20
Chandpur,2020,4,2,4,B20
Chandpur,2020,5,2,45,B20
Chandpur,2020,6,2,20,B20
Chandpur,2020,7,0,12,B20
Chandpur,2020,8,0,7,B20
Chandpur,2020,9,0,14,B20
Chandpur,2020,10,0,4,B20
Chandpur,2020,11,0,2,B20
Chandpur,2020,12,0,0,B20
Chandpur,2021,1,0,0,B20
Chandpur,2021,2,0,0,B20
Chandpur,2021,3,0,0,B20
Chandpur,2021,4,0,1,B20
Chandpur,2021,5,0,3,B20
Chandpur,2021,6,1,21,B20
Chandpur,2021,7,0,12,B20
Chandpur,2021,8,0,9,B20
Chandpur,2021,9,0,11,B20
Chandpur,2021,10,0,14,B20
Chandpur,2021,11,0,6,B20
Chandpur,2021,12,0,0,B20
Chandpur,2022,1,0,0,B20
Chandpur,2022,2,0,0,B20
Chandpur,2022,3,0,5,B20
Chandpur,2022,4,0,0,B20
Chandpur,2022,5,0,11,B20
Chandpur,2022,6,1,15,B20
Chandpur,2022,7,0,18,B20
Chandpur,2022,8,0,7,B20
Chandpur,2022,9,6,9,B20
Chandpur,2022,10,0,19,B20
Chandpur,2022,11,0,13,B20
Chandpur,2022,12,0,0,B20
Chandpur,2023,1,0,0,B20
Chandpur,2023,2,0,0,B20
Chandpur,2023,3,2,0,B20
Chandpur,2023,4,4,25,B20
Chandpur,2023,5,1,18,B20
Chandpur,2023,6,18,27,B20
Chandpur,2023,7,24,29,B20
Chandpur,2023,8,24,7,B20
Chandpur,2023,9,24,17,B20
Chandpur,2023,10,3,17,B20
Chandpur,2023,11,5,0,B20
Chandpur,2023,12,3,0,B20
Chandpur,2024,1,0,0,B20
Chandpur,2024,2,3,0,B20
Chandpur,2024,3,9,6,B20
Chandpur,2024,4,3,19,B20
Chandpur,2024,5,1,11,B20
Chandpur,2024,6,5,22,B20
Chandpur,2024,7,2,7,B20
Ambagan (Ctg),2015,1,0,0,B20
Ambagan (Ctg),2015,2,0,0,B20
Ambagan (Ctg),2015,3,7,2,B20
Ambagan (Ctg),2015,4,36,1,B20
Ambagan (Ctg),2015,5,20,0,B20
Ambagan (Ctg),2015,6,20,1,B20
Ambagan (Ctg),2015,7,12,5,B20
Ambagan (Ctg),2015,8,7,4,B20
Ambagan (Ctg),2015,9,23,2,B20
Ambagan (Ctg),2015,10,29,2,B20
Ambagan (Ctg),2015,11,0,0,B20
Ambagan (Ctg),2015,12,1,0,B20
Ambagan (Ctg),2016,1,0,0,B20
Ambagan (Ctg),2016,2,3,0,B20
Ambagan (Ctg),2016,3,10,1,B20
Ambagan (Ctg),2016,4,8,2,B20
Ambagan (Ctg),2016,5,28,6,B20
Ambagan (Ctg),2016,6,40,5,B20
Ambagan (Ctg),2016,7,21,1,B20
Ambagan (Ctg),2016,8,17,1,B20
Ambagan (Ctg),2016,9,43,9,B20
Ambagan (Ctg),2016,10,24,7,B20
Ambagan (Ctg),2016,11,9,0,B20
Ambagan (Ctg),2016,12,0,0,B20
Ambagan (Ctg),2017,1,0,0,B20
Ambagan (Ctg),2017,2,0,0,B20
Ambagan (Ctg),2017,3,16,0,B20
Ambagan (Ctg),2017,4,48,1,B20
Ambagan (Ctg),2017,5,26,4,B20
Ambagan (Ctg),2017,6,50,4,B20
Ambagan (Ctg),2017,7,13,0,B20
Ambagan (Ctg),2017,8,17,8,B20
Ambagan (Ctg),2017,9,41,8,B20
Ambagan (Ctg),2017,10,10,8,B20
Ambagan (Ctg),2017,11,0,0,B20
Ambagan (Ctg),2017,12,0,0,B20
Ambagan (Ctg),2018,1,0,0,B20
Ambagan (Ctg),2018,2,0,0,B20
Ambagan (Ctg),2018,3,3,0,B20
Ambagan (Ctg),2018,4,39,4,B20
Ambagan (Ctg),2018,5,51,2,B20
Ambagan (Ctg),2018,6,30,8,B20
Ambagan (Ctg),2018,7,6,1,B20
Ambagan (Ctg),2018,8,10,9,B20
Ambagan (Ctg),2018,9,52,5,B20
Ambagan (Ctg),2018,10,11,0,B20
Ambagan (Ctg),2018,11,0,0,B20
Ambagan (Ctg),2018,12,0,0,B20
Ambagan (Ctg),2019,1,0,0,B20
Ambagan (Ctg),2019,2,14,0,B20
Ambagan (Ctg),2019,3,6,0,B20
Ambagan (Ctg),2019,4,21,1,B20
Ambagan (Ctg),2019,5,36,4,B20
Ambagan (Ctg),2019,6,21,6,B20
Ambagan (Ctg),2019,7,25,3,B20
Ambagan (Ctg),2019,8,22,3,B20
Ambagan (Ctg),2019,9,28,8,B20
Ambagan (Ctg),2019,10,26,3,B20
Ambagan (Ctg),2019,11,2,0,B20
Ambagan (Ctg),2019,12,0,0,B20
Ambagan (Ctg),2020,1,0,0,B20
Ambagan (Ctg),2020,2,0,0,B20
Ambagan (Ctg),2020,3,0,0,B20
Ambagan (Ctg),2020,4,43,1,B20
Ambagan (Ctg),2020,5,23,0,B20
Ambagan (Ctg),2020,6,17,4,B20
Ambagan (Ctg),2020,7,4,2,B20
Ambagan (Ctg),2020,8,12,1,B20
Ambagan (Ctg),2020,9,28,6,B20
Ambagan (Ctg),2020,10,11,10,B20
Ambagan (Ctg),2020,11,6,0,B20
Ambagan (Ctg),2020,12,0,0,B20
Ambagan (Ctg),2021,1,0,0,B20
Ambagan (Ctg),2021,2,0,0,B20
Ambagan (Ctg),2021,3,0,0,B20
Ambagan (Ctg),2021,4,8,1,B20
Ambagan (Ctg),2021,5,31,1,B20
Ambagan (Ctg),2021,6,37,3,B20
Ambagan (Ctg),2021,7,9,2,B20
Ambagan (Ctg),2021,8,7,10,B20
Ambagan (Ctg),2021,9,26,6,B20
Ambagan (Ctg),2021,10,33,8,B20
Ambagan (Ctg),2021,11,0,0,B20
Ambagan (Ctg),2021,12,0,0,B20
Ambagan (Ctg),2022,1,0,0,B20
Ambagan (Ctg),2022,2,3,0,B20
Ambagan (Ctg),2022,3,0,0,B20
Ambagan (Ctg),2022,4,6,1,B20
Ambagan (Ctg),2022,5,36,2,B20
Ambagan (Ctg),2022,6,19,3,B20
Ambagan (Ctg),2022,7,15,4,B20
Ambagan (Ctg),2022,8,14,8,B20
Ambagan (Ctg),2022,9,35,5,B20
Ambagan (Ctg),2022,10,21,4,B20
Ambagan (Ctg),2022,11,0,0,B20
Ambagan (Ctg),2022,12,0,0,B20
Ambagan (Ctg),2023,1,0,0,B20
Ambagan (Ctg),2023,2,0,0,B20
Ambagan (Ctg),2023,3,5,0,B20
Ambagan (Ctg),2023,4,9,0,B20
Ambagan (Ctg),2023,5,14,0,B20
Ambagan (Ctg),2023,6,13,0,B20
Ambagan (Ctg),2023,7,2,0,B20
Ambagan (Ctg),2023,8,10,0,B20
Ambagan (Ctg),2023,9,16,1,B20
Ambagan (Ctg),2023,10,0,0,B20
Ambagan (Ctg),2023,11,0,0,B20
Ambagan (Ctg),2023,12,0,0,B20
Ambagan (Ctg),2024,1,0,0,B20
Ambagan (Ctg),2024,2,0,0,B20
Ambagan (Ctg),2024,3,6,0,B20
Ambagan (Ctg),2024,4,5,0,B20
Ambagan (Ctg),2024,5,33,1,B20
Ambagan (Ctg),2024,6,21,1,B20
Chittagong,2015,1,0,0,B20
Chittagong,2015,2,0,0,B20
Chittagong,2015,3,9,1,B20
Chittagong,2015,4,39,2,B20
Chittagong,2015,5,12,0,B20
Chittagong,2015,6,18,2,B20
Chittagong,2015,7,12,1,B20
Chittagong,2015,8,3,3,B20
Chittagong,2015,9,9,4,B20
Chittagong,2015,10,24,4,B20
Chittagong,2015,11,0,0,B20
Chittagong,2015,12,0,0,B20
Chittagong,2016,1,0,0,B20
Chittagong,2016,2,3,0,B20
Chittagong,2016,3,9,1,B20
Chittagong,2016,4,6,0,B20
Chittagong,2016,5,19,1,B20
Chittagong,2016,6,15,3,B20
Chittagong,2016,7,7,1,B20
Chittagong,2016,8,14,3,B20
Chittagong,2016,9,23,4,B20
Chittagong,2016,10,9,8,B20
Chittagong,2016,11,5,0,B20
Chittagong,2016,12,0,0,B20
Chittagong,2017,1,0,0,B20
Chittagong,2017,2,0,0,B20
Chittagong,2017,3,9,1,B20
Chittagong,2017,4,37,0,B20
Chittagong,2017,5,12,1,B20
Chittagong,2017,6,36,5,B20
Chittagong,2017,7,4,0,B20
Chittagong,2017,8,4,2,B20
Chittagong,2017,9,19,8,B20
Chittagong,2017,10,2,7,B20
Chittagong,2017,11,0,0,B20
Chittagong,2017,12,0,0,B20
Chittagong,2018,1,0,0,B20
Chittagong,2018,2,0,0,B20
Chittagong,2018,3,1,0,B20
Chittagong,2018,4,12,0,B20
Chittagong,2018,5,22,1,B20
Chittagong,2018,6,13,0,B20
Chittagong,2018,7,1,0,B20
Chittagong,2018,8,11,2,B20
Chittagong,2018,9,11,2,B20
Chittagong,2018,10,10,0,B20
Chittagong,2018,11,0,0,B20
Chittagong,2018,12,0,0,B20
Chittagong,2019,1,0,0,B20
Chittagong,2019,2,4,0,B20
Chittagong,2019,3,2,0,B20
Chittagong,2019,4,8,1,B20
Chittagong,2019,5,18,1,B20
Chittagong,2019,6,15,1,B20
Chittagong,2019,7,3,0,B20
Chittagong,2019,8,8,2,B20
Chittagong,2019,9,10,4,B20
Chittagong,2019,10,10,0,B20
Chittagong,2019,11,0,1,B20
Chittagong,2019,12,0,0,B20
Comilla,2015,1,0,0,B20
Comilla,2015,2,3,0,B20
Comilla,2015,3,0,0,B20
Comilla,2015,4,37,1,B20
Comilla,2015,5,27,1,B20
Comilla,2015,6,11,0,B20
Comilla,2015,7,11,0,B20
Comilla,2015,8,10,1,B20
Comilla,2015,9,8,1,B20
Comilla,2015,10,3,0,B20
Comilla,2015,11,0,0,B20
Comilla,2015,12,2,0,B20
Comilla,2016,1,0,0,B20
Comilla,2016,2,0,0,B20
Comilla,2016,3,18,2,B20
Comilla,2016,4,8,1,B20
Comilla,2016,5,43,1,B20
Comilla,2016,6,19,0,B20
Comilla,2016,7,18,0,B20
Comilla,2016,8,18,1,B20
Comilla,2016,9,13,2,B20
Comilla,2016,10,12,0,B20
Comilla,2016,11,3,0,B20
Comilla,2016,12,0,0,B20
Comilla,2017,1,0,0,B20
Comilla,2017,2,0,0,B20
Comilla,2017,3,36,2,B20
Comilla,2017,4,56,1,B20
Comilla,2017,5,31,1,B20
Comilla,2017,6,31,2,B20
Comilla,2017,7,9,0,B20
Comilla,2017,8,16,5,B20
Comilla,2017,9,16,1,B20
Comilla,2017,10,5,0,B20
Comilla,2017,11,0,0,B20
Comilla,2017,12,0,0,B20
Comilla,2018,1,0,0,B20
Comilla,2018,2,4,0,B20
Comilla,2018,3,4,0,B20
Comilla,2018,4,60,1,B20
Comilla,2018,5,68,2,B20
Comilla,2018,6,34,5,B20
Comilla,2018,7,1,0,B20
Comilla,2018,8,12,3,B20
Comilla,2018,9,31,0,B20
Comilla,2018,10,0,1,B20
Comilla,2018,11,0,0,B20
Comilla,2018,12,0,0,B20
Comilla,2019,1,0,0,B20
Comilla,2019,2,20,0,B20
Comilla,2019,3,11,1,B20
Comilla,2019,4,36,1,B20
Comilla,2019,5,33,2,B20
Comilla,2019,6,20,4,B20
Comilla,2019,7,33,0,B20
Comilla,2019,8,13,6,B20
Comilla,2019,9,24,5,B20
Comilla,2019,10,14,0,B20
Comilla,2019,11,0,0,B20
Comilla,2019,12,0,0,B20
Comilla,2020,1,1,0,B20
Comilla,2020,2,0,0,B20
Comilla,2020,3,1,0,B20
Comilla,2020,4,53,2,B20
Comilla,2020,5,37,1,B20
Comilla,2020,6,47,3,B20
Comilla,2020,7,22,1,B20
Comilla,2020,8,19,1,B20
Comilla,2020,9,37,1,B20
Comilla,2020,10,19,4,B20
Comilla,2020,11,0,0,B20
Comilla,2020,12,0,0,B20
Comilla,2021,1,0,0,B20
Comilla,2021,2,0,0,B20
Comilla,2021,3,2,0,B20
Comilla,2021,4,2,0,B20
Comilla,2021,5,31,2,B20
Comilla,2021,6,40,1,B20
Comilla,2021,7,20,3,B20
Comilla,2021,8,22,0,B20
Comilla,2021,9,43,3,B20
Comilla,2021,10,25,2,B20
Comilla,2021,11,0,0,B20
Comilla,2021,12,0,0,B20
Comilla,2022,1,0,0,B20
Comilla,2022,2,4,0,B20
Comilla,2022,3,0,0,B20
Comilla,2022,4,18,0,B20
Comilla,2022,5,49,0,B20
Comilla,2022,6,41,0,B20
Comilla,2022,7,11,0,B20
Comilla,2022,8,29,2,B20
Comilla,2022,9,33,0,B20
Comilla,2022,10,25,2,B20
Comilla,2022,11,0,0,B20
Comilla,2022,12,0,0,B20
Comilla,2023,1,0,0,B20
Comilla,2023,2,0,0,B20
Comilla,2023,3,35,0,B20
Comilla,2023,4,10,1,B20
Comilla,2023,5,22,0,B20
Comilla,2023,6,39,0,B20
Comilla,2023,7,22,1,B20
Comilla,2023,8,19,0,B20
Comilla,2023,9,40,3,B20
Comilla,2023,10,7,0,B20
Comilla,2023,11,1,0,B20
Comilla,2023,12,0,0,B20
Comilla,2024,1,0,0,B20
Comilla,2024,2,1,0,B20
Comilla,2024,3,20,2,B20
Comilla,2024,4,15,0,B20
Comilla,2024,5,39,4,B20
Cox's Bazar,2015,1,0,0,B20
Cox's Bazar,2015,2,0,0,B20
Cox's Bazar,2015,3,2,0,B20
Cox's Bazar,2015,4,11,0,B20
Cox's Bazar,2015,5,11,0,B20
Cox's Bazar,2015,6,37,0,B20
Cox's Bazar,2015,7,13,0,B20
Cox's Bazar,2015,8,3,0,B20
Cox's Bazar,2015,9,15,3,B20
Cox's Bazar,2015,10,20,0,B20
Cox's Bazar,2015,11,0,0,B20
Cox's Bazar,2015,12,0,0,B20
Cox's Bazar,2016,1,0,0,B20
Cox's Bazar,2016,2,0,0,B20
Cox's Bazar,2016,3,5,0,B20
Cox's Bazar,2016,4,6,0,B20
Cox's Bazar,2016,5,23,0,B20
Cox's Bazar,2016,6,35,0,B20
Cox's Bazar,2016,7,13,0,B20
Cox's Bazar,2016,8,7,0,B20
Cox's Bazar,2016,9,15,1,B20
Cox's Bazar,2016,10,28,3,B20
Cox's Bazar,2016,11,3,0,B20
Cox's Bazar,2016,12,0,0,B20
Cox's Bazar,2017,1,0,0,B20
Cox's Bazar,2017,2,0,0,B20
Cox's Bazar,2017,3,8,0,B20
Cox's Bazar,2017,4,29,0,B20
Cox's Bazar,2017,5,12,1,B20
Cox's Bazar,2017,6,21,0,B20
Cox's Bazar,2017,7,10,0,B20
Cox's Bazar,2017,8,2,0,B20
Cox's Bazar,2017,9,22,1,B20
Cox's Bazar,2017,10,17,2,B20
Cox's Bazar,2017,11,0,1,B20
Cox's Bazar,2017,12,0,0,B20
Cox's Bazar,2018,1,0,0,B20
Cox's Bazar,2018,2,0,0,B20
Cox's Bazar,2018,3,0,0,B20
Cox's Bazar,2018,4,6,0,B20
Cox's Bazar,2018,5,26,0,B20
Cox's Bazar,2018,6,21,0,B20
Cox's Bazar,2018,7,0,0,B20
Cox's Bazar,2018,8,2,0,B20
Cox's Bazar,2018,9,12,0,B20
Cox's Bazar,2018,10,5,0,B20
Cox's Bazar,2018,11,0,0,B20
Cox's Bazar,2018,12,0,0,B20
Cox's Bazar,2019,1,0,0,B20
Cox's Bazar,2019,2,1,0,B20
Cox's Bazar,2019,3,0,0,B20
Cox's Bazar,2019,4,10,0,B20
Cox's Bazar,2019,5,11,0,B20
Cox's Bazar,2019,6,7,0,B20
Cox's Bazar,2019,7,1,0,B20
Cox's Bazar,2019,8,17,0,B20
Cox's Bazar,2019,9,23,0,B20
Cox's Bazar,2019,10,17,0,B20
Cox's Bazar,2019,11,2,0,B20
Cox's Bazar,2019,12,1,0,B20
Cox's Bazar,2020,1,0,0,B20
Cox's Bazar,2020,2,0,0,B20
Cox's Bazar,2020,3,0,0,B20
Cox's Bazar,2020,4,16,0,B20
Cox's Bazar,2020,5,6,0,B20
Cox's Bazar,2020,6,7,0,B20
Cox's Bazar,2020,7,0,0,B20
Cox's Bazar,2020,8,3,0,B20
Cox's Bazar,2020,9,5,0,B20
Cox's Bazar,2020,10,3,1,B20
Cox's Bazar,2020,11,0,0,B20
Cox's Bazar,2020,12,0,0,B20
Cox's Bazar,2021,1,0,0,B20
Cox's Bazar,2021,2,0,0,B20
Cox's Bazar,2021,3,0,0,B20
Cox's Bazar,2021,4,4,0,B20
Cox's Bazar,2021,5,12,0,B20
Cox's Bazar,2021,6,16,0,B20
Cox's Bazar,2021,7,0,0,B20
Cox's Bazar,2021,8,3,0,B20
Cox's Bazar,2021,9,10,0,B20
Cox's Bazar,2021,10,10,0,B20
Cox's Bazar,2021,11,0,0,B20
Cox's Bazar,2021,12,0,0,B20
Cox's Bazar,2022,1,0,0,B20
Cox's Bazar,2022,2,0,0,B20
Cox's Bazar,2022,3,0,0,B20
Cox's Bazar,2022,4,2,0,B20
Cox's Bazar,2022,5,14,0,B20
Cox's Bazar,2022,6,10,0,B20
Cox's Bazar,2022,7,2,0,B20
Cox's Bazar,2022,8,1,0,B20
Cox's Bazar,2022,9,2,1,B20
Cox's Bazar,2022,10,2,0,B20
Cox's Bazar,2022,11,0,0,B20
Cox's Bazar,2022,12,0,0,B20
Cox's Bazar,2023,1,0,0,B20
Cox's Bazar,2023,2,0,0,B20
Cox's Bazar,2023,3,3,0,B20
Cox's Bazar,2023,4,7,0,B20
Cox's Bazar,2023,5,9,0,B20
Cox's Bazar,2023,6,11,0,B20
Cox's Bazar,2023,7,0,0,B20
Cox's Bazar,2023,8,3,0,B20
Cox's Bazar,2023,9,1,0,B20
Cox's Bazar,2023,10,0,0,B20
Cox's Bazar,2023,11,0,0,B20
Cox's Bazar,2023,12,0,0,B20
Cox's Bazar,2024,1,0,0,B20
Cox's Bazar,2024,2,0,0,B20
Cox's Bazar,2024,3,2,0,B20
Cox's Bazar,2024,4,0,0,B20
Cox's Bazar,2024,5,24,0,B20
Cox's Bazar,2024,6,16,0,B20
Feni,2015,1,0,0,B20
Feni,2015,2,0,0,B20
Feni,2015,3,0,0,B20
Feni,2015,4,22,0,B20
Feni,2015,5,15,0,B20
Feni,2015,6,13,0,B20
Feni,2015,7,0,0,B20
Feni,2015,8,3,0,B20
Feni,2015,9,1,2,B20
Feni,2015,10,5,0,B20
Feni,2015,11,0,0,B20
Feni,2015,12,0,0,B20
Feni,2016,1,0,0,B20
Feni,2016,2,2,0,B20
Feni,2016,3,9,0,B20
Feni,2016,4,3,0,B20
Feni,2016,5,24,0,B20
Feni,2016,6,22,0,B20
Feni,2016,7,5,1,B20
Feni,2016,8,17,0,B20
Feni,2016,9,6,1,B20
Feni,2016,10,7,3,B20
Feni,2016,11,2,0,B20
Feni,2016,12,0,0,B20
Feni,2017,1,0,0,B20
Feni,2017,2,0,0,B20
Feni,2017,3,8,0,B20
Feni,2017,4,30,0,B20
Feni,2017,5,7,0,B20
Feni,2017,6,19,1,B20
Feni,2017,7,0,0,B20
Feni,2017,8,7,0,B20
Feni,2017,9,9,1,B20
Feni,2017,10,0,2,B20
Feni,2017,11,0,0,B20
Feni,2017,12,0,0,B20
Feni,2018,1,0,0,B20
Feni,2018,2,4,0,B20
Feni,2018,3,4,0,B20
Feni,2018,4,12,0,B20
Feni,2018,5,39,2,B20
Feni,2018,6,10,2,B20
Feni,2018,7,2,0,B20
Feni,2018,8,5,0,B20
Feni,2018,9,6,0,B20
Feni,2018,10,0,0,B20
Feni,2018,11,0,0,B20
Feni,2018,12,0,0,B20
Feni,2019,1,0,0,B20
Feni,2019,2,14,0,B20
Feni,2019,3,6,0,B20
Feni,2019,4,14,1,B20
Feni,2019,5,9,0,B20
Feni,2019,6,0,0,B20
Feni,2019,7,9,0,B20
Feni,2019,8,5,1,B20
Feni,2019,9,5,0,B20
Feni,2019,10,6,0,B20
Feni,2019,11,0,0,B20
Feni,2019,12,0,0,B20
Feni,2020,1,0,0,B20
Feni,2020,2,0,0,B20
Feni,2020,3,0,0,B20
Feni,2020,4,18,1,B20
Feni,2020,5,9,0,B20
Feni,2020,6,4,0,B20
Feni,2020,7,0,0,B20
Feni,2020,8,2,0,B20
Feni,2020,9,2,0,B20
Feni,2020,10,8,1,B20
Feni,2020,11,0,0,B20
Feni,2020,12,0,0,B20
Feni,2021,1,0,0,B20
Feni,2021,2,0,0,B20
Feni,2021,3,0,0,B20
Feni,2021,4,2,0,B20
Feni,2021,5,6,0,B20
Feni,2021,6,13,0,B20
Feni,2021,7,2,0,B20
Feni,2021,8,0,0,B20
Feni,2021,9,6,1,B20
Feni,2021,10,3,0,B20
Feni,2021,11,0,0,B20
Feni,2021,12,0,0,B20
Feni,2022,1,0,0,B20
Feni,2022,2,0,0,B20
Feni,2022,3,0,0,B20
Feni,2022,4,1,0,B20
Feni,2022,5,1,0,B20
Feni,2022,6,4,0,B20
Feni,2022,7,0,0,B20
Feni,2022,8,2,0,B20
Feni,2022,9,6,0,B20
Feni,2022,10,6,0,B20
Feni,2022,11,0,0,B20
Feni,2022,12,0,0,B20
Feni,2023,1,0,0,B20
Feni,2023,2,0,0,B20
Feni,2023,3,0,0,B20
Feni,2023,4,0,0,B20
Feni,2023,5,0,0,B20
Feni,2023,6,6,0,B20
Feni,2023,7,0,0,B20
Feni,2023,8,1,0,B20
Feni,2023,9,3,0,B20
Feni,2023,10,0,0,B20
Feni,2023,11,0,0,B20
Feni,2023,12,0,0,B20
Feni,2024,1,0,0,B20
Feni,2024,2,0,0,B20
Feni,2024,3,10,0,B20
Feni,2024,4,5,0,B20
Feni,2024,5,8,0,B20
Feni,2024,6,12,1,B20
Hatiya,2015,1,0,0,B20
Hatiya,2015,2,3,0,B20
Hatiya,2015,3,9,1,B20
Hatiya,2015,4,27,0,B20
Hatiya,2015,5,8,2,B20
Hatiya,2015,6,22,6,B20
Hatiya,2015,7,13,3,B20
Hatiya,2015,8,6,5,B20
Hatiya,2015,9,8,1,B20
Hatiya,2015,10,10,5,B20
Hatiya,2015,11,0,0,B20
Hatiya,2015,12,3,0,B20
Hatiya,2016,1,0,0,B20
Hatiya,2016,2,5,0,B20
Hatiya,2016,3,14,2,B20
Hatiya,2016,4,5,0,B20
Hatiya,2016,5,14,3,B20
Hatiya,2016,6,23,4,B20
Hatiya,2016,7,11,0,B20
Hatiya,2016,8,25,3,B20
Hatiya,2016,9,5,0,B20
Hatiya,2016,10,6,0,B20
Hatiya,2016,11,1,0,B20
Hatiya,2016,12,0,0,B20
Hatiya,2017,1,0,0,B20
Hatiya,2017,2,0,0,B20
Hatiya,2017,3,4,0,B20
Hatiya,2017,4,25,0,B20
Hatiya,2017,5,19,3,B20
Hatiya,2017,6,20,5,B20
Hatiya,2017,7,6,0,B20
Hatiya,2017,8,2,0,B20
Hatiya,2017,9,24,3,B20
Hatiya,2017,10,5,2,B20
Hatiya,2017,11,0,0,B20
Hatiya,2017,12,0,0,B20
Hatiya,2018,1,0,0,B20
Hatiya,2018,2,2,0,B20
Hatiya,2018,3,1,0,B20
Hatiya,2018,4,9,0,B20
Hatiya,2018,5,38,1,B20
Hatiya,2018,6,16,2,B20
Hatiya,2018,7,2,0,B20
Hatiya,2018,8,2,0,B20
Hatiya,2018,9,16,0,B20
Hatiya,2018,10,0,0,B20
Hatiya,2018,11,0,0,B20
Hatiya,2018,12,0,0,B20
Hatiya,2019,1,0,0,B20
Hatiya,2019,2,11,0,B20
Hatiya,2019,3,6,0,B20
Hatiya,2019,4,20,0,B20
Hatiya,2019,5,10,5,B20
Hatiya,2019,6,27,0,B20
Hatiya,2019,7,28,0,B20
Hatiya,2019,8,32,4,B20
Hatiya,2019,9,25,8,B20
Hatiya,2019,10,11,0,B20
Hatiya,2019,11,0,0,B20
Hatiya,2019,12,0,0,B20
Hatiya,2020,1,0,0,B20
Hatiya,2020,2,0,0,B20
Hatiya,2020,3,2,0,B20
Hatiya,2020,4,26,1,B20
Hatiya,2020,5,17,0,B20
Hatiya,2020,6,28,3,B20
Hatiya,2020,7,3,1,B20
Hatiya,2020,8,12,1,B20
Hatiya,2020,9,64,4,B20
Hatiya,2020,10,15,3,B20
Hatiya,2020,11,4,0,B20
Hatiya,2020,12,0,0,B20
Hatiya,2021,1,0,0,B20
Hatiya,2021,2,0,0,B20
Hatiya,2021,3,0,0,B20
Hatiya,2021,4,3,0,B20
Hatiya,2021,5,25,2,B20
Hatiya,2021,6,34,2,B20
Hatiya,2021,7,16,0,B20
Hatiya,2021,8,15,1,B20
Hatiya,2021,9,7,2,B20
Hatiya,2021,10,11,1,B20
Hatiya,2021,11,0,0,B20
Hatiya,2021,12,0,0,B20
Hatiya,2022,1,0,0,B20
Hatiya,2022,2,4,0,B20
Hatiya,2022,3,0,0,B20
Hatiya,2022,4,4,0,B20
Hatiya,2022,5,24,0,B20
Hatiya,2022,6,22,0,B20
Hatiya,2022,7,3,0,B20
Hatiya,2022,8,12,0,B20
Hatiya,2022,9,23,0,B20
Hatiya,2022,10,7,0,B20
Hatiya,2022,11,0,0,B20
Hatiya,2022,12,0,0,B20
Hatiya,2023,1,0,0,B20
Hatiya,2023,2,0,0,B20
Hatiya,2023,3,25,0,B20
Hatiya,2023,4,5,0,B20
Hatiya,2023,5,23,2,B20
Hatiya,2023,6,28,2,B20
Hatiya,2023,7,3,0,B20
Hatiya,2023,8,19,0,B20
Hatiya,2023,9,18,1,B20
Hatiya,2023,10,1,0,B20
Hatiya,2023,11,2,0,B20
Hatiya,2023,12,0,0,B20
Kutubdia,2015,1,3,0,B20
Kutubdia,2015,2,0,0,B20
Kutubdia,2015,3,5,0,B20
Kutubdia,2015,4,27,1,B20
Kutubdia,2015,5,10,0,B20
Kutubdia,2015,6,29,0,B20
Kutubdia,2015,7,16,0,B20
Kutubdia,2015,8,8,4,B20
Kutubdia,2015,9,16,1,B20
Kutubdia,2015,10,24,0,B20
Kutubdia,2015,11,0,0,B20
Kutubdia,2015,12,0,0,B20
Kutubdia,2016,1,0,0,B20
Kutubdia,2016,2,0,0,B20
Kutubdia,2016,3,7,0,B20
Kutubdia,2016,4,13,0,B20
Kutubdia,2016,5,23,5,B20
Kutubdia,2016,6,24,4,B20
Kutubdia,2016,7,15,0,B20
Kutubdia,2016,8,14,0,B20
Kutubdia,2016,9,27,7,B20
Kutubdia,2016,10,13,10,B20
Kutubdia,2016,11,9,0,B20
Kutubdia,2016,12,0,0,B20
Kutubdia,2017,1,0,0,B20
Kutubdia,2017,2,0,0,B20
Kutubdia,2017,3,5,0,B20
Kutubdia,2017,4,44,0,B20
Kutubdia,2017,5,16,3,B20
Kutubdia,2017,6,34,2,B20
Kutubdia,2017,7,13,0,B20
Kutubdia,2017,8,12,2,B20
Kutubdia,2017,9,36,5,B20
Kutubdia,2017,10,12,4,B20
Kutubdia,2017,11,4,1,B20
Kutubdia,2017,12,0,0,B20
Kutubdia,2018,1,0,0,B20
Kutubdia,2018,2,0,0,B20
Kutubdia,2018,3,0,0,B20
Kutubdia,2018,4,12,0,B20
Kutubdia,2018,5,43,0,B20
Kutubdia,2018,6,17,0,B20
Kutubdia,2018,7,2,1,B20
Kutubdia,2018,8,4,1,B20
Kutubdia,2018,9,15,0,B20
Kutubdia,2018,10,8,0,B20
Kutubdia,2018,11,0,0,B20
Kutubdia,2018,12,0,0,B20
Kutubdia,2019,1,0,0,B20
Kutubdia,2019,2,4,0,B20
Kutubdia,2019,3,2,0,B20
Kutubdia,2019,4,9,0,B20
Kutubdia,2019,5,16,0,B20
Kutubdia,2019,6,4,2,B20
Kutubdia,2019,7,5,0,B20
Kutubdia,2019,8,4,0,B20
Kutubdia,2019,9,6,0,B20
Kutubdia,2019,10,3,0,B20
Kutubdia,2019,11,0,0,B20
Kutubdia,2019,12,0,0,B20
Kutubdia,2020,1,0,0,B20
Kutubdia,2020,2,0,0,B20
Kutubdia,2020,3,0,0,B20
Kutubdia,2020,4,19,0,B20
Kutubdia,2020,5,6,0,B20
Kutubdia,2020,6,4,0,B20
Kutubdia,2020,7,0,0,B20
Kutubdia,2020,8,2,0,B20
Kutubdia,2020,9,1,0,B20
Kutubdia,2020,10,3,0,B20
Kutubdia,2020,11,0,0,B20
Kutubdia,2020,12,0,0,B20
Kutubdia,2021,1,0,0,B20
Kutubdia,2021,2,0,0,B20
Kutubdia,2021,3,0,0,B20
Kutubdia,2021,4,2,0,B20
Kutubdia,2021,5,7,0,B20
Kutubdia,2021,6,18,0,B20
Kutubdia,2021,7,2,0,B20
Kutubdia,2021,8,0,0,B20
Kutubdia,2021,9,5,0,B20
Kutubdia,2021,10,5,0,B20
Kutubdia,2021,11,0,0,B20
Kutubdia,2021,12,0,0,B20
Kutubdia,2022,1,0,0,B20
Kutubdia,2022,2,0,0,B20
Kutubdia,2022,3,0,0,B20
Kutubdia,2022,4,5,0,B20
Kutubdia,2022,5,7,0,B20
Kutubdia,2022,6,0,0,B20
Kutubdia,2022,7,0,0,B20
Kutubdia,2022,8,0,0,B20
Kutubdia,2022,9,3,0,B20
Kutubdia,2022,10,4,1,B20
Kutubdia,2022,11,0,0,B20
Kutubdia,2022,12,0,0,B20
Kutubdia,2023,1,0,0,B20
Kutubdia,2023,2,0,0,B20
Kutubdia,2023,3,1,0,B20
Kutubdia,2023,4,0,0,B20
Kutubdia,2023,5,7,0,B20
Kutubdia,2023,6,0,0,B20
Kutubdia,2023,7,0,0,B20
Kutubdia,2023,8,0,0,B20
Kutubdia,2023,9,1,0,B20
Kutubdia,2023,10,2,0,B20
Kutubdia,2023,11,0,0,B20
Kutubdia,2023,12,0,0,B20
Kutubdia,2024,1,0,0,B20
Kutubdia,2024,2,0,0,B20
Kutubdia,2024,3,0,0,B20
Kutubdia,2024,4,0,0,B20
Kutubdia,2024,5,9,0,B20
Kutubdia,2024,6,1,0,B20
Maijdi Court,2015,1,0,0,B20
Maijdi Court,2015,2,1,0,B20
Maijdi Court,2015,3,4,0,B20
Maijdi Court,2015,4,26,3,B20
Maijdi Court,2015,5,16,1,B20
Maijdi Court,2015,6,19,0,B20
Maijdi Court,2015,7,15,0,B20
Maijdi Court,2015,8,14,0,B20
Maijdi Court,2015,9,9,2,B20
Maijdi Court,2015,10,4,0,B20
Maijdi Court,2015,11,0,0,B20
Maijdi Court,2015,12,0,0,B20
Maijdi Court,2016,1,0,0,B20
Maijdi Court,2016,2,7,0,B20
Maijdi Court,2016,3,9,0,B20
Maijdi Court,2016,4,6,0,B20
Maijdi Court,2016,5,31,1,B20
Maijdi Court,2016,6,14,1,B20
Maijdi Court,2016,7,12,0,B20
Maijdi Court,2016,8,7,0,B20
Maijdi Court,2016,9,9,1,B20
Maijdi Court,2016,10,16,0,B20
Maijdi Court,2016,11,0,0,B20
Maijdi Court,2016,12,0,0,B20
Maijdi Court,2017,1,0,0,B20
Maijdi Court,2017,2,0,0,B20
Maijdi Court,2017,3,4,1,B20
Maijdi Court,2017,4,30,0,B20
Maijdi Court,2017,5,21,1,B20
Maijdi Court,2017,6,23,2,B20
Maijdi Court,2017,7,0,1,B20
Maijdi Court,2017,8,13,3,B20
Maijdi Court,2017,9,22,0,B20
Maijdi Court,2017,10,2,1,B20
Maijdi Court,2017,11,0,0,B20
Maijdi Court,2017,12,0,0,B20
Maijdi Court,2018,1,0,0,B20
Maijdi Court,2018,2,0,0,B20
Maijdi Court,2018,3,5,0,B20
Maijdi Court,2018,4,25,1,B20
Maijdi Court,2018,5,40,0,B20
Maijdi Court,2018,6,28,0,B20
Maijdi Court,2018,7,4,0,B20
Maijdi Court,2018,8,4,0,B20
Maijdi Court,2018,9,11,0,B20
Maijdi Court,2018,10,0,0,B20
Maijdi Court,2018,11,0,0,B20
Maijdi Court,2018,12,0,0,B20
Maijdi Court,2019,1,0,0,B20
Maijdi Court,2019,2,12,0,B20
Maijdi Court,2019,3,9,0,B20
Maijdi Court,2019,4,19,0,B20
Maijdi Court,2019,5,19,0,B20
Maijdi Court,2019,6,10,0,B20
Maijdi Court,2019,7,14,0,B20
Maijdi Court,2019,8,4,0,B20
Maijdi Court,2019,9,4,1,B20
Maijdi Court,2019,10,16,0,B20
Maijdi Court,2019,11,2,0,B20
Maijdi Court,2019,12,0,0,B20
Maijdi Court,2020,1,0,0,B20
Maijdi Court,2020,2,0,0,B20
Maijdi Court,2020,3,2,0,B20
Maijdi Court,2020,4,43,0,B20
Maijdi Court,2020,5,15,0,B20
Maijdi Court,2020,6,28,0,B20
Maijdi Court,2020,7,1,0,B20
Maijdi Court,2020,8,6,1,B20
Maijdi Court,2020,9,7,0,B20
Maijdi Court,2020,10,12,0,B20
Maijdi Court,2020,11,0,0,B20
Maijdi Court,2020,12,0,0,B20
Maijdi Court,2021,1,0,0,B20
Maijdi Court,2021,2,0,0,B20
Maijdi Court,2021,3,0,0,B20
Maijdi Court,2021,4,2,0,B20
Maijdi Court,2021,5,17,0,B20
Maijdi Court,2021,6,17,0,B20
Maijdi Court,2021,7,3,0,B20
Maijdi Court,2021,8,0,0,B20
Maijdi Court,2021,9,10,1,B20
Maijdi Court,2021,10,11,0,B20
Maijdi Court,2021,11,0,0,B20
Maijdi Court,2021,12,0,0,B20
Maijdi Court,2022,1,0,0,B20
Maijdi Court,2022,2,2,0,B20
Maijdi Court,2022,3,0,0,B20
Maijdi Court,2022,4,4,0,B20
Maijdi Court,2022,5,7,0,B20
Maijdi Court,2022,6,5,0,B20
Maijdi Court,2022,7,4,0,B20
Maijdi Court,2022,8,4,0,B20
Maijdi Court,2022,9,7,0,B20
Maijdi Court,2022,10,4,0,B20
Maijdi Court,2022,11,0,0,B20
Maijdi Court,2022,12,0,0,B20
Maijdi Court,2023,1,0,0,B20
Maijdi Court,2023,2,0,0,B20
Maijdi Court,2023,3,3,0,B20
Maijdi Court,2023,4,6,0,B20
Maijdi Court,2023,5,6,0,B20
Maijdi Court,2023,6,6,0,B20
Maijdi Court,2023,7,0,0,B20
Maijdi Court,2023,8,0,0,B20
Maijdi Court,2023,9,12,1,B20
Maijdi Court,2023,10,0,0,B20
Maijdi Court,2023,11,0,0,B20
Maijdi Court,2023,12,0,0,B20
Maijdi Court,2024,1,0,0,B20
Maijdi Court,2024,2,0,0,B20
Maijdi Court,2024,3,5,0,B20
Maijdi Court,2024,4,6,0,B20
Maijdi Court,2024,5,27,0,B20
Maijdi Court,2024,6,7,0,B20
Rangamati,2015,1,0,0,B20
Rangamati,2015,2,0,0,B20
Rangamati,2015,3,15,0,B20
Rangamati,2015,4,48,0,B20
Rangamati,2015,5,21,0,B20
Rangamati,2015,6,31,0,B20
Rangamati,2015,7,2,0,B20
Rangamati,2015,8,20,0,B20
Rangamati,2015,9,13,0,B20
Rangamati,2015,10,27,0,B20
Rangamati,2015,11,0,0,B20
Rangamati,2015,12,0,0,B20
Rangamati,2016,1,0,0,B20
Rangamati,2016,2,8,0,B20
Rangamati,2016,3,12,0,B20
Rangamati,2016,4,10,0,B20
Rangamati,2016,5,36,1,B20
Rangamati,2016,6,45,0,B20
Rangamati,2016,7,8,0,B20
Rangamati,2016,8,22,1,B20
Rangamati,2016,9,22,0,B20
Rangamati,2016,10,22,2,B20
Rangamati,2016,11,4,0,B20
Rangamati,2016,12,0,0,B20
Rangamati,2017,1,0,0,B20
Rangamati,2017,2,0,0,B20
Rangamati,2017,3,20,0,B20
Rangamati,2017,4,56,1,B20
Rangamati,2017,5,32,0,B20
Rangamati,2017,6,69,0,B20
Rangamati,2017,7,7,0,B20
Rangamati,2017,8,30,0,B20
Rangamati,2017,9,34,0,B20
Rangamati,2017,10,28,1,B20
Rangamati,2017,11,0,0,B20
Rangamati,2017,12,0,0,B20
Rangamati,2018,1,0,0,B20
Rangamati,2018,2,0,0,B20
Rangamati,2018,3,5,0,B20
Rangamati,2018,4,46,0,B20
Rangamati,2018,5,81,0,B20
Rangamati,2018,6,69,0,B20
Rangamati,2018,7,10,0,B20
Rangamati,2018,8,23,0,B20
Rangamati,2018,9,37,1,B20
Rangamati,2018,10,8,0,B20
Rangamati,2018,11,0,0,B20
Rangamati,2018,12,0,0,B20
Rangamati,2019,1,0,0,B20
Rangamati,2019,2,16,0,B20
Rangamati,2019,3,4,0,B20
Rangamati,2019,4,26,1,B20
Rangamati,2019,5,35,0,B20
Rangamati,2019,6,46,0,B20
Rangamati,2019,7,24,0,B20
Rangamati,2019,8,21,3,B20
Rangamati,2019,9,41,0,B20
Rangamati,2019,10,18,0,B20
Rangamati,2019,11,0,0,B20
Rangamati,2019,12,0,0,B20
Rangamati,2020,1,0,0,B20
Rangamati,2020,2,0,0,B20
Rangamati,2020,3,0,0,B20
Rangamati,2020,4,47,0,B20
Rangamati,2020,5,18,0,B20
Rangamati,2020,6,38,0,B20
Rangamati,2020,7,7,0,B20
Rangamati,2020,8,11,0,B20
Rangamati,2020,9,10,0,B20
Rangamati,2020,10,18,1,B20
Rangamati,2020,11,6,0,B20
Rangamati,2020,12,0,0,B20
Rangamati,2021,1,0,0,B20
Rangamati,2021,2,0,0,B20
Rangamati,2021,3,0,0,B20
Rangamati,2021,4,5,0,B20
Rangamati,2021,5,19,0,B20
Rangamati,2021,6,23,0,B20
Rangamati,2021,7,7,0,B20
Rangamati,2021,8,16,0,B20
Rangamati,2021,9,44,0,B20
Rangamati,2021,10,12,0,B20
Rangamati,2021,11,0,0,B20
Rangamati,2021,12,0,0,B20
Rangamati,2022,1,0,0,B20
Rangamati,2022,2,0,0,B20
Rangamati,2022,3,0,0,B20
Rangamati,2022,4,7,0,B20
Rangamati,2022,5,42,0,B20
Rangamati,2022,6,30,0,B20
Rangamati,2022,7,32,0,B20
Rangamati,2022,8,35,1,B20
Rangamati,2022,9,19,0,B20
Rangamati,2022,10,19,0,B20
Rangamati,2022,11,0,0,B20
Rangamati,2022,12,0,0,B20
Rangamati,2023,1,0,0,B20
Rangamati,2023,2,0,0,B20
Rangamati,2023,3,11,0,B20
Rangamati,2023,4,6,0,B20
Rangamati,2023,5,27,0,B20
Rangamati,2023,6,32,0,B20
Rangamati,2023,7,7,0,B20
Rangamati,2023,8,6,0,B20
Rangamati,2023,9,35,0,B20
Rangamati,2023,10,0,0,B20
Rangamati,2023,11,0,0,B20
Rangamati,2023,12,0,0,B20
Rangamati,2024,1,0,0,B20
Rangamati,2024,2,0,0,B20
Rangamati,2024,3,3,0,B20
Rangamati,2024,4,2,0,B20
Rangamati,2024,5,85,0,B20
Rangamati,2024,6,22,0,B20
Sandwip,2015,1,0,0,B20
Sandwip,2015,2,0,0,B20
Sandwip,2015,3,6,0,B20
Sandwip,2015,4,51,0,B20
Sandwip,2015,5,16,0,B20
Sandwip,2015,6,19,1,B20
Sandwip,2015,7,23,2,B20
Sandwip,2015,8,8,1,B20
Sandwip,2015,9,45,6,B20
Sandwip,2015,10,38,2,B20
Sandwip,2015,11,0,0,B20
Sandwip,2015,12,0,0,B20
Sandwip,2016,1,0,0,B20
Sandwip,2016,2,5,0,B20
Sandwip,2016,3,14,1,B20
Sandwip,2016,4,5,0,B20
Sandwip,2016,5,40,3,B20
Sandwip,2016,6,31,3,B20
Sandwip,2016,7,16,3,B20
Sandwip,2016,8,34,2,B20
Sandwip,2016,9,39,3,B20
Sandwip,2016,10,44,2,B20
Sandwip,2016,11,16,0,B20
Sandwip,2016,12,0,0,B20
Sandwip,2017,1,0,0,B20
Sandwip,2017,2,0,0,B20
Sandwip,2017,3,14,0,B20
Sandwip,2017,4,50,2,B20
Sandwip,2017,5,31,3,B20
Sandwip,2017,6,70,0,B20
Sandwip,2017,7,17,0,B20
Sandwip,2017,8,48,3,B20
Sandwip,2017,9,38,1,B20
Sandwip,2017,10,14,2,B20
Sandwip,2017,11,0,0,B20
Sandwip,2017,12,0,0,B20
Sandwip,2018,1,0,0,B20
Sandwip,2018,2,1,0,B20
Sandwip,2018,3,0,0,B20
Sandwip,2018,4,30,0,B20
Sandwip,2018,5,66,2,B20
Sandwip,2018,6,23,1,B20
Sandwip,2018,7,3,0,B20
Sandwip,2018,8,21,0,B20
Sandwip,2018,9,41,1,B20
Sandwip,2018,10,3,0,B20
Sandwip,2018,11,0,0,B20
Sandwip,2018,12,0,0,B20
Sandwip,2019,1,0,0,B20
Sandwip,2019,2,17,0,B20
Sandwip,2019,3,6,0,B20
Sandwip,2019,4,23,4,B20
Sandwip,2019,5,50,0,B20
Sandwip,2019,6,41,2,B20
Sandwip,2019,7,51,0,B20
Sandwip,2019,8,12,1,B20
Sandwip,2019,9,14,2,B20
Sandwip,2019,10,34,0,B20
Sandwip,2019,11,0,0,B20
Sandwip,2019,12,0,0,B20
Sandwip,2020,1,0,0,B20
Sandwip,2020,2,0,0,B20
Sandwip,2020,3,0,1,B20
Sandwip,2020,4,49,1,B20
Sandwip,2020,5,37,2,B20
Sandwip,2020,6,39,1,B20
Sandwip,2020,7,5,0,B20
Sandwip,2020,8,13,1,B20
Sandwip,2020,9,16,1,B20
Sandwip,2020,10,13,1,B20
Sandwip,2020,11,7,0,B20
Sandwip,2020,12,0,0,B20
Sandwip,2021,1,0,0,B20
Sandwip,2021,2,0,0,B20
Sandwip,2021,3,0,0,B20
Sandwip,2021,4,2,0,B20
Sandwip,2021,5,10,1,B20
Sandwip,2021,6,36,3,B20
Sandwip,2021,7,5,2,B20
Sandwip,2021,8,8,1,B20
Sandwip,2021,9,27,5,B20
Sandwip,2021,10,12,0,B20
Sandwip,2021,11,0,0,B20
Sandwip,2021,12,0,0,B20
Sandwip,2022,1,0,0,B20
Sandwip,2022,2,4,0,B20
Sandwip,2022,3,0,0,B20
Sandwip,2022,4,8,0,B20
Sandwip,2022,5,32,1,B20
Sandwip,2022,6,44,2,B20
Sandwip,2022,7,14,4,B20
Sandwip,2022,8,22,8,B20
Sandwip,2022,9,58,5,B20
Sandwip,2022,10,22,2,B20
Sandwip,2022,11,0,0,B20
Sandwip,2022,12,3,0,B20
Sandwip,2023,1,0,0,B20
Sandwip,2023,2,0,0,B20
Sandwip,2023,3,20,0,B20
Sandwip,2023,4,13,1,B20
Sandwip,2023,5,32,2,B20
Sandwip,2023,6,43,4,B20
Sandwip,2023,7,13,2,B20
Sandwip,2023,8,21,2,B20
Sandwip,2023,9,48,10,B20
Sandwip,2023,10,8,0,B20
Sandwip,2023,11,0,0,B20
Sandwip,2023,12,0,0,B20
Sandwip,2024,1,0,0,B20
Sandwip,2024,2,0,0,B20
Sandwip,2024,3,12,1,B20
Sandwip,2024,4,5,0,B20
Sandwip,2024,5,50,4,B20
Sandwip,2024,6,50,2,B20
Sandwip,2024,7,5,0,B20
Sitakunda,2015,1,0,0,B20
Sitakunda,2015,2,0,0,B20
Sitakunda,2015,3,5,0,B20
Sitakunda,2015,4,25,2,B20
Sitakunda,2015,5,18,0,B20
Sitakunda,2015,6,12,0,B20
Sitakunda,2015,7,9,1,B20
Sitakunda,2015,8,13,2,B20
Sitakunda,2015,9,25,4,B20
Sitakunda,2015,10,24,10,B20
Sitakunda,2015,11,0,0,B20
Sitakunda,2015,12,0,0,B20
Sitakunda,2016,1,0,0,B20
Sitakunda,2016,2,4,0,B20
Sitakunda,2016,3,12,2,B20
Sitakunda,2016,4,6,1,B20
Sitakunda,2016,5,28,1,B20
Sitakunda,2016,6,24,5,B20
Sitakunda,2016,7,11,1,B20
Sitakunda,2016,8,36,1,B20
Sitakunda,2016,9,43,2,B20
Sitakunda,2016,10,18,3,B20
Sitakunda,2016,11,3,0,B20
Sitakunda,2016,12,0,0,B20
Sitakunda,2017,1,0,0,B20
Sitakunda,2017,2,0,0,B20
Sitakunda,2017,3,22,0,B20
Sitakunda,2017,4,44,1,B20
Sitakunda,2017,5,13,6,B20
Sitakunda,2017,6,60,4,B20
Sitakunda,2017,7,22,0,B20
Sitakunda,2017,8,41,7,B20
Sitakunda,2017,9,58,7,B20
Sitakunda,2017,10,17,6,B20
Sitakunda,2017,11,0,0,B20
Sitakunda,2017,12,0,0,B20
Sitakunda,2018,1,0,0,B20
Sitakunda,2018,2,1,0,B20
Sitakunda,2018,3,0,0,B20
Sitakunda,2018,4,26,0,B20
Sitakunda,2018,5,57,0,B20
Sitakunda,2018,6,31,1,B20
Sitakunda,2018,7,10,0,B20
Sitakunda,2018,8,10,0,B20
Sitakunda,2018,9,24,1,B20
Sitakunda,2018,10,6,0,B20
Sitakunda,2018,11,0,0,B20
Sitakunda,2018,12,0,0,B20
Sitakunda,2019,1,0,0,B20
Sitakunda,2019,2,8,0,B20
Sitakunda,2019,3,3,1,B20
Sitakunda,2019,4,23,3,B20
Sitakunda,2019,5,30,0,B20
Sitakunda,2019,6,7,2,B20
Sitakunda,2019,7,61,1,B20
Sitakunda,2019,8,9,4,B20
Sitakunda,2019,9,14,2,B20
Sitakunda,2019,10,17,0,B20
Sitakunda,2019,11,0,0,B20
Sitakunda,2019,12,0,0,B20
Sitakunda,2020,1,0,0,B20
Sitakunda,2020,2,0,0,B20
Sitakunda,2020,3,0,0,B20
Sitakunda,2020,4,29,0,B20
Sitakunda,2020,5,25,2,B20
Sitakunda,2020,6,17,2,B20
Sitakunda,2020,7,6,0,B20
Sitakunda,2020,8,11,1,B20
Sitakunda,2020,9,19,2,B20
Sitakunda,2020,10,23,3,B20
Sitakunda,2020,11,1,0,B20
Sitakunda,2020,12,0,0,B20
Sitakunda,2021,1,0,0,B20
Sitakunda,2021,2,0,0,B20
Sitakunda,2021,3,0,0,B20
Sitakunda,2021,4,2,0,B20
Sitakunda,2021,5,5,0,B20
Sitakunda,2021,6,23,1,B20
Sitakunda,2021,7,21,1,B20
Sitakunda,2021,8,25,3,B20
Sitakunda,2021,9,6,0,B20
Sitakunda,2021,10,22,1,B20
Sitakunda,2021,11,0,0,B20
Sitakunda,2021,12,0,0,B20
Sitakunda,2022,1,0,0,B20
Sitakunda,2022,2,2,0,B20
Sitakunda,2022,3,0,0,B20
Sitakunda,2022,4,7,0,B20
Sitakunda,2022,5,30,0,B20
Sitakunda,2022,6,76,1,B20
Sitakunda,2022,7,7,0,B20
Sitakunda,2022,8,13,2,B20
Sitakunda,2022,9,32,3,B20
Sitakunda,2022,10,16,1,B20
Sitakunda,2022,11,0,0,B20
Sitakunda,2022,12,0,0,B20
Sitakunda,2023,1,0,0,B20
Sitakunda,2023,2,0,0,B20
Sitakunda,2023,3,11,0,B20
Sitakunda,2023,4,5,0,B20
Sitakunda,2023,5,15,0,B20
Sitakunda,2023,6,31,0,B20
Sitakunda,2023,7,17,1,B20
Sitakunda,2023,8,7,0,B20
Sitakunda,2023,9,38,1,B20
Sitakunda,2023,10,0,0,B20
Sitakunda,2023,11,0,0,B20
Sitakunda,2023,12,0,0,B20
Sitakunda,2024,1,0,0,B20
Sitakunda,2024,2,0,0,B20
Sitakunda,2024,3,4,0,B20
Sitakunda,2024,4,5,0,B20
Sitakunda,2024,5,20,0,B20
Sitakunda,2024,6,18,0,B20
Teknaf,2015,1,0,0,B20
Teknaf,2015,2,0,0,B20
Teknaf,2015,3,3,0,B20
Teknaf,2015,4,14,0,B20
Teknaf,2015,5,12,0,B20
Teknaf,2015,6,56,0,B20
Teknaf,2015,7,7,0,B20
Teknaf,2015,8,6,1,B20
Teknaf,2015,9,18,0,B20
Teknaf,2015,10,12,0,B20
Teknaf,2015,11,0,0,B20
Teknaf,2015,12,0,0,B20
Teknaf,2016,1,0,0,B20
Teknaf,2016,2,0,0,B20
Teknaf,2016,3,0,0,B20
Teknaf,2016,4,4,0,B20
Teknaf,2016,5,41,2,B20
Teknaf,2016,6,33,0,B20
Teknaf,2016,7,20,0,B20
Teknaf,2016,8,6,1,B20
Teknaf,2016,9,2,0,B20
Teknaf,2016,10,27,1,B20
Teknaf,2016,11,2,1,B20
Teknaf,2016,12,0,0,B20
Teknaf,2017,1,0,0,B20
Teknaf,2017,2,0,0,B20
Teknaf,2017,3,5,0,B20
Teknaf,2017,4,27,0,B20
Teknaf,2017,5,13,0,B20
Teknaf,2017,6,17,0,B20
Teknaf,2017,7,1,0,B20
Teknaf,2017,8,0,0,B20
Teknaf,2017,9,15,0,B20
Teknaf,2017,10,7,0,B20
Teknaf,2017,11,0,0,B20
Teknaf,2017,12,0,0,B20
Teknaf,2018,1,0,0,B20
Teknaf,2018,2,0,0,B20
Teknaf,2018,3,0,0,B20
Teknaf,2018,4,2,0,B20
Teknaf,2018,5,9,0,B20
Teknaf,2018,6,3,0,B20
Teknaf,2018,7,0,0,B20
Teknaf,2018,8,0,0,B20
Teknaf,2018,9,0,0,B20
Teknaf,2018,10,0,0,B20
Teknaf,2018,11,0,0,B20
Teknaf,2018,12,0,0,B20
Teknaf,2019,1,0,0,B20
Teknaf,2019,2,0,0,B20
Teknaf,2019,3,1,0,B20
Teknaf,2019,4,4,0,B20
Teknaf,2019,5,6,0,B20
Teknaf,2019,6,17,0,B20
Teknaf,2019,7,0,0,B20
Teknaf,2019,8,0,0,B20
Teknaf,2019,9,16,0,B20
Teknaf,2019,10,3,0,B20
Teknaf,2019,11,0,0,B20
Teknaf,2019,12,0,0,B20
Teknaf,2020,1,0,0,B20
Teknaf,2020,2,0,0,B20
Teknaf,2020,3,0,0,B20
Teknaf,2020,4,13,0,B20
Teknaf,2020,5,12,0,B20
Teknaf,2020,6,1,0,B20
Teknaf,2020,7,5,0,B20
Teknaf,2020,8,0,0,B20
Teknaf,2020,9,0,0,B20
Teknaf,2020,10,0,0,B20
Teknaf,2020,11,0,0,B20
Teknaf,2020,12,0,0,B20
Teknaf,2021,1,0,0,B20
Teknaf,2021,2,0,0,B20
Teknaf,2021,3,0,0,B20
Teknaf,2021,4,0,0,B20
Teknaf,2021,5,5,0,B20
Teknaf,2021,6,0,0,B20
Teknaf,2021,7,0,0,B20
Teknaf,2021,8,22,0,B20
Teknaf,2021,9,0,0,B20
Teknaf,2021,10,0,0,B20
Teknaf,2021,11,0,0,B20
Teknaf,2021,12,0,0,B20
Teknaf,2022,1,0,0,B20
Teknaf,2022,2,0,0,B20
Teknaf,2022,3,0,0,B20
Teknaf,2022,4,3,0,B20
Teknaf,2022,5,25,0,B20
Teknaf,2022,6,32,0,B20
Teknaf,2022,7,0,0,B20
Teknaf,2022,8,6,0,B20
Teknaf,2022,9,2,0,B20
Teknaf,2022,10,7,0,B20
Teknaf,2022,11,0,0,B20
Teknaf,2022,12,0,0,B20
Teknaf,2023,1,0,0,B20
Teknaf,2023,2,0,0,B20
Teknaf,2023,3,0,0,B20
Teknaf,2023,4,1,0,B20
Teknaf,2023,5,0,0,B20
Teknaf,2023,6,3,0,B20
Teknaf,2023,7,0,0,B20
Teknaf,2023,8,0,0,B20
Teknaf,2023,9,0,0,B20
Teknaf,2023,10,0,0,B20
Teknaf,2023,11,0,0,B20
Teknaf,2023,12,0,0,B20
Faridpur,2015,8,,2,B21
Faridpur,2015,9,,3,B21
Faridpur,2015,10,,1,B21
Faridpur,2015,11,,0,B21
Faridpur,2015,12,,0,B21
Madaripur,2015,7,,1,B21
Madaripur,2015,8,,0,B21
Madaripur,2015,9,,0,B21
Madaripur,2015,10,,0,B21
Madaripur,2015,11,,0,B21
Madaripur,2015,12,,0,B21
Srimangal,2015,6,,17,B21
Srimangal,2015,7,,12,B21
Srimangal,2015,8,,17,B21
Srimangal,2015,9,,11,B21
Srimangal,2015,10,,3,B21
Srimangal,2015,11,,0,B21
Srimangal,2015,12,,0,B21
Sylhet,2015,7,,7,B21
Sylhet,2015,8,,9,B21
Sylhet,2015,9,,7,B21
Sylhet,2015,10,,14,B21
Sylhet,2015,11,,0,B21
Sylhet,2015,12,,0,B21
Bogura,2015,7,,4,B21
Bogura,2015,8,,0,B21
Bogura,2015,9,,0,B21
Bogura,2015,10,,0,B21
Bogura,2015,11,,0,B21
Bogura,2015,12,,0,B21
Dinajpur,2015,7,,4,B21
Dinajpur,2015,8,,3,B21
Dinajpur,2015,9,,0,B21
Dinajpur,2015,10,,2,B21
Dinajpur,2015,11,,0,B21
Dinajpur,2015,12,,0,B21
Ishurdi,2015,1,,0,B21
Ishurdi,2015,2,,0,B21
Ishurdi,2015,3,,0,B21
Ishurdi,2015,4,,3,B21
Ishurdi,2015,5,,3,B21
Ishurdi,2015,6,,0,B21
Ishurdi,2015,7,,11,B21
Ishurdi,2015,8,,0,B21
Ishurdi,2015,9,,1,B21
Ishurdi,2015,10,,0,B21
Ishurdi,2015,11,,0,B21
Ishurdi,2015,12,,0,B21
Rajshahi,2015,8,,1,B21
Rajshahi,2015,9,,3,B21
Rajshahi,2015,10,,0,B21
Rajshahi,2015,11,,0,B21
Rajshahi,2015,12,,0,B21
Rangpur,2015,7,,5,B21
Rangpur,2015,8,,3,B21
Rangpur,2015,9,,7,B21
Rangpur,2015,10,,0,B21
Rangpur,2015,11,,0,B21
Rangpur,2015,12,,0,B21
Sayedpur,2015,7,,4,B21
Sayedpur,2015,8,,6,B21
Sayedpur,2015,9,,1,B21
Sayedpur,2015,10,,1,B21
Sayedpur,2015,11,,0,B21
Sayedpur,2015,12,,0,B21
Chuadanga,2015,7,,1,B21
Chuadanga,2015,8,,1,B21
Chuadanga,2015,9,,1,B21
Chuadanga,2015,10,,0,B21
Chuadanga,2015,11,,0,B21
Chuadanga,2015,12,,0,B21
Chandpur,2024,8,,6,B21
