District_Name,Fiscal_Start_Year,Fiscal_End_Year,Reserved_Forest_Section_20_Acre,Reserved_Forest_Section_4_6_Acre,Protected_Area,Acquired_Vested_Forest,Unclassed_State_Forest_FD_Acre,Total_Forest_FD_Acre,Unclassed_State_Forest_Admin_Acre,Total_Forest_Land
Dhaka,2019,2020,0,934.74,0,0,0,934.74,0,934.74
Dhaka,2020,2021,0,934.74,0,0,0,934.74,0,934.74
Dhaka,2021,2022,0,934.74,0,0,0,934.74,0,934.74
Dhaka,2022,2023,0,934.74,0,0,0,934.74,0,934.74
Dhaka,2023,2024,0,934.74,0,0,0,934.74,0,934.74
Gazipur,2019,2020,44189.9,20983.31,0,0,0,65173.21,0,65173.21
Gazipur,2020,2021,44189.9,20983.31,0,0,0,65173.21,0,65173.21
Gazipur,2021,2022,44189.9,20983.31,0,0,0,65173.21,0,65173.21
Gazipur,2022,2023,44189.9,20983.31,0,0,0,65173.21,0,65173.21
Gazipur,2023,2024,44189.9,20983.31,0,0,0,65173.21,0,65173.21
Mymensingh,2019,2020,34555.11,4305.03,0,0,0,38860.14,0,38860.14
Mymensingh,2020,2021,34555.11,4305.03,0,0,0,38860.14,0,38860.14
Mymensingh,2021,2022,34555.11,4305.03,0,0,0,38860.14,0,38860.14
Mymensingh,2022,2023,34555.11,4305.03,0,0,0,38860.14,0,38860.14
Mymensingh,2023,2024,34555.11,4305.03,0,0,0,38860.14,0,38860.14
Jamalpur,2019,2020,0,10364.39,0,0,0,10364.39,0,10364.39
Jamalpur,2020,2021,0,10364.39,0,0,0,10364.39,0,10364.39
Jamalpur,2021,2022,0,10364.39,0,0,0,10364.39,0,10364.39
Jamalpur,2022,2023,0,10364.39,0,0,0,10364.39,0,10364.39
Jamalpur,2023,2024,0,10364.39,0,0,0,10364.39,0,10364.39
Sherpur,2019,2020,6324.7,13759.45,0,0,0,20084.15,0,20084.15
Sherpur,2020,2021,6324.7,13759.45,0,0,0,20084.15,0,20084.15
Sherpur,2021,2022,6324.7,13759.45,0,0,0,20084.15,0,20084.15
Sherpur,2022,2023,6324.7,13759.45,0,0,0,20084.15,0,20084.15
Sherpur,2023,2024,6324.7,13759.45,0,0,0,20084.15,0,20084.15
Netrokona,2019,2020,591.97,1381.6,0,0,0,1973.57,0,1973.57
Netrokona,2020,2021,591.97,1381.6,0,0,0,1973.57,0,1973.57
Netrokona,2021,2022,591.97,1381.6,0,0,0,1973.57,0,1973.57
Netrokona,2022,2023,591.97,1381.6,0,0,0,1973.57,0,1973.57
Netrokona,2023,2024,591.97,1381.6,0,0,0,1973.57,0,1973.57
Tangail,2019,2020,73815.69,49061.21,0,0,0,122876.9,0,122876.9
Tangail,2020,2021,73815.69,49061.21,0,0,0,122876.9,0,122876.9
Tangail,2021,2022,73815.69,49061.21,0,0,0,122876.9,0,122876.9
Tangail,2022,2023,73815.69,49061.21,0,0,0,122876.9,0,122876.9
Tangail,2023,2024,73815.69,49061.21,0,0,0,122876.9,0,122876.9
Sylhet,2019,2020,23900.63,25538.85,0,0,0,49439.48,988.88,50428.36
Sylhet,2020,2021,23900.63,25538.85,0,0,0,49439.48,988.88,50428.36
Sylhet,2021,2022,23900.63,25538.85,0,0,0,49439.48,988.88,50428.36
Sylhet,2022,2023,23900.63,25538.85,0,0,0,49439.48,988.88,50428.36
Sylhet,2023,2024,23900.63,25538.85,0,0,0,49439.48,988.88,50428.36
Habiganj,2019,2020,33885.73,274,0,0,0,34159.73,2200,36359.73
Habiganj,2020,2021,33885.73,274,0,0,0,34159.73,2200,36359.73
Habiganj,2021,2022,33885.73,274,0,0,0,34159.73,2200,36359.73
Habiganj,2022,2023,33885.73,274,0,0,0,34159.73,2200,36359.73
Habiganj,2023,2024,33885.73,274,0,0,0,34159.73,2200,36359.73
Moulvi Bazar,2019,2020,59332.62,40.7,0,10932,0,70305.32,1079.41,71384.73
Moulvi Bazar,2020,2021,59332.62,40.7,0,10932,0,70305.32,1079.41,71384.73
Moulvi Bazar,2021,2022,59332.62,40.7,0,10932,0,70305.32,1079.41,71384.73
Moulvi Bazar,2022,2023,59332.62,40.7,0,10932,0,70305.32,1079.41,71384.73
Moulvi Bazar,2023,2024,59332.62,40.7,0,10932,0,70305.32,1079.41,71384.73
Sunamganj,2019,2020,6434.15,11578.16,0,,0,18012.31,0,18012.31
Sunamganj,2020,2021,6434.15,11578.16,0,,0,18012.31,0,18012.31
Sunamganj,2021,2022,6434.15,11578.16,0,,0,18012.31,0,18012.31
Sunamganj,2022,2023,6434.15,11578.16,0,,0,18012.31,0,18012.31
Sunamganj,2023,2024,6434.15,11578.16,0,,0,18012.31,0,18012.31
Chattogram,2019,2020,210626.04,,46435.46,16402.82,0,426089.18,0,426089.18
Chattogram,2020,2021,210626.04,,46435.46,16402.82,0,426089.18,0,426089.18
Chattogram,2021,2022,210626.04,,46435.46,16402.82,0,426089.18,0,426089.18
Chattogram,2022,2023,210626.04,,46435.46,16402.82,0,426089.18,0,426089.18
Chattogram,2023,2024,210626.04,,46435.46,16402.82,0,426089.18,0,426089.18
Cox's Bazar,2019,2020,152986.4,22667.14,33521.42,0,0,209174.96,0,209174.96
Cox's Bazar,2020,2021,152986.4,22667.14,33521.42,0,0,209174.96,0,209174.96
Cox's Bazar,2021,2022,152986.4,22667.14,33521.42,0,0,209174.96,0,209174.96
Cox's Bazar,2022,2023,152986.4,22667.14,33521.42,0,0,209174.96,0,209174.96
Cox's Bazar,2023,2024,152986.4,22667.14,33521.42,0,0,209174.96,0,209174.96
Bandarban,2019,2020,242668.4,21830.8,0,0,38644.75,303143.95,494372.54,797516.49
Bandarban,2020,2021,242668.4,21830.8,0,0,38644.75,303143.95,494372.54,797516.49
Bandarban,2021,2022,242668.4,21830.8,0,0,38644.75,303143.95,494372.54,797516.49
Bandarban,2022,2023,242668.4,21830.8,0,0,38644.75,303143.95,494372.54,797516.49
Bandarban,2023,2024,242668.4,21830.8,0,0,38644.75,303143.95,494372.54,797516.49
Rangamati,2019,2020,573261.21,41401.88,0,1.5,0,614664.59,763890.54,1378555.13
Rangamati,2020,2021,573261.21,41401.88,0,1.5,0,614664.59,763890.54,1378555.13
Rangamati,2021,2022,573261.21,41401.88,0,1.5,0,614664.59,763890.54,1378555.13
Rangamati,2022,2023,573261.21,41401.88,0,1.5,0,614664.59,763890.54,1378555.13
Rangamati,2023,2024,573261.21,41401.88,0,1.5,0,614664.59,763890.54,1378555.13
Khagrachhari,2019,2020,88492.83,7342.67,0,0,4202.76,100038.26,454077.95,554116.21
Khagrachhari,2020,2021,88492.83,7342.67,0,0,4202.76,100038.26,454077.95,554116.21
Khagrachhari,2021,2022,88492.83,7342.67,0,0,4202.76,100038.26,454077.95,554116.21
Khagrachhari,2022,2023,88492.83,7342.67,0,0,4202.76,100038.26,454077.95,554116.21
Khagrachhari,2023,2024,88492.83,7342.67,0,0,4202.76,100038.26,454077.95,554116.21
Kumilla,2019,2020,0,1720.92,0,0,0,1720.92,0,1720.92
Kumilla,2020,2021,0,1720.92,0,0,0,1720.92,0,1720.92
Kumilla,2021,2022,0,1720.92,0,0,0,1720.92,0,1720.92
Kumilla,2022,2023,0,1720.92,0,0,0,1720.92,0,1720.92
Kumilla,2023,2024,0,1720.92,0,0,0,1720.92,0,1720.92
Feni,2019,2020,2191.43,18000,0,0,0,20191.43,0,20191.43
Feni,2020,2021,2191.43,18000,0,0,0,20191.43,0,20191.43
Feni,2021,2022,2191.43,18000,0,0,0,20191.43,0,20191.43
Feni,2022,2023,2191.43,18000,0,0,0,20191.43,0,20191.43
Feni,2023,2024,2191.43,18000,0,0,0,20191.43,0,20191.43
Bagerhat,2019,2020,566512.95,,0,0,0,566512.95,0,566512.95
Bagerhat,2020,2021,566512.95,,0,0,0,566512.95,0,566512.95
Bagerhat,2021,2022,566512.95,,0,0,0,566512.95,0,566512.95
Bagerhat,2022,2023,566512.95,,0,0,0,566512.95,0,566512.95
Bagerhat,2023,2024,566512.95,,0,0,0,566512.95,0,566512.95
Khulna,2019,2020,546081.61,,0,0,0,546081.61,0,546081.61
Khulna,2020,2021,546081.61,,0,0,0,546081.61,0,546081.61
Khulna,2021,2022,546081.61,,0,0,0,546081.61,0,546081.61
Khulna,2022,2023,546081.61,,0,0,0,546081.61,0,546081.61
Khulna,2023,2024,546081.61,,0,0,0,546081.61,0,546081.61
Satkhira,2019,2020,370354.18,,0,0,0,370354.18,0,370354.18
Satkhira,2020,2021,370354.18,,0,0,0,370354.18,0,370354.18
Satkhira,2021,2022,370354.18,,0,0,0,370354.18,0,370354.18
Satkhira,2022,2023,370354.18,,0,0,0,370354.18,0,370354.18
Satkhira,2023,2024,370354.18,,0,0,0,370354.18,0,370354.18
Rangpur,2019,2020,1678.47,1749.03,0,21.54,0,3449.04,0,3449.04
Rangpur,2020,2021,1678.47,1749.03,0,21.54,0,3449.04,0,3449.04
Rangpur,2021,2022,1678.47,1749.03,0,21.54,0,3449.04,0,3449.04
Rangpur,2022,2023,1678.47,1749.03,0,21.54,0,3449.04,0,3449.04
Rangpur,2023,2024,1678.47,1749.03,0,21.54,0,3449.04,0,3449.04
Nilphamari,2019,2020,0,,648.59,551.49,0,1200.08,0,1200.08
Nilphamari,2020,2021,0,,648.59,551.49,0,1200.08,0,1200.08
Nilphamari,2021,2022,0,,648.59,551.49,0,1200.08,0,1200.08
Nilphamari,2022,2023,0,,648.59,551.49,0,1200.08,0,1200.08
Nilphamari,2023,2024,0,,648.59,551.49,0,1200.08,0,1200.08
Kurigram,2019,2020,128.59,,0,0,0,128.59,0,128.59
Kurigram,2020,2021,128.59,,0,0,0,128.59,0,128.59
Kurigram,2021,2022,128.59,,0,0,0,128.59,0,128.59
Kurigram,2022,2023,128.59,,0,0,0,128.59,0,128.59
Kurigram,2023,2024,128.59,,0,0,0,128.59,0,128.59
Lalmonirhat,2019,2020,82.62,,0,0,0,82.62,0,82.62
Lalmonirhat,2020,2021,82.62,,0,0,0,82.62,0,82.62
Lalmonirhat,2021,2022,82.62,,0,0,0,82.62,0,82.62
Lalmonirhat,2022,2023,82.62,,0,0,0,82.62,0,82.62
Lalmonirhat,2023,2024,82.62,,0,0,0,82.62,0,82.62
Dinajpur,2019,2020,14609.76,3455.38,0,0,0,18065.14,0,18065.14
Dinajpur,2020,2021,14609.76,3455.38,0,0,0,18065.14,0,18065.14
Dinajpur,2021,2022,14609.76,3455.38,0,0,0,18065.14,0,18065.14
Dinajpur,2022,2023,14609.76,3455.38,0,0,0,18065.14,0,18065.14
Dinajpur,2023,2024,14609.76,3455.38,0,0,0,18065.14,0,18065.14
Thakurgaon,2019,2020,1591.68,,0,0,0,1591.68,0,1591.68
Thakurgaon,2020,2021,1591.68,,0,0,0,1591.68,0,1591.68
Thakurgaon,2021,2022,1591.68,,0,0,0,1591.68,0,1591.68
Thakurgaon,2022,2023,1591.68,,0,0,0,1591.68,0,1591.68
Thakurgaon,2023,2024,1591.68,,0,0,0,1591.68,0,1591.68
Panchagarh,2019,2020,501.38,4049.49,0,0,0,4550.87,0,4550.87
Panchagarh,2020,2021,501.38,4049.49,0,0,0,4550.87,0,4550.87
Panchagarh,2021,2022,501.38,4049.49,0,0,0,4550.87,0,4550.87
Panchagarh,2022,2023,501.38,4049.49,0,0,0,4550.87,0,4550.87
Panchagarh,2023,2024,501.38,4049.49,0,0,0,4550.87,0,4550.87
Naogaon,2019,2020,473.95,,5991.7,681.99,0,7147.64,0,7147.64
Naogaon,2020,2021,473.95,,5991.7,681.99,0,7147.64,0,7147.64
Naogaon,2021,2022,473.95,,5991.7,681.99,0,7147.64,0,7147.64
Naogaon,2022,2023,473.95,,5991.7,681.99,0,7147.64,0,7147.64
Naogaon,2023,2024,473.95,,5991.7,681.99,0,7147.64,0,7147.64
Noakhali,2019,2020,72132.36,307867.64,4784.72,0,0,384784.72,0,384784.72
Noakhali,2020,2021,72132.36,307867.64,4784.72,0,0,384784.72,0,384784.72
Noakhali,2021,2022,72132.36,307867.64,4784.72,0,0,384784.72,0,384784.72
Noakhali,2022,2023,72132.36,307867.64,4784.72,0,0,384784.72,0,384784.72
Noakhali,2023,2024,72132.36,307867.64,4784.72,0,0,384784.72,0,384784.72
Lakshmipur,2019,2020,0,50000,0,0,0,50000,0,50000
Lakshmipur,2020,2021,0,50000,0,0,0,50000,0,50000
Lakshmipur,2021,2022,0,50000,0,0,0,50000,0,50000
Lakshmipur,2022,2023,0,50000,0,0,0,50000,0,50000
Lakshmipur,2023,2024,0,50000,0,0,0,50000,0,50000
Patuakhali,2019,2020,58723.87,91276.13,0,0,0,150000,0,150000
Patuakhali,2020,2021,58723.87,91276.13,0,0,0,150000,0,150000
Patuakhali,2021,2022,58723.87,91276.13,0,0,0,150000,0,150000
Patuakhali,2022,2023,58723.87,91276.13,0,0,0,150000,0,150000
Patuakhali,2023,2024,58723.87,91276.13,0,0,0,150000,0,150000
Barguna,2019,2020,30533.9,44466.1,0,0,0,75000,0,75000
Barguna,2020,2021,30533.9,44466.1,0,0,0,75000,0,75000
Barguna,2021,2022,30533.9,44466.1,0,0,0,75000,0,75000
Barguna,2022,2023,30533.9,44466.1,0,0,0,75000,0,75000
Barguna,2023,2024,30533.9,44466.1,0,0,0,75000,0,75000
Pirojpur,2019,2020,0,543.66,0,0,0,543.66,0,543.66
Pirojpur,2020,2021,0,543.66,0,0,0,543.66,0,543.66
Pirojpur,2021,2022,0,543.66,0,0,0,543.66,0,543.66
Pirojpur,2022,2023,0,543.66,0,0,0,543.66,0,543.66
Pirojpur,2023,2024,0,543.66,0,0,0,543.66,0,543.66
Bhola,2019,2020,94245.39,265754.61,0,0,0,360000,0,360000
Bhola,2020,2021,94245.39,265754.61,0,0,0,360000,0,360000
Bhola,2021,2022,94245.39,265754.61,0,0,0,360000,0,360000
Bhola,2022,2023,94245.39,265754.61,0,0,0,360000,0,360000
Bhola,2023,2024,94245.39,265754.61,0,0,0,360000,0,360000
