Sheet,Title as published,Group
Administrative Information,Administrative Boundary,Theme narrative page
Climate and Climate Change,Weather and Climate,Theme narrative page
Content,Contents of Thematic Areas,Workbook front matter
Demographic and Socio-ecomonic,Socio-Economic Indicators,Theme narrative page
Ecosystem and Biodiversity,Bio-Ecological Zone,Theme narrative page
Environment and Natural Resourc,Physiography and Geology,Theme narrative page
GIS T_1,Land Areas of Bangladesh,GIS layer inventory
GIS T_1 (2),Maritime Areas of Bangladesh,GIS layer inventory
GIS T_10,Coastal Areas in Bangladesh by Districts,GIS layer inventory
GIS T_11,Protected Areas in Bangladesh,GIS layer inventory
GIS T_12,Ecologically Critical Area (ECA) in Bangladesh,GIS layer inventory
GIS T_15,Forest Areas in Bangladesh,GIS layer inventory
GIS T_17,"Number of Tree Species Identified, Tree and Sapling Stem Densities and Basal Area by Land Cover Class, Ranked by Basal Area (m2/ha)",GIS layer inventory
GIS T_18,Erosion and Accretion Based on Riverbank Line During 1989 -2020 in Bangladesh,GIS layer inventory
GIS T_2,Administrative Units in Bangladesh,GIS layer inventory
GIS T_20,Number and Area (sqkm) of Haors by District and Land Type,GIS layer inventory
GIS T_22,Area (acres) of Different Open Sspaces for Public Use in City Corporations,GIS layer inventory
GIS T_24,Flood Affected Areas in Bangladesh,GIS layer inventory
GIS T_25,Cyclone Affected Area in Bangladesh,GIS layer inventory
GIS T_26,Number of Cyclone Shelter by Districts in Bangladesh,GIS layer inventory
GIS T_27,Parts Per Thousand (PPT) Surface Water Saline Prone Aareas in Bangladesh,GIS layer inventory
GIS T_28,"Arsenic Contamination by District/Station, 2019",GIS layer inventory
GIS T_29,Devastating Nor 'wester and Tornadoes,GIS layer inventory
GIS T_3,Road Network Length of Roads and Highways as Per Road Type,GIS layer inventory
GIS T_30,Storm Surge and Tornado Prone Areas in Bangladesh,GIS layer inventory
GIS T_33,Distribution of Disaster Affected Area and Loss of Major Crops During 2015-2020 in Bangladesh,GIS layer inventory
GIS T_38,Change the Land Use Between 2000 and 2019,GIS layer inventory
GIS T_4,Road Length (km) of Bangladesh,GIS layer inventory
GIS T_40,Area and Change in Number of Populations in the Coastal Region,GIS layer inventory
GIS T_41,Key Demographic Indicators in 2022 and 2011,GIS layer inventory
GIS T_42,Number of Populations in 2022 and 2011,GIS layer inventory
GIS T_43,"Distribution of Population Age (5+), Sex, Literacy and Level of Education by Division, 2015-2020",GIS layer inventory
GIS T_44,Division Wise Population Distribution Due to Cause of Migration During 2015-2020 in Bangladesh,GIS layer inventory
GIS T_45,"Household Got Early Warning by Type of Media, 2021 & 2015",GIS layer inventory
GIS T_5,Physiography of Bangladesh,GIS layer inventory
GIS T_6,Total Length of Rivers in Bangladesh,GIS layer inventory
GIS T_6 (2),Major Rivers of Bangladesh,GIS layer inventory
GIS T_6 (3),The Padma-Ganges and its Distribution System of Bangladesh,GIS layer inventory
GIS T_6 (4),The Meghna and Surma System of Bangladesh,GIS layer inventory
GIS T_6 (5),Jamuna -Brahmaputra System of Bangladesh,GIS layer inventory
GIS T_6 (6),Other Rivers in North West Region Systems of Bangladesh,GIS layer inventory
GIS T_6 (7),Rivers in Chattogram Region Systems of Bangladesh,GIS layer inventory
GIS T_7,Maximum Average Temperature During 1988 - 2018 and 2021,GIS layer inventory
GIS T_8,Minimum Average Temperature During 1988-2018 and 2021,GIS layer inventory
GIS T_9,Average Rainfall During 1988 - 2018 and 2021,GIS layer inventory
Hazard and Natural Disaster,Climatic Hazard,Theme narrative page
T 3.01,"Emissions of Greenhouse Gases by Category, 2005, 2012 and 2019",Theme 3 table
T 3.01 (12),"Emissions of Greenhouse Gases by Category, 2019-2024",Theme 3 table
T 3.01 (13),"Emissions of Greenhouse Gases by Category, 2019-2024",Theme 3 table
T 3.01 (2),"Emissions of Greenhouse Gases by Category, 2005, 2012 and 2019-2024",Theme 3 table
T 3.01 (3),"Emissions of Greenhouse Gases by Category, 2005, 2012 and 2019-2024",Theme 3 table
"T 3.02,3.03 (8)","Consumption of Ozone Depleting Substances (ODSs), 2019-2024 In ODP* Tons",Theme 3 table
T 3.03,Quantity of Waste Water Produced by Type (Cubic Meter),Theme 3 table
T 3.07,"Release of Chemical FertilizersUsed, 2015-2019 & 2019-20 to 2023-2024 M. Ton",Theme 3 table
T 3.09,Pesticide Consumption For The Year 2008-2016 Used in MT/KL (Metric ton/ Kilo Litre),Theme 3 table
"T 302,3.03","Consumption of Ozone Depleting Substances (ODSs), 2010-2018",Theme narrative page
"T 302,3.03 (2)","Consumption of Ozone Depleting Substances (ODSs), 2010-2024",Theme narrative page
T 4.05,"Occurrence of Natural Extreme Events and Disasters by District, 2015-2019",Theme 4 table
T 4.05 (2),"Occurrence of Natural Extreme Events and Disasters by District, 2015-2019",Theme 4 table
T 4.05 (4),"Occurrence of Natural Extreme Events and Disasters by District, 2015-2019",Theme 4 table
T 4.06,"People Affected by Natural Extreme Events and Disasters by Division and District, 2019",Theme 4 table
T 4.06 (10),"People Affected by Natural Extreme Events and Disasters by Division and District, 2015-2019",Theme 4 table
T 4.06 (11),"People Affected by Natural Extreme Events and Disasters by Division and District, 2015-2019",Theme 4 table
T 4.06 (2),"People Affected by Natural Extreme Events and Disasters by Division and District, 2015-2019",Theme 4 table
T 4.06 (3),"People Affected by Natural Extreme Events and Disasters by Division and District, 2015-2019",Theme 4 table
T 4.06 (4),"People Affected by Natural Extreme Events and Disasters by Division and District, 2015-2019",Theme 4 table
T 4.06 (5),"People Affected by Natural Extreme Events and Disasters by Division and District, 2015-2019",Theme 4 table
T 4.06 (6),"People Affected by Natural Extreme Events and Disasters by Division and District, 2015-2019",Theme 4 table
T 4.06 (7),"People Affected by Natural Extreme Events and Disasters by Division and District, 2015-2019",Theme 4 table
T 4.06 (8),"People Affected by Natural Extreme Events and Disasters by Division and District, 2015-2019",Theme 4 table
T 4.07,"Physical Losses/Damages Due to Natural Extreme Events and Disasters by District, 2019-2024",Theme 4 table
T 4.07 (2),"Physical Losses/Damages Due to Natural Extreme Events and Disasters by District, 2015-2024",Theme 4 table
T 4.07 (3),"Physical Losses/Damages Due to Natural Extreme Events and Disasters by District, 2015-2024",Theme 4 table
T 4.07(5),"Physical Losses/Damages Due to Natural Extreme Events and Disasters by District, 2015-2019",Theme 4 table
T 4.08,"Direct Impact on Fixed Assets for Dwelling by District, 2015-2024",Theme 4 table
T 4.08 (2),"Direct Impact on Fixed Assets for Dwelling by District, 2015-2024",Theme 4 table
T 4.09,"Impacts on Agriculture Land by Disasters, 2015-2024",Theme 4 table
T 4.09 (2),"Impacts on Livestock by Disasters, 2015-2024",Theme 4 table
T 4.09 (3),"Impacts on Fish Stocks by Disasters, 2015-2024",Theme 4 table
T 4.09 (4),"Impacts on Managed Forest by Disasters, 2015-2024",Theme 4 table
T 4.10,"Critical Infrastructures by Hospitals, Health Facilitie, 2015-2019 Number Number",Theme 4 table
T 4.10 (2),"Critical Infrastructures by Education Facilities, 2015-2019 Number",Theme 4 table
T 4.10 (3),"Critical Infrastructures by Other Critical Public Administration Building , 2015-2019 Number",Theme 4 table
T 4.10 (4),"Critical Infrastructures by Public Monuments , 2015-2019 Number",Theme 4 table
T 4.10 (5),"Critical Infrastructures by Roads, 2015-2019 Number",Theme 4 table
T 4.10 (6),"Critical Infrastructures by Bridges, 2015-2019 Number",Theme 4 table
T 4.10 (7),"Critical Infrastructures by Transport Equipments, 2015-2019 Number",Theme 4 table
T 4.10 (8),"Critical Infrastructures by ICT Equipments , 2015-2019 Number",Theme 4 table
T 4.10 (9),"Critical Infrastructures by Dams , 2015-2019 Number",Theme 4 table
T 4.11,"Occurrence of Recurrence of Technological Disasters by District, 2015-2019",Theme 4 table
T 4.11 (2),"Occurrence of Recurrence of Technological Disasters by District, 2015-2019",Theme 4 table
T 4.11 (3),"Occurrence ofRecurrence of Technological Disasters by District, 2015-2019",Theme 4 table
T 4.14,"People Affect by Technological Disasters, 2015-2019",Theme 4 table
T 4.14 (2),"People affect by technological disasters, 2015-2019",Theme 4 table
T 4.14 (3),"People Affect by Technological Disasters, 2015-2019",Theme 4 table
T 4.14 (4),"People Affect by Technological Disasters, 2015-2019",Theme 4 table
T 5.01,Population Living in Urban Area,Theme 5 table
T 5.01 (2),Population Living in Rural Areas,Theme 5 table
T 5.01 (3),Number of Total Urban Areas,Theme 5 table
T 5.01 (4),Number of Total Rural Areas,Theme 5 table
T 5.18,Census of Slum Areas and Floating Population 2014,Theme 5 table
T 5.18 (2),Census of Slum Areas and Floating Population 2014,Theme 5 table
T 5.19,"Table 5.19 : Distribution of slums by locality (City Corporation, Municipalities & Other Urban Areas)",Theme 5 table
T 5.37 (2),Key Findings of Population and Housing Census (1974-2022),Theme 5 table
T 5.39 (7),"Access to Selected Basic Services for Population, 2019-2024",Theme 5 table
T 5.39 (8),"Access to selected basic services for Population, 2000-2024",Theme 5 table
T 5.42,"Different Types of Roads & Highways, 2011-2024",Theme 5 table
T 5.43,"Number of Registered Motor Vehicles by Category, 2015-2019",Theme 5 table
T 5.48,"Environmental Concerns Specific to Urban Settlements,Dhaka, 2015-2019",Theme 5 table
T 5.48 (2),"Environmental Concerns Specific to Uurban Settlements,Dhaka, 2015-2018",Theme 5 table
T 5.59,"Airborne Diseases by District, 2017-2020",Theme 5 table
T 5.61,"Waterborne Disease, by District, 2017-2020",Theme 5 table
T 5.62,"Vector Borne Diseases by District, 2017-2020",Theme 5 table
T 6.01,"Government environmental protection and resource management expenditure by District, 2019-20",Theme 6 table
T 6.03 (2),Total Expenditure (Current and Capital Expenditure) on Natural Resource Management (Million BDT.),Theme 6 table
T 6.03 (3),Total Expenditure (Current & Capital) to Protect Environment (Million BDT.),Theme 6 table
T 6.04 (2),"Government Environmental Institutions and their Resources, 2019-20 to 2023-24",Theme 6 table
T 6.04 (3),"Government Environmental Institutions and their Resources, 2019-20 to 2023-24",Theme 6 table
T 6.04 (4),"Government Environmental Institutions and their Resources, 2019-20 to 2023-24",Theme 6 table
T 6.05,"Participation in MEAs and Environmental Conventions, 2015-2024",Theme 6 table
T1.04,Annual Rainfall at Selected Stations of Bangladesh 2011-18,Theme 1 table
T1.22,Main Rivers According to Length,Theme 1 table
T1.24,Areas of Major Standing Water Bodies,Theme 1 table
T1.25,Lakes of Bangladesh,Theme 1 table
T1.30,"Length of District wise International Boundary along with India (West Bengal/ Assam/Meghalaya/ Tripura Sector), 2024",Theme 1 table
T1.32,Coastal and Territorial Sea Waters Areas of Bangladesh,Theme 1 table
T1.33,Territorial Sea:,Theme 1 table
T1.33b,Exclusive Economic Zone:,Theme 1 table
T1.34,Soil Characteristics by Area and Location,Theme 1 table
T1.41,"Salinization by District, 1973, 2000, 2009",Theme 1 table
T1.42,River Erosion 2020,Theme 1 table
T1.43,"Acidification, 2000",Theme 1 table
T1.47 (10),"Area under Land Cover Categories, 2015 & 2023 (In Sq. Km)",Theme 1 table
T1.47 (11),"Area under Land Cover Categories, 2015 & 2023 (In Sq. Km)",Theme 1 table
T1.47 (12),"Area under Land Cover Categories, 2015 & 2023 (In Sq. Km)",Theme 1 table
T1.47 (13),"Area under Land Cover Categories, 2015 & 2023 (In Sq. Km)",Theme 1 table
T1.47 (3),"Area under Land Cover Categories, 2015 & 2023 (In Sq. Km)",Theme 1 table
T1.47 (4),"Area under Land Cover Categories, 2015 & 2023 (In Sq. Km)",Theme 1 table
T1.47 (5),"Area under Land Cover Categories, 2015 & 2023 (In Sq. Km)",Theme 1 table
T1.47 (6),"Area under Land Cover Categories, 2015 & 2023 (In Sq. Km)",Theme 1 table
T1.47 (7),"Area under Land Cover Categories, 2015 & 2023 (In Sq. Km)",Theme 1 table
T1.47 (8),"Area under Land Cover Categories, 2015 & 2023 (In Sq. Km)",Theme 1 table
T1.47 (9),"Area under Land Cover Categories, 2015 & 2023 (In Sq. Km)",Theme 1 table
T1.48b,"Area Under Land Cover Categories, 2000-2019",Theme 1 table
T1.50,"General Ecosystem Characteristics, Extent and Pattern, 2010-2024",Theme 1 table
T1.50 e,Time%20Series%20Env.%20Database.xlsx#T1.50c!A1,Theme 1 table
T1.50b,"General Ecosystem Characteristics, Extent and Pattern, 2010-2024",Theme 1 table
T1.50c,"General Ecosystem Characteristics, Extent and Pattern, 2010-2024",Theme 1 table
T1.50d,"General Ecosystem Characteristics, Extent and Pattern, 2010-2024",Theme 1 table
T1.54,"General Soil Type and Districts, 1997",Theme 1 table
T1.66 (2),Total Area of Protected Forest From 2015-16.,Theme 1 table
T1.66 (3),Total Area of Reserved Forests From 2019-20 to 2023-2024,Theme 1 table
T1.66 (4),SEEA Forest Cover Class 2015 (sq. km),Theme 1 table
T1.72,"Protected Terrestrial and Marine Species Area by District, 2024 (Ecologically Critical Area [ECA] Declared Under Bangladesh Environment Conservation Act, 1995) Area in Hectares",Theme 1 table
T1.74,"Name of Botanical Garden, Area and Location of Bangladesh",Theme 1 table
T1.74a,"Noise levels from specific sources, Location and pollution quality by District/ Station, 2019-2024",Theme 1 table
T1.76,"Name of Eco-Park, Area and Location of Bangladesh",Theme 1 table
T1.82,Local Air Quality. 2010-2024,Theme 1 table
T1.82 e,Local Air Quality. 2010-2024,Theme 1 table
"T1.82b,",Local Aair Quality. 2010-2024,Theme 1 table
T1.82c,Local Air Quality. 2010-2024,Theme 1 table
T1.82d,Local Air Quality. 2010-2024,Theme 1 table
T1.82f,Local Air Quality. 2010-2024,Theme 1 table
T2.001b,Natural Gas Reserve in Bangladesh Unit: Billion Cubic Feet,Theme 2 table
T2.002,"Production and Trade of Minerals, 2010-11 to 2023-24",Theme 2 table
T2.002b,"Production and Trade of Minerals, 2010-11 to 202324",Theme 2 table
T2.113,Area Irrigated under Different Means and Different Crops 2019-20 To 2021-22 (Area in Acres),Theme 2 table
T2.113 (2),"Land Ownership by Division and District, 2019",Theme 2 table
T2.174,"Table 2.174: Cropping Area & Production (Pulses) by District, 2019-2024",Theme 2 table
T2.43,"Production of Energy, 2015-16 to 2023-224",Theme 2 table
T2.43 b,"Production From Non-renewable Energy , 2015-2024",Theme 2 table
T2.43 d,"Production From Non-renewable Energy, 2015-2019 & 2019-20 to 2023-24",Theme 2 table
T2.43 g,"Production From Renewable Sourc, 2015-2024",Theme 2 table
T2.43 h,"Production From Renewable Sourc, 2015-2016 & 2019-20 to 2023-24",Theme 2 table
T2.43c,Natural Gas Reserve in Bangladesh Unit: Billion Cubic Feet,Theme 2 table
T2.43j,"Production From Renewable Sourc, 2015-2018 & 2019-20 to 2023-24",Theme 2 table
T2.44 (2),Imports of Energy from 2015-16 to 2023-24,Theme 2 table
T2.44 (3),"Per Capita Consumption (GRID), 2004-05 to 2018-19",Theme 2 table
T2.44(4),"Per Capita Generation and Consumption (GRID), 2019-20 to 2023-24",Theme 2 table
T2.45,Access to Electricity,Theme 2 table
T2.51,"Area Under Land Use Categories by District, 2015 Area in Sq. Km.",Theme 2 table
T2.51(2),"Area Under Land Use Categories by District, 2015 & 2023 Area in Sq. Km.",Theme 2 table
T2.51(3),"Area Under Land Use Categories by District, 2015 and 2023 Area in Sq. Km.",Theme 2 table
T2.51(4),"Area Under Land not in use Categories by District, 2015 & 2023 Area in Sq. Km.",Theme 2 table
T2.51(5),"Area Under Land Other uses of inland water Categories by District, 2015 & 2023 Area in Sq. Km.",Theme 2 table
T2.51(6),"Area Under Land Inland waters not in use Categories by District, 2015 & 2023 Area in Sq. Km.",Theme 2 table
T2.52,"General Soil Type by Soil Characteristics, 1997",Theme 2 table
T2.52 (10),"General Soil Type by Soil Characteristics, 1997",Theme 2 table
T2.52 (11),"General Soil Type by Soil Characteristics, 1997",Theme 2 table
T2.52 (12),"General Soil Type by Soil Characteristics, 1997",Theme 2 table
T2.52 (13),"General Soil Type by Soil Characteristics, 1997",Theme 2 table
T2.52 (14),"General Soil Type by Soil Characteristics, 1997",Theme 2 table
T2.52 (15),"General Soil Type, 2015- 2019",Theme 2 table
T2.52 (16),"General Soil Type by Soil Characteristics, 1997",Theme 2 table
T2.52 (2,"General Soil Type by Soil Characteristics, 1997",Theme 2 table
T2.52 (3),"General Soil Type by Soil Characteristics, 1997",Theme 2 table
T2.52 (4),"General Soil Type by Soil Characteristics, 1997",Theme 2 table
T2.52 (5),"General Soil Type by Soil Characteristics, 1997",Theme 2 table
T2.52 (6),"General Soil Type by Soil Characteristics, 1997",Theme 2 table
T2.52 (7),"General Soil Type by Soil Characteristics, 1997",Theme 2 table
T2.52 (8),"General Soil Type by Soil Characteristics, 1997",Theme 2 table
T2.52 (9),"General Soil Type by Soil Characteristics, 1997",Theme 2 table
T2.52(0),"General Soil type and Districts, 1997*",Theme 2 table
T2.52(17),"General Soil Type by Soil Characteristics, 1997",Theme 2 table
T2.52(18),"General Soil Type by Soil Characteristics, 1997",Theme 2 table
T2.52(19),"General Soil Type by Soil Characteristics, 1997",Theme 2 table
T2.52(20),"General Soil Type by Soil Characteristics, 1997",Theme 2 table
T2.52(21),"General Soil Type by Soil Characteristics, 1997",Theme 2 table
T2.52(22),"General Soil Type by Soil Characteristics, 1997",Theme 2 table
T2.52(23),"General Soil Type by Soil Characteristics, 1997",Theme 2 table
T2.52(24),"General Soil Type by Soil Characteristics, 1997",Theme 2 table
T2.53,"Physiography Unit by District, 2013",Theme 2 table
T2.57,"Aquatic Resources and Amount by District, 2019-20 to 2023-24",Theme 2 table
T2.57 (2),"Aquatic Resources and Amount by District, 2019",Theme 2 table
T2.57 (3),"Aquatic Resources and Amount by District, 2019-20 to 2023-24",Theme 2 table
T2.57 (4),"Aquatic Resources and Amount by District, 2019",Theme 2 table
T2.58,"Aquatic Resources and Amount by District, 2019",Theme 2 table
T2.58 (2),"Aquatic Resources and Amount by District, 2019",Theme 2 table
T2.58 (3),"Aquatic Resources and Amount by District, 2019",Theme 2 table
T2.58 (4),"Aquatic Resources and Amount by District, 2019",Theme 2 table
T2.58 (5),"Aquatic Resources and Amount by District, 2019",Theme 2 table
T2.59,"Area Harveste of Perennial crops , 2019-20 to 2021-22",Theme 2 table
T2.59 (2),"Production of Perennial crops , 2019-20 to 2021-22",Theme 2 table
T3.10,Amount of Hazardous Waste Generated (Metric Ton),Theme 3 table
T3.11,Quantity of Solid Waste Gets Collected (Metric Ton),Theme 3 table
T3.12,"Monthly Solid Wast and Organic Waste Generated of Household by Division and Location, 2024",Theme 3 table
T3.13,Treatment of Waste Water by Type of Treatment (Cubic Meter),Theme 3 table
T3.14 (2),Treatment of Industrial Waste Water by type of Treatment (Cubic Meter),Theme 3 table
T3.14 (3),Treatment of Industrial Waste Water by type of Treatment (Cubic Meter),Theme 3 table
T3.15,Treatment of Hazardous Waste by type of Treatment (Metric Ton),Theme 3 table
T3.16,Disposal of Solid Waste by Disposal Method (Metric Ton),Theme 3 table
T3.17,Municipal Solid Waste Generated,Theme 3 table
T3.18,Disposal of Solid Waste by Disposal Method (Metric Ton),Theme 3 table
T3.19,Composition and Amount of Collected Organic Solid Waste (in Metric Ton) by Types of Municipalities,Theme 3 table
T3.21,Disposal of Solid Waste by Disposal Method (Metric Ton),Theme 3 table
T3.23,Quantity of Solid Waste Gets Collected (Metric Ton),Theme 3 table
T3.24,Disposal of Solid Waste by Disposal Method (Metric Ton),Theme 3 table
T3.25,Disposal of Solid Waste by Disposal Method (Metric Ton),Theme 3 table
T5.01(4),Number of Total Rural Areas,Theme 5 table
T5.37,"General Household by Main Source of Drinking Water, Division and Location, 2022",Theme 5 table
T5.63,"Urban General Household by Floor Material of Main Dwelling by District, 2022",Theme 5 table
T6.09 (2),"Knowledge and Perception About Climate Change by Division and District, 2015-2020",Theme 6 table
Template,Name of the Indicators,Workbook front matter
