"693","22","archive","32961",,,"disk0/00/00/06/93","2018-11-08 10:45:26","2024-04-17 09:21:23","2018-11-08 11:06:26","data_collection",,,"show","","",,,,"Sarker","Swapan Kumar","","",,,"","",,,,,"","","glaresearchdata:2018-11-07-693","Mangrove biodiversity in the Bangladesh Sundarbans","pub","","20300000","",,,,,"Funded by Commonwealth Scholarship Commission (BDCA-2013-6)","The dataset contains biodiversity and environmental data collected from the Sundarbans mangrove forest in Bangladesh.

The rows in the first column contains the plot (permanent sample plot, PSP) numbers.  The remaining columns represent the:
> estimated values of the alpha, beta and gamma diversity measures (for q =1,2,& 3)
> environmental and biotic variables &
> latitude & longitude of the plots

Plot level raw species data can be collected upon request from the Bangladesh Forest Department (nirmal@bforest.gov.bd)","2018-11-07","published",,,,,"University of Glasgow",,,,,,,,"10.5525/gla.researchdata.693",,,,,,,,,,,,,"","","","",,"","",,,,,,"",,,,,,,"",,,,,"",,,,,"","","Spreadsheet",,,,"","Dr. Swapan Kumar Sarker",,,,,"169191","","The influence of selective breeding on MHC diversity","Louise Matthews","Biotechnology and Biological Sciences Research Council (BBSRC)","BB/L004070/1","Institute of Biodiversity, Animal Health and Comparative Medicine","",,,"TRUE","",,,,,,"Tree (counts) and environmental data were collected from the 110 permanent sample plots (PSP, 0.2 ha each) in the Sundarbans. Nine soil samples were collected from each PSP. Then we measured soil sand, silt and clay percentages, salinity, pH, oxidation reduction potential (ORP), NH4, P, K, Mg, Fe, Zn, Cu and sulphide concentrations. For determining the percentage of sand, slit and clay in soil, we used the hydrometer method (Klute et al., 1986).  We measured soil salinity (as electrical conductivity) in a 1:5 distilled water:soil dilution (Hardie & Doyle, 2012) using a conductivity meter. Soil pH and oxidation reduction potential were measured in the field using soil pH and oxidation reduction potential meters. We followed the Kjeldahl method (Bremner & Breitenbeck, 1983) to determine soil NH4, and the molybdovanadate method (Ueda & Wada, 1970) to determine total P concentrations. Soil K, Mg, Fe and Zn concentrations were measured using an atomic absorption spectrophotometer.",,,,,"EN",,,,"2014-01","2014-06",,,,"","",,"2028-11-07","R",,"","",,,"","","",,,,,,,,"","","","","","",,"FALSE",,,,"FALSE","Modelling spatial biodiversity in the world’s largest mangrove ecosystem-The Bangladesh Sundarbans: a baseline for conservation","https://eprints.gla.ac.uk/id/eprint/177796"
"693",,,,,,,,,,,,,,,,,,,"Reeve","Richard","","","11344","0000-0003-2589-8091",,,,,,,,,,,,,,,,,,,,,,,,,,,,,,,,,,,,,,,,,,,,,,,,,,,,,,,,,,,,,,,,,,,,,,,,,,,,,,,"Text",,,,,,,,,,"173099",,"Mathematical Theory and Biological Applications of Diversity","Richard Reeve","Biotechnology and Biological Sciences Research Council (BBSRC)","BB/P004202/1","Institute of Biodiversity, Animal Health and Comparative Medicine",,,,,,,,,,,,,,,,,,,,,,,,,,,,,,,,,,,,,,,,,,,,,,,,,,,,,,,,,,
"693",,,,,,,,,,,,,,,,,,,"Paul","Nirmal K.","","",,,,,,,,,,,,,,,,,,,,,,,,,,,,,,,,,,,,,,,,,,,,,,,,,,,,,,,,,,,,,,,,,,,,,,,,,,,,,,,,,,,,,,,,,,,,,,,,,,,,,,,,,,,,,,,,,,,,,,,,,,,,,,,,,,,,,,,,,,,,,,,,,,,,,,,,,,,
"693",,,,,,,,,,,,,,,,,,,"Matthiopoulos","Jason","","","29488","0000-0003-3639-8172",,,,,,,,,,,,,,,,,,,,,,,,,,,,,,,,,,,,,,,,,,,,,,,,,,,,,,,,,,,,,,,,,,,,,,,,,,,,,,,,,,,,,,,,,,,,,,,,,,,,,,,,,,,,,,,,,,,,,,,,,,,,,,,,,,,,,,,,,,,,,,,,,,,,,,,,,
