StationID,Latitude,Longitude
GT0108001,22.67,89.79
GT0108002,22.65,89.72
GT0134003,22.77,89.7
GT0156004,22.93,89.82
GT0160005,22.46,89.86
GT0160006,22.43,89.86
GT0314001,22.23,92.17
GT0314002,22.24,92.24
GT0351003,21.85,92.24
GT0351004,21.88,92.13
GT0351005,21.78,92.27
GT0409001,22.2,90.29
GT0409002,22.13,90.27
GT0419003,22.25,90.06
GT0428004,22.15,90.16
GT0485005,22.08,89.94
GT0603001,22.83,90.28
GT0607002,22.61,90.45
GT0610003,22.82,90.21
GT0632006,22.97,90.22
GT0632007,22.92,90.26
GT0632008,22.93,90.24
GT0636009,22.96,90.52
GT0651005,22.71,90.36
GT0662010,22.84,90.52
GT0669011,22.92,90.4
GT0918001,22.67,90.64
GT0925002,22.2,90.75
GT0929003,22.63,90.75
GT0954004,22.32,90.71
GT0954005,22.32,90.76
GT0954006,22.32,90.77
GT0954007,22.31,90.79
GT1006001,24.81,89.08
GT1006002,24.81,89
GT1006003,24.77,89.12
GT1020004,24.89,89.34
GT1020005,24.93,89.39
GT1020006,24.79,89.36
GT1020007,24.86,89.41
GT1027008,24.74,89.58
GT1033009,24.89,89.15
GT1040010,24.82,89.51
GT1040011,24.96,89.43
GT1040012,24.87,89.45
GT1054013,24.86,89.25
GT1054014,24.79,89.26
GT1067015,24.71,89.22
GT1081016,24.83,89.62
GT1081017,24.89,89.6
GT1081018,24.94,89.64
GT1081019,24.94,89.57
GT1081020,24.79,89.63
GT1088021,24.62,89.39
GT1088022,24.66,89.45
GT1088023,24.68,89.38
GT1094024,24.98,89.26
GT1094025,25.06,89.32
GT1095026,25.01,89.49
GT1095027,25.01,89.54
GT1202001,23.81,91.19
GT1202002,23.84,91.24
GT1204003,23.8,90.88
GT1213005,23.96,91.24
GT1213006,24.01,91.14
GT1213007,23.96,91.18
GT1263008,23.79,91.13
GT1285009,23.85,91.07
GT1285010,23.83,91.02
GT1285011,23.86,90.99
GT1290012,24.2,91.19
GT1290013,24.17,91.26
GT1294014,24.08,91.2
GT1322001,23.28,90.66
GT1322002,23.27,90.7
GT1322003,23.15,90.66
GT1322004,23.15,90.67
GT1345005,23.2,90.78
GT1349006,23.3,90.85
GT1349007,23.25,90.81
GT1349008,23.25,90.86
GT1358009,23.33,90.9
GT1358010,23.44,90.83
GT1358011,23.35,90.83
GT1358012,23.38,90.9
GT1358013,23.39,90.85
GT1376014,23.37,90.71
GT1376015,23.41,90.73
GT1376016,23.34,90.75
GT1376017,23.45,90.64
GT1376018,23.39,90.78
GT1376019,23.41,90.68
GT1504001,22.22,91.88
GT1504002,22.13,91.88
GT1504003,22.19,91.88
GT1504004,22.18,91.98
GT1508005,22.03,91.93
GT1512006,22.37,91.99
GT1528008,22.24,91.8
GT1533009,22.86,91.7
GT1533011,22.7,91.69
GT1533012,22.76,91.71
GT1537015,22.44,91.79
GT1553013,22.75,91.56
GT1553014,22.79,91.59
GT1553016,22.69,91.61
GT1557017,22.4,91.83
GT1561018,22.27,92.03
GT1561019,22.29,92.01
GT1570020,22.5,92.11
GT1570021,22.44,92.09
GT1574022,22.47,91.94
GT1574023,22.54,91.92
GT1574024,22.5,91.91
GT1574025,22.6,91.93
GT1578026,22.55,91.5
GT1578027,22.49,91.5
GT1578028,22.45,91.46
GT1578029,22.45,91.5
GT1578030,22.4,91.49
GT1582031,22.09,92
GT1582032,22.11,92.1
GT1582033,22.07,92.07
GT1586034,22.58,91.7
GT1586035,22.52,91.69
GT1815001,23.74,88.93
GT1815002,23.78,88.88
GT1815003,23.76,88.84
GT1815004,23.71,88.98
GT1815005,23.74,88.8
GT1815006,23.71,88.84
GT1815501,23.69,88.94
GT1823007,23.65,88.89
GT1823008,23.59,88.85
GT1823009,23.6,88.89
GT1823502,23.65,88.84
GT1831010,23.65,88.78
GT1831011,23.61,88.71
GT1855012,23.44,88.85
GT1909001,23.4,91.06
GT1909002,23.35,91.04
GT1909003,23.3,91.03
GT1918004,23.58,91.15
GT1918005,23.51,91.05
GT1918006,23.55,91.11
GT1918007,23.57,91.07
GT1918008,23.51,91.1
GT1918009,23.51,91.15
GT1927010,23.48,90.91
GT1931011,23.29,91.23
GT1931012,23.28,91.29
GT1931013,23.33,91.26
GT1931014,23.24,91.25
GT1936019,23.53,90.74
GT1936020,23.54,90.73
GT1936021,23.58,90.77
GT1936022,23.5,90.76
GT1940023,23.62,91.02
GT1940024,23.54,91.02
GT1954025,23.63,90.73
GT1967015,23.46,91.23
GT1967016,23.5,91.2
GT1967017,23.46,91.13
GT1967018,23.39,91.15
GT1972026,23.25,91.16
GT1972027,23.18,91.14
GT1972028,23.31,91.17
GT1972029,23.24,91.1
GT1981030,23.61,90.91
GT1981031,23.66,90.94
GT1981032,23.7,90.92
GT2216001,21.72,92.04
GT2216002,21.78,92.01
GT2216003,21.85,92.01
GT2216004,21.64,92.06
GT2224005,21.51,92.01
GT2224006,21.47,91.99
GT2245008,21.84,91.86
GT2249009,21.52,91.91
GT2266010,21.42,92.04
GT2266011,21.46,92.08
GT2266012,21.39,92.08
GT2266013,21.42,92.1
GT2290014,20.9,92.25
GT2290015,21.06,92.17
GT2290016,21.02,92.22
GT2290017,20.96,92.24
GT2294018,21.25,92.09
GT2608001,23.83,90.42
GT2614002,23.87,90.22
GT2614003,23.91,90.22
GT2614004,23.97,90.19
GT2616005,23.74,90.37
GT2618006,23.58,90.14
GT2618007,23.6,90.1
GT2638008,23.69,90.34
GT2642009,23.72,90.41
GT2648010,23.79,90.37
GT2650011,23.75,90.37
GT2650012,23.76,90.36
GT2662015,23.66,90.21
GT2662016,23.68,90.13
GT2668019,23.75,90.43
GT2668020,23.73,90.44
GT2672017,23.87,90.31
GT2672018,23.92,90.31
GT2688021,23.7,90.42
GT2710001,25.4,88.93
GT2712002,26.04,88.65
GT2712003,25.95,88.67
GT2712004,26.01,88.62
GT2712005,25.89,88.68
GT2712006,25.95,88.61
GT2712007,25.87,88.72
GT2717008,25.65,88.56
GT2717009,25.7,88.52
GT2717501,25.59,88.54
GT2721010,25.73,88.46
GT2721011,25.82,88.45
GT2721502,25.79,88.5
GT2721503,25.86,88.48
GT2730012,25.7,88.78
GT2730013,25.71,88.84
GT2730014,25.65,88.81
GT2730015,25.76,88.85
GT2730016,25.61,88.79
GT2738017,25.46,88.88
GT2738018,25.48,88.93
GT2743019,25.29,89.23
GT2747021,25.29,89.07
GT2747022,25.33,89.01
GT2756023,25.77,88.64
GT2756024,25.82,88.6
GT2756025,25.81,88.68
GT2756026,25.85,88.56
GT2756027,25.81,88.55
GT2760029,25.9,88.78
GT2764030,25.57,88.67
GT2764031,25.6,88.64
GT2764032,25.65,88.69
GT2764033,25.62,88.7
GT2764034,25.52,88.68
GT2764035,25.75,88.71
GT2764036,25.54,88.73
GT2764037,25.58,88.7
GT2764038,25.54,88.63
GT2764039,25.65,88.69
GT2769040,25.42,89.07
GT2777041,25.62,88.95
GT2777042,25.59,88.9
GT2777043,25.69,88.91
GT2910001,23.4,89.96
GT2918002,23.37,89.67
GT2918003,23.42,89.73
GT2918004,23.44,89.68
GT2918005,23.41,89.72
GT2918501,23.46,89.62
GT2918502,23.39,89.69
GT2918503,23.39,89.64
GT2918504,23.5,89.71
GT2921006,23.57,89.95
GT2947007,23.6,89.85
GT2947008,23.55,89.78
GT2947505,23.55,89.8
GT2947506,23.54,89.76
GT2956009,23.6,89.57
GT2962010,23.4,89.77
GT2962011,23.48,89.88
GT2962012,23.46,89.92
GT2962013,23.44,89.79
GT2962014,23.41,89.88
GT2984015,23.47,90.05
GT2984016,23.51,89.94
GT3014001,23.03,91.5
GT3014002,22.98,91.52
GT3025003,22.98,91.3
GT3029004,22.98,91.39
GT3051005,23.08,91.46
GT3051006,23.13,91.48
GT3051007,23.21,91.45
GT3094008,22.83,91.37
GT3224001,25.41,89.57
GT3224002,25.32,89.48
GT3224003,25.32,89.48
GT3230004,25.13,89.39
GT3230005,25.21,89.38
GT3230006,25.12,89.37
GT3230007,25.19,89.35
GT3267008,25.27,89.35
GT3267009,25.3,89.41
GT3282010,25.39,89.47
GT3282011,25.39,89.45
GT3282012,25.47,89.46
GT3282013,25.41,89.43
GT3288014,25.13,89.56
GT3288015,25.16,89.53
GT3288016,25.07,89.57
GT3291017,25.55,89.46
GT3291018,25.59,89.51
GT3330001,23.93,90.42
GT3330002,23.96,90.48
GT3330020,23.9,90.39
GT3332003,24.11,90.3
GT3332004,24.21,90.32
GT3332005,24.16,90.31
GT3332006,24.09,90.34
GT3332007,24.15,90.35
GT3332008,24.13,90.28
GT3334009,23.96,90.54
GT3334010,24,90.58
GT3336011,24.2,90.63
GT3336012,24.16,90.67
GT3336013,24.13,90.62
GT3386014,24.22,90.48
GT3386015,24.18,90.54
GT3386016,24.17,90.51
GT3386017,24.27,90.53
GT3386018,24.28,90.35
GT3386019,24.28,90.49
GT3532001,23.12,89.91
GT3532002,23.06,89.95
GT3532004,23.04,89.9
GT3532005,23.04,89.83
GT3543006,23.22,89.72
GT3543007,23.19,89.86
GT3543008,23.15,89.78
GT3543009,23.15,89.86
GT3551010,22.94,89.99
GT3551011,23.11,90.07
GT3551012,23.02,90.07
GT3551013,23.1,90
GT3558014,23.32,89.87
GT3558015,23.27,89.92
GT3591003,22.85,89.9
GT3602001,24.54,91.3
GT3605003,24.39,91.57
GT3611004,24.52,91.44
GT3611005,24.47,91.4
GT3626007,24.15,91.56
GT3626008,24.17,91.62
GT3626009,24.18,91.51
GT3626010,24.13,91.5
GT3626011,24.22,91.54
GT3626012,24.21,91.46
GT3644013,24.34,91.45
GT3668014,24.29,91.26
GT3671015,24.17,91.41
GT3671016,24.18,91.36
GT3671017,24.13,91.36
GT3671018,24.22,91.39
GT3671019,24.01,91.37
GT3671020,24.06,91.34
GT3677022,24.58,91.55
GT3847001,25.13,89.06
GT3847002,25.13,88.98
GT3847003,25.12,89.12
GT3861004,25.02,89.15
GT3861005,24.98,89.12
GT3874006,25.23,89.07
GT3874007,25.21,89.14
GT3874008,25.23,89.01
GT3907001,25.24,89.86
GT3915002,25.23,89.79
GT3929003,25.1,89.76
GT3929004,25.08,89.7
GT3929005,25.13,89.7
GT3929006,25.03,89.72
GT3936007,24.82,90.14
GT3936008,24.85,89.98
GT3936009,24.85,89.91
GT3936010,24.84,90.05
GT3936011,24.88,90.1
GT3936012,24.76,89.97
GT3936013,24.9,89.93
GT3958014,24.92,89.78
GT3958015,24.87,89.74
GT3961016,24.98,89.81
GT3985017,24.78,89.82
GT4104001,23.01,89.37
GT4104501,23.06,89.41
GT4104502,23,89.48
GT4109002,23.26,89.28
GT4109503,23.25,89.37
GT4123006,23.14,89.05
GT4123007,23.02,89.05
GT4138008,22.88,89.19
GT4138009,22.89,89.24
GT4138010,22.88,89.3
GT4138504,22.83,89.21
GT4147003,23.2,89.27
GT4147004,23.24,89.17
GT4147005,23.21,89.22
GT4161011,22.96,89.24
GT4161012,23.02,89.26
GT4190013,23.14,88.97
GT4190014,23.08,88.93
GT4240001,22.63,90.19
GT4284002,22.61,90.16
GT4414001,23.62,89.09
GT4414002,23.68,89.09
GT4419003,23.48,89.23
GT4419004,23.48,89.16
GT4419005,23.53,89.09
GT4433006,23.39,89.2
GT4433007,23.39,89.15
GT4433008,23.36,89.1
GT4433501,23.33,89.16
GT4442009,23.45,88.98
GT4442502,23.4,88.98
GT4471010,23.32,88.8
GT4471011,23.36,88.9
GT4471012,23.27,88.75
GT4471503,23.28,88.87
GT4480013,23.69,89.25
GT4480014,23.73,89.27
GT4480015,23.65,89.32
GT4480016,23.69,89.14
GT4480017,23.6,89.32
GT4480018,23.71,89.3
GT4480019,23.71,89.3
GT4480020,23.71,89.31
GT4480021,23.71,89.18
GT4480022,23.68,89.25
GT4680002,22.94,91.81
GT4680003,22.93,91.76
GT4712001,22.75,89.48
GT4717002,22.6,89.49
GT4717003,22.62,89.49
GT4721004,22.89,89.39
GT4730005,22.78,89.42
GT4751006,22.79,89.58
GT4764007,22.58,89.31
GT4769008,22.98,89.46
GT4775009,22.78,89.62
GT4794010,22.95,89.68
GT4794011,22.9,89.68
GT4802001,24.31,91.16
GT4802002,24.34,91.11
GT4805003,24.24,90.99
GT4805004,24.26,91.04
GT4805005,24.24,90.86
GT4811006,24.07,91.02
GT4811007,24.12,91
GT4827008,24.47,90.71
GT4827009,24.45,90.65
GT4833010,24.52,91.06
GT4833011,24.59,91.1
GT4842012,24.48,90.91
GT4842013,24.46,90.98
GT4845014,24.33,90.82
GT4845015,24.28,90.82
GT4849016,24.43,90.81
GT4849017,24.48,90.8
GT4849018,24.51,90.8
GT4849019,24.4,90.85
GT4854020,24.18,90.88
GT4854021,24.16,90.95
GT4876022,24.27,90.93
GT4876024,24.35,90.98
GT4876025,24.32,91.01
GT4879026,24.33,90.76
GT4879027,24.29,90.71
GT4879028,24.36,90.7
GT4892029,24.58,90.92
GT4909002,25.6,89.74
GT4952003,25.8,89.7
GT4952004,25.77,89.63
GT4952005,25.85,89.68
GT4961006,25.97,89.66
GT4961007,25.91,89.71
GT4994008,25.66,89.63
GT4994009,25.68,89.59
GT5015001,24.01,89.01
GT5015002,24.12,88.97
GT5015003,24.12,88.97
GT5015004,24.11,88.95
GT5015005,24.12,88.94
GT5015006,24.12,88.95
GT5015007,24.11,88.95
GT5015008,24.12,88.94
GT5015009,24.01,88.98
GT5015501,24.02,89.01
GT5039010,23.97,88.94
GT5039011,24,88.9
GT5039012,23.95,88.86
GT5039013,24.1,88.87
GT5039014,24.02,88.78
GT5039015,23.98,88.79
GT5039016,24.04,88.87
GT5039017,23.98,88.83
GT5039018,24.1,88.83
GT5039502,24.05,88.75
GT5039503,24.06,88.79
GT5063019,23.81,89.3
GT5063020,23.82,89.34
GT5071021,23.91,89.23
GT5071022,23.94,89.28
GT5071023,23.88,89.29
GT5071506,23.84,89.2
GT5071507,23.78,89.2
GT5071508,23.82,89.24
GT5071509,23.92,89.19
GT5079024,23.85,89.07
GT5079025,23.84,89.14
GT5079026,23.83,89.1
GT5079504,23.79,89.07
GT5079505,23.78,89.13
GT5094027,23.96,88.99
GT5094028,23.85,89.02
GT5094029,23.89,89
GT5094030,23.91,88.94
GT5094031,23.87,88.96
GT5094032,23.82,88.94
GT5094510,23.93,88.98
GT5094511,23.81,88.99
GT5094512,23.93,89.02
GT5143001,22.96,90.87
GT5143002,22.91,90.93
GT5158003,23.01,90.72
GT5158004,22.95,90.71
GT5165005,23.12,90.89
GT5165006,23.05,90.86
GT5173007,22.63,90.96
GT5173008,22.7,90.89
GT5233001,26.19,89.12
GT5233002,26.11,89.13
GT5233003,26.06,89.24
GT5233004,26.1,89.22
GT5239005,26.03,89.18
GT5239006,25.95,89.26
GT5239007,25.95,89.2
GT5239008,26,89.24
GT5255009,25.94,89.49
GT5255010,25.8,89.44
GT5255011,25.84,89.52
GT5255012,25.91,89.45
GT5270013,26.43,88.98
GT5270014,26.35,89.08
GT5270015,26.39,89.06
GT5440001,23.07,90.2
GT5454002,23.2,90.27
GT5480003,23.2,90.03
GT5487004,23.37,90.2
GT5487005,23.47,90.14
GT5557001,23.47,89.42
GT5557002,23.51,89.4
GT5557003,23.5,89.38
GT5557004,23.51,89.47
GT5557005,23.5,89.48
GT5557501,23.48,89.43
GT5566006,23.44,89.55
GT5566007,23.33,89.5
GT5566502,23.5,89.54
GT5566503,23.4,89.6
GT5585008,23.29,89.39
GT5595009,23.59,89.39
GT5595010,23.56,89.46
GT5595011,23.54,89.47
GT5595012,23.65,89.41
GT5595013,23.48,89.35
GT5595014,23.47,89.36
GT5595015,23.48,89.36
GT5622004,23.89,89.91
GT5628005,23.71,90.01
GT5628006,23.76,89.92
GT5628007,23.74,89.97
GT5646008,23.87,90.01
GT5646009,23.83,90.07
GT5646010,23.78,90.05
GT5656001,23.96,89.9
GT5656002,23.96,89.83
GT5656003,23.94,89.82
GT5670011,23.98,89.98
GT5678012,23.86,89.8
GT5678013,23.78,89.81
GT5682014,23.81,90.2
GT5747001,23.93,88.78
GT5747002,23.86,88.82
GT5747003,23.87,88.77
GT5787004,23.82,88.68
GT5787005,23.63,88.63
GT5787006,23.68,88.66
GT5787007,23.83,88.65
GT5787008,23.65,88.59
GT5787009,23.69,88.7
GT5787501,23.72,88.62
GT5814001,24.65,92.23
GT5814002,24.7,92.16
GT5814003,24.75,92.2
GT5856004,24.31,91.9
GT5856005,24.25,91.91
GT5856006,24.36,91.85
GT5856007,24.4,91.91
GT5856008,24.32,91.83
GT5856009,24.28,91.85
GT5856010,24.43,91.85
GT5865011,24.46,92.07
GT5865012,24.4,91.99
GT5865013,24.46,92.06
GT5865014,24.5,92.1
GT5865015,24.44,92.13
GT5865017,24.6,92.1
GT5865019,24.55,92.14
GT5865020,24.51,92.02
GT5865021,24.55,92.05
GT5865022,24.64,92.02
GT5874023,24.44,91.77
GT5874024,24.54,91.77
GT5874025,24.57,91.7
GT5874026,24.47,91.73
GT5880027,24.57,91.91
GT5880028,24.62,91.91
GT5883029,24.21,91.73
GT5883030,24.29,91.72
GT5883032,24.32,91.75
GT5883033,24.43,91.62
GT5883034,24.23,91.74
GT5883035,24.25,91.71
GT5883036,24.36,91.75
GT5883037,24.38,91.72
GT5883038,24.37,91.65
GT5883039,24.18,91.75
GT5883040,24.34,91.72
GT5924001,23.51,90.64
GT5924002,23.58,90.64
GT5944003,23.44,90.37
GT5944004,23.46,90.41
GT5956005,23.51,90.54
GT5974006,23.63,90.28
GT5974007,23.59,90.36
GT5984008,23.53,90.26
GT5994009,23.44,90.47
GT6113001,24.36,90.3
GT6113002,24.37,90.44
GT6113003,24.36,90.36
GT6113004,24.43,90.45
GT6120005,24.61,90.27
GT6120006,24.52,90.26
GT6120007,24.57,90.32
GT6122008,24.46,90.56
GT6122009,24.35,90.56
GT6122010,24.4,90.6
GT6123011,24.79,90.6
GT6123012,24.75,90.64
GT6124013,25.13,90.34
GT6124014,25.08,90.37
GT6124015,25.04,90.32
GT6131016,24.61,90.64
GT6131017,24.69,90.54
GT6131018,24.64,90.55
GT6131019,24.61,90.59
GT6152020,24.8,90.39
GT6152021,24.83,90.32
GT6165022,24.78,90.19
GT6165023,24.73,90.22
GT6165024,24.71,90.27
GT6165025,24.78,90.25
GT6172026,24.55,90.59
GT6172027,24.55,90.68
GT6172028,24.59,90.75
GT6172029,24.53,90.75
GT6172030,24.54,90.74
GT6181031,24.9,90.43
GT6181032,24.91,90.34
GT6181033,24.97,90.46
GT6181034,24.95,90.3
GT6181035,24.85,90.47
GT6194036,24.61,90.41
GT6194037,24.58,90.46
GT6194038,24.54,90.46
GT6403001,24.66,88.89
GT6403002,24.66,88.96
GT6403003,24.61,89
GT6406004,25.02,88.95
GT6406005,24.92,88.96
GT6406006,24.97,88.97
GT6428007,25.17,88.74
GT6428008,25.14,88.92
GT6428009,25.09,88.92
GT6428010,25.18,88.85
GT6428011,25.07,88.87
GT6428012,25.14,88.77
GT6428013,25.12,88.86
GT6447021,24.84,88.67
GT6447022,24.78,88.76
GT6447023,24.75,88.69
GT6447024,24.68,88.69
GT6450014,24.98,88.75
GT6450015,24.88,88.81
GT6450016,24.9,88.73
GT6450017,24.93,88.77
GT6450018,24.94,88.69
GT6450019,24.85,88.75
GT6450020,24.97,88.82
GT6459028,24.83,88.57
GT6459029,24.82,88.57
GT6459030,24.88,88.6
GT6459031,24.93,88.54
GT6459032,24.88,88.56
GT6459033,24.8,88.61
GT6459034,24.77,88.51
GT6459503,24.74,88.55
GT6459504,24.93,88.58
GT6460025,24.76,88.9
GT6460026,24.9,88.9
GT6460027,24.84,88.9
GT6475035,25.1,88.64
GT6475036,25.05,88.64
GT6475037,25.04,88.72
GT6475038,25.02,88.67
GT6475039,25.16,88.62
GT6475040,25.1,88.72
GT6475041,25.03,88.81
GT6475042,25.07,88.76
GT6479043,24.99,88.6
GT6479044,25.02,88.45
GT6479045,24.97,88.47
GT6479046,25.01,88.54
GT6479502,25.03,88.47
GT6479505,25.07,88.46
GT6485047,24.69,89.07
GT6485048,24.73,89.03
GT6486049,25.13,88.51
GT6486050,25.15,88.56
GT6486051,25.1,88.57
GT6486052,25.05,88.58
GT6486501,25.19,88.51
GT6538001,23.01,89.62
GT6552002,23.26,89.59
GT6552003,23.16,89.64
GT6552004,23.1,89.65
GT6552005,23.21,89.62
GT6576006,23.13,89.44
GT6576007,23.08,89.52
GT6576008,23.18,89.44
GT6576009,23.22,89.49
GT6576501,23.07,89.47
GT6576502,23.24,89.45
GT6702001,23.74,90.68
GT6702002,23.69,90.72
GT6704003,23.66,90.63
GT6704004,23.73,90.6
GT6758005,23.65,90.51
GT6758006,23.59,90.52
GT6768007,23.86,90.56
GT6768008,23.86,90.52
GT6852001,24.2,90.74
GT6852002,24.15,90.74
GT6852003,24.1,90.75
GT6860004,23.88,90.68
GT6863005,23.96,90.67
GT6864006,24.01,90.9
GT6864007,23.96,90.9
GT6864008,23.92,90.94
GT6864009,23.96,90.95
GT6864010,24,90.93
GT6864011,24.02,90.96
GT6876012,24,90.78
GT6876013,24.04,90.74
GT6876014,23.99,90.68
GT6909501,24.33,88.92
GT6915002,24.25,89.21
GT6915003,24.28,89.14
GT6915004,24.31,89.22
GT6915503,24.33,89.14
GT6941001,24.39,89.19
GT6941005,24.42,89.25
GT6944006,24.17,88.96
GT6944007,24.25,88.99
GT6944008,24.19,88.92
GT6944009,24.18,88.98
GT6944010,24.21,89
GT6944502,24.16,88.95
GT6944505,24.27,88.97
GT6963011,24.47,88.98
GT6963012,24.53,88.99
GT6963504,24.45,89.04
GT6991013,24.61,89.2
GT6991014,24.57,89.14
GT6991015,24.47,89.14
GT6991016,24.53,89.2
GT7018504,24.91,88.18
GT7018507,24.89,88.23
GT7037001,24.86,88.44
GT7037002,24.87,88.45
GT7037003,24.93,88.41
GT7037004,24.85,88.27
GT7037005,24.8,88.3
GT7037508,24.88,88.38
GT7037509,24.85,88.34
GT7056006,24.68,88.43
GT7056007,24.71,88.38
GT7056008,24.74,88.43
GT7056009,24.8,88.39
GT7056010,24.73,88.3
GT7056011,24.76,88.35
GT7056510,24.71,88.47
GT7066012,24.66,88.34
GT7066013,24.68,88.3
GT7066014,24.56,88.16
GT7066015,24.49,88.23
GT7066016,24.59,88.27
GT7066017,24.51,88.2
GT7066018,24.51,88.27
GT7066506,24.56,88.21
GT7088020,24.84,88.19
GT7088021,24.68,88.22
GT7088022,24.64,88.18
GT7088023,24.61,88.13
GT7088024,24.7,88.12
GT7088025,24.76,88.22
GT7088029,24.76,88.12
GT7088502,24.79,88.17
GT7088503,24.8,88.22
GT7088505,24.68,88.17
GT7204001,24.81,90.87
GT7209002,24.97,90.84
GT7218003,25.08,90.7
GT7218004,25.15,90.68
GT7238010,24.74,91.14
GT7238011,24.69,91.12
GT7240007,25.14,90.86
GT7247008,24.74,90.82
GT7247009,24.65,90.88
GT7256012,24.71,90.93
GT7256013,24.67,91.04
GT7263014,24.84,91.1
GT7263015,24.85,90.99
GT7263016,24.82,91.03
GT7263017,24.81,90.96
GT7274018,24.95,90.75
GT7274019,24.86,90.77
GT7274020,24.91,90.7
GT7274021,24.83,90.71
GT7283022,24.95,90.59
GT7283023,25,90.59
GT7312001,26.06,88.82
GT7312002,26.23,88.95
GT7312003,26.13,88.91
GT7312004,26.13,89.03
GT7312005,26.12,89.04
GT7312006,26.17,88.99
GT7315007,26.26,88.81
GT7315008,26.2,88.88
GT7315009,26.22,88.84
GT7315010,26.11,88.84
GT7315011,26.04,88.82
GT7315012,26.14,88.87
GT7315013,26.09,88.87
GT7315014,26.17,88.87
GT7336015,26.01,88.95
GT7336016,26,89.06
GT7336017,26.1,88.92
GT7336018,26.08,88.97
GT7336019,26.08,88.99
GT7336020,26,89.01
GT7345021,25.87,89.1
GT7345022,25.88,89.1
GT7345023,25.85,89.02
GT7364024,25.99,88.84
GT7364025,25.97,88.85
GT7385026,25.8,88.95
GT7385027,25.78,88.91
GT7507001,22.95,91.07
GT7507002,23.03,91.06
GT7521003,22.77,91.27
GT7536004,22.17,91.09
GT7536005,22.22,91.14
GT7536006,22.37,91.11
GT7580014,23.02,91.2
GT7587007,22.76,90.97
GT7587008,22.73,91.13
GT7587009,22.82,91.18
GT7587010,22.76,91.19
GT7587011,22.82,90.98
GT7587012,22.6,91.2
GT7587013,22.85,91.14
GT7605001,24.13,89.27
GT7605002,24.11,89.33
GT7605003,24.16,89.22
GT7605500,24.1,89.4
GT7616004,24.06,89.66
GT7616005,23.83,89.65
GT7616006,23.92,89.64
GT7616007,23.87,89.64
GT7616008,23.88,89.69
GT7616009,24.02,89.65
GT7616010,24.03,89.7
GT7616011,23.96,89.65
GT7616012,23.82,89.7
GT7616502,23.93,89.68
GT7622013,24.27,89.29
GT7622014,24.31,89.34
GT7622015,24.22,89.3
GT7622503,24.22,89.25
GT7622504,24.17,89.31
GT7633016,24.2,89.45
GT7639017,24.14,89.09
GT7639018,24.14,89.15
GT7639019,24.12,89.04
GT7639020,24.03,89.07
GT7639021,24.09,89.13
GT7639505,23.98,89.09
GT7639506,24.01,89.12
GT7639507,24.05,89.13
GT7639508,24.07,89.04
GT7639509,24.09,89.08
GT7655022,24.08,89.23
GT7655023,24.03,89.19
GT7655024,23.96,89.33
GT7655025,23.98,89.39
GT7655026,24.01,89.29
GT7655027,24.01,89.35
GT7655028,23.99,89.23
GT7672029,24.02,89.57
GT7672510,24.08,89.44
GT7683030,23.88,89.51
GT7683031,23.94,89.45
GT7683032,23.86,89.56
GT7683033,23.93,89.52
GT7683034,23.83,89.54
GT7683035,23.87,89.45
GT7683512,23.91,89.57
GT7704001,26.33,88.41
GT7704002,26.27,88.37
GT7704003,26.25,88.42
GT7704501,26.34,88.45
GT7704502,26.24,88.48
GT7725004,26.26,88.57
GT7725005,26.25,88.64
GT7725006,26.2,88.61
GT7725007,26.34,88.51
GT7725008,26.17,88.65
GT7734009,26.19,88.75
GT7734010,26.16,88.71
GT7734011,26.06,88.69
GT7734012,26.1,88.73
GT7734013,26.27,88.72
GT7773014,26.41,88.65
GT7773015,26.45,88.6
GT7773016,26.34,88.73
GT7773017,26.37,88.61
GT7773018,26.36,88.68
GT7790020,26.47,88.44
GT7790021,26.59,88.41
GT7790022,26.54,88.39
GT7790023,26.47,88.5
GT7857001,22.19,90.44
GT7876002,22.35,90.21
GT7895003,22.34,90.42
GT7914001,22.49,90.07
GT7914002,22.41,89.97
GT7914003,22.45,90.01
GT7947004,22.62,90.07
GT7958005,22.37,89.95
GT7958006,22.36,89.96
GT7958007,22.37,89.98
GT7958008,22.3,89.97
GT7958009,0,0
GT7976009,22.72,89.97
GT7980010,22.64,89.98
GT7987011,22.72,90.12
GT8112001,24.52,88.85
GT8112002,24.63,88.76
GT8112003,24.62,88.8
GT8112004,24.56,88.77
GT8122005,24.39,88.6
GT8122006,24.36,88.61
GT8125006,24.34,88.77
GT8125008,24.34,88.69
GT8125009,24.33,88.78
GT8125010,24.28,88.74
GT8125011,24.29,88.84
GT8125012,24.28,88.8
GT8125013,24.29,88.77
GT8125014,24.34,88.73
GT8131015,24.49,88.71
GT8131016,0,0
GT8131017,0,0
GT8134016,24.58,88.41
GT8134017,24.4,88.43
GT8134018,24.43,88.49
GT8134019,24.51,88.32
GT8134020,24.52,88.38
GT8134021,24.49,88.46
GT8134022,24.43,88.46
GT8134023,24.45,88.42
GT8134024,24.48,88.39
GT8134027,24.54,88.46
GT8134028,24.47,88.32
GT8134029,24.53,88.41
GT8134030,24.4,88.41
GT8134031,24.4,88.41
GT8153030,24.63,88.68
GT8153031,24.58,88.63
GT8153032,0,0
GT8172032,24.41,88.52
GT8172033,24.49,88.58
GT8172035,24.43,88.7
GT8172036,24.42,88.61
GT8172037,,
GT8172038,24.43,88.6
GT8172039,24.38,88.68
GT8172040,24.37,88.51
GT8172041,24.45,88.6
GT8172042,0,0
GT8182041,24.42,88.83
GT8182042,24.49,88.88
GT8182043,24.38,88.88
GT8182044,24.37,88.87
GT8182045,24.38,88.79
GT8194044,24.64,88.49
GT8194046,24.68,88.53
GT8194047,24.62,88.54
GT8194048,24.57,88.55
GT8194049,24.63,88.58
GT8194050,24.53,88.68
GT8207001,23.61,89.59
GT8207002,23.69,89.58
GT8207003,23.73,89.56
GT8207004,23.64,89.51
GT8207501,23.64,89.51
GT8229005,23.72,89.66
GT8229006,23.74,89.75
GT8229502,23.75,89.79
GT8229503,23.71,89.78
GT8273007,23.77,89.41
GT8273008,23.73,89.4
GT8273009,23.7,89.46
GT8273010,23.87,89.39
GT8273011,23.78,89.5
GT8273012,23.72,89.51
GT8273013,23.72,89.46
GT8273014,23.7,89.35
GT8276015,23.76,89.64
GT8276016,23.74,89.62
GT8276017,23.68,89.71
GT8276018,23.77,89.61
GT8276504,23.77,89.62
GT8425002,22.63,91.98
GT8436003,22.55,92.19
GT8487005,22.62,92.11
GT8503001,25.68,89.07
GT8503002,25.71,89.07
GT8527003,25.9,89.21
GT8542004,25.78,89.41
GT8549005,25.79,89.28
GT8549006,25.79,89.23
GT8549007,25.79,89.17
GT8558008,25.65,89.25
GT8558009,25.59,89.26
GT8558010,25.56,89.33
GT8573011,25.71,89.39
GT8576012,25.45,89.35
GT8576013,25.46,89.27
GT8592014,25.75,89.02
GT8592015,25.81,89.05
GT8614001,23.2,90.45
GT8614002,23.21,90.43
GT8636003,23.06,90.43
GT8636004,23.06,90.38
GT8636005,23.07,90.43
GT8636006,23.07,90.42
GT8665007,23.3,90.38
GT8669008,23.26,90.25
GT8669009,23.22,90.36
GT8669501,23.22,90.35
GT8694010,23.29,90.28
GT8694502,23.35,90.28
GT8704001,22.56,89.2
GT8725002,22.59,89
GT8743003,22.84,89.09
GT8743004,22.87,89.04
GT8782005,22.73,89.1
GT8786006,22.35,89.12
GT8790007,22.75,89.25
GT8811001,24.36,89.74
GT8811002,24.29,89.71
GT8827003,24.23,89.76
GT8827004,24.16,89.77
GT8844005,24.39,89.66
GT8850006,24.69,89.66
GT8850007,24.64,89.64
GT8850008,24.62,89.69
GT8861009,24.52,89.54
GT8861010,24.47,89.5
GT8861011,24.47,89.59
GT8867012,24.2,89.65
GT8867013,24.14,89.67
GT8878014,24.49,89.72
GT8878015,24.58,89.66
GT8878016,24.49,89.66
GT8878017,24.57,89.71
GT8878018,24.53,89.68
GT8878019,24.45,89.69
GT8878020,24.41,89.73
GT8889021,24.38,89.39
GT8889022,24.51,89.38
GT8889023,24.45,89.4
GT8894024,24.33,89.45
GT8894025,24.31,89.51
GT8894026,24.34,89.59
GT8894027,24.37,89.53
GT8967001,24.99,90.19
GT8970002,25.17,90.2
GT8970003,25.11,90.24
GT8988004,25.05,90
GT8988005,24.99,89.98
GT8988006,25,90.07
GT8990007,25.15,89.97
GT9023001,24.92,91.69
GT9023002,25,91.63
GT9023003,24.93,91.6
GT9029004,24.8,91.45
GT9047006,24.8,91.6
GT9047007,24.72,91.62
GT9050008,25,91.24
GT9050009,24.94,91.21
GT9050010,24.88,91.24
GT9089011,25.02,91.46
GT9089012,24.98,91.41
GT9092013,25.13,91.21
GT9108001,24.68,91.8
GT9108002,24.74,91.76
GT9108003,24.73,91.82
GT9117004,24.84,92.23
GT9117005,24.85,92.17
GT9120006,24.81,91.74
GT9135008,24.68,91.98
GT9138009,24.79,92.05
GT9138010,24.86,92.01
GT9141011,24.99,92.07
GT9141012,25.05,92.05
GT9141013,25.16,92.02
GT9141014,25.11,92.03
GT9141015,25.06,91.97
GT9153016,25.08,92.16
GT9153017,25.13,92.15
GT9159018,24.99,92.34
GT9159019,25.02,92.39
GT9162020,24.96,91.81
GT9162021,24.86,91.93
GT9162022,24.98,91.94
GT9162023,24.96,91.88
GT9162024,24.94,91.75
GT9162025,24.88,91.83
GT9162026,24.91,91.89
GT9194027,24.95,92.43
GT9309001,24.18,90.04
GT9309002,24.26,90.06
GT9309003,24.21,90.09
GT9319004,24.46,89.8
GT9323037,24.08,89.93
GT9328005,24.5,90.05
GT9328006,24.46,90.11
GT9328008,24.43,90.07
GT9328009,24.51,90.11
GT9328010,24.48,90
GT9328023,24.42,90.01
GT9338011,24.56,89.89
GT9338012,24.59,89.93
GT9347013,24.34,90
GT9347014,24.32,90.06
GT9347016,24.36,89.87
GT9347017,24.36,90.05
GT9347018,24.39,90.08
GT9347019,24.36,89.91
GT9347020,24.31,89.97
GT9357021,24.65,90.04
GT9357022,24.61,90.12
GT9357028,24.7,90.01
GT9357029,24.58,90.08
GT9357030,24.72,90.08
GT9366024,24.19,90.23
GT9366026,24.17,90.03
GT9366027,24.14,90.17
GT9376031,24.05,89.94
GT9376032,24.03,89.84
GT9376033,24.04,89.89
GT9385034,24.25,90.23
GT9385035,24.3,90.23
GT9395036,24.24,89.83
GT9395038,24.22,89.87
GT9395039,24.28,89.84
GT9395040,24.29,89.89
GT9408001,26.19,88.29
GT9408002,26.11,88.28
GT9408003,26.07,88.27
GT9408501,26.15,88.32
GT9451004,25.84,88.16
GT9451005,25.93,88.17
GT9451502,25.88,88.14
GT9482006,25.92,88.46
GT9482007,25.87,88.38
GT9482008,25.84,88.33
GT9482009,25.92,88.36
GT9482010,25.92,88.46
GT9482503,25.79,88.32
GT9486011,25.97,88.31
GT9486012,25.95,88.25
GT9486014,25.88,88.24
GT9494015,26.15,88.55
GT9494016,26.11,88.43
GT9494017,26.1,88.49
GT9494019,26.1,88.54
GT9494020,26.08,88.37
GT9494021,26.17,88.41
GT9494022,26.15,88.47
GT9494023,26.19,88.48
GT9494024,26.06,88.43
GT9494025,25.96,88.51
GT9494026,25.97,88.51
GT9494027,26.01,88.5
GT9494028,26.06,88.52
GT9494029,26.02,88.46
GT9494030,26.06,88.46
,,
GT0108501,22.68,89.69
GT0156502,22.97,89.78
GT0173503,22.56,89.65
GT0173504,22.57,89.66
GT0373006,21.4,92.21
GT0610004,22.84,90.04
GT1054015,0,0
GT1094026,0,0
GT1094027,0,0
GT1095028,0,0
GT1204004,23.79,90.81
GT1376013,23.35,90.64
GT1519900,22.35,91.84
GT1533010,22.65,91.75
GT1541007,22.35,91.78
GT1931010,23.18,91.3
GT1940022,23.6,91.02
GT1967019,23.38,91.21
GT1967900,23.45,91.17
GT2245007,21.79,91.87
GT2618005,23.54,90.16
GT2626900,23.79,90.41
GT2642900,23.72,90.39
GT2654013,23.73,90.42
GT2654014,23.75,90.42
GT2747020,25.33,88.99
GT2760028,25.92,88.74
GT2947900,23.6,89.67
GT3033005,0,0
GT3033006,0,0
GT3392020,0,0
GT3605002,24.33,91.6
GT3611006,24.59,91.46
GT3644014,0,0
GT3644023,0,0
GT3668015,0,0
GT3671021,24.09,91.37
GT3936900,24.91,89.95
GT4147900,23.25,89.18
GT4433502,0,0
GT4480501,0,0
GT4664001,0,0
GT4665001,22.96,92.07
GT4751501,22.78,89.58
GT4751502,22.85,89.41
GT4751503,22.84,89.41
GT4751504,22.81,89.56
GT4751505,22.88,89.48
GT4751506,22.89,89.45
GT4751900,22.78,89.41
GT4764507,22.69,89.32
GT4806003,0,0
GT4806004,0,0
GT4806005,0,0
GT4876023,24.38,91.01
GT4909001,25.58,89.66
GT5015900,23.97,88.94
GT5566501,0,0
GT5566504,0,0
GT5610001,0,0
GT5610002,0,0
GT5610003,0,0
GT5682015,23.77,90.14
GT5787502,0,0
GT5787900,23.83,88.82
GT5865016,24.6,92.04
GT5865018,24.45,92
GT5874041,0,0
GT5880029,0,0
GT5883031,24.33,91.66
GT6152900,24.77,90.37
GT6459900,24.5,88.59
GT6469028,0,0
GT6469029,0,0
GT6469030,0,0
GT6469031,0,0
GT6469032,0,0
GT6469033,0,0
GT6469034,0,0
GT6469503,0,0
GT6469504,0,0
GT6528001,0,0
GT6552501,0,0
GT6720005,0,0
GT7066019,24.63,88.27
GT7066501,24.52,88.17
GT7088026,24.67,88.06
GT7088027,24.65,88.14
GT7088028,24.62,88.07
GT7240005,25.08,90.84
GT7240006,25.04,90.91
GT7587900,22.83,91.1
GT7616501,23.89,89.67
GT7655900,24.03,89.15
GT7672511,24.07,89.44
GT7773019,0,0
GT7790019,26.53,88.46
GT8122511,24.38,88.65
GT8125007,0,0
GT8125509,24.33,88.83
GT8125510,24.31,88.73
GT8131507,24.44,88.73
GT8131508,24.48,88.78
GT8134025,24.49,88.42
GT8134026,24.43,88.37
GT8134501,0,0
GT8153506,24.52,88.62
GT8172034,0,0
GT8172045,0,0
GT8172504,0,0
GT8172505,0,0
GT8172900,24.42,88.65
GT8182502,24.43,88.88
GT8182503,24.38,88.82
GT8194045,24.59,88.49
GT8194512,0,0
GT8407001,23.24,92.28
GT8425006,0,0
GT8436004,22.53,92.24
GT8487006,0,0
GT8527005,0,0
GT8542006,0,0
GT8549008,0,0
GT8549009,0,0
GT8549900,25.81,89.27
GT8558011,0,0
GT8558012,0,0
GT8573015,0,0
GT8576014,0,0
GT8592001,0,0
GT8747501,22.46,89.05
GT8747502,22.47,89.04
GT8747503,22.46,89.05
GT8790504,22.77,89.18
GT8861012,0,0
GT8878900,24.5,89.75
GT9047005,24.76,91.55
GT9089013,0,0
GT9127007,25.1,91.78
GT9135009,0,0
GT9141016,0,0
GT9153018,0,0
GT9162027,0,0
GT9319015,0,0
GT9319025,0,0
GT9328007,24.48,90.16
GT9347015,24.38,89.98
GT9347900,24.39,89.99
GT9366025,24.09,90.09
GT9366900,24.09,90.79
GT9486013,25.98,88.25
GT9494018,26.02,88.48
GT9494900,26.03,88.47