TYPE,SITE_ID,SITE_PID,SITE_TYPE,NAME_ENG,NAME,DESIG,DESIG_ENG,DESIG_TYPE,IUCN_CAT,INT_CRIT,REALM,REP_M_AREA,GIS_M_AREA,REP_AREA,GIS_AREA,NO_TAKE,NO_TK_AREA,STATUS,STATUS_YR,GOV_TYPE,GOVSUBTYPE,OWN_TYPE,OWNSUBTYPE,MANG_AUTH,MANG_PLAN,VERIF,METADATAID,PRNT_ISO3,ISO3,SUPP_INFO,CONS_OBJ,INLND_WTRS,OECM_ASMT
Polygon,4470,4470,PA,Char Kukri-Mukri,Char Kukri-Mukri,Wildlife Sanctuary,Wildlife Sanctuary,National,IV,Not Applicable,Terrestrial,15.01,1.37809091248436,51,50.6110657245887,Not Applicable,0,Designated,1981,Federal or national ministry or agency,Not Applicable,State,Not Applicable,Forest Department,Not Reported,State Verified,1797,BGD,BGD,Not Applicable,Not Applicable,Not Reported,Not Applicable
Polygon,4471,4471,PA,Hajarikhil,Hajarikhil,Wildlife Sanctuary,Wildlife Sanctuary,National,II,Not Applicable,Terrestrial,0,0,25,24.4418206872251,Not Applicable,0,Designated,2010,Collaborative governance,Not Reported,State,Not Applicable,Forest Department,"Though the duration of Management plan is expired, still it is following and expansion process for the duration of management plan is going on.",State Verified,1797,BGD,BGD,Not Applicable,Not Applicable,Not Reported,Not Applicable
Polygon,4474,4474,PA,Kaptai,Kaptai,National Park,National Park,National,II,Not Applicable,Terrestrial,0,0,58,57.3896924748481,Not Applicable,0,Designated,1999,Collaborative governance,Not Reported,State,Not Applicable,Forest Department,"Though the duration of Management plan is expired, still it is following and expansion process for the duration of management plan is going on.",State Verified,1797,BGD,BGD,Not Applicable,Not Applicable,Not Reported,Not Applicable
Polygon,4476,4476,PA,Sundarban East,Sundarban East,Wildlife Sanctuary,Wildlife Sanctuary,National,Ib,Not Applicable,Coastal,0,369.716680338435,1230,1227.18970003893,Not Reported,0,Designated,2017,Collaborative governance,Not Reported,State,Not Applicable,Forest Department,"Though the duration of Management plan is expired, still it is following and expansion process for the duration of management plan is going on.",State Verified,1797,BGD,BGD,Not Applicable,Not Applicable,Not Reported,Not Applicable
Polygon,4477,4477,PA,Sundarban South,Sundarban South,Wildlife Sanctuary,Wildlife Sanctuary,National,Ib,Not Applicable,Coastal,0,339.446126772993,753,751.069491934642,Not Reported,0,Designated,2017,Collaborative governance,Not Reported,State,Not Applicable,Forest Department,"Though the duration of Management plan is expired, still it is following and expansion process for the duration of management plan is going on.",State Verified,1797,BGD,BGD,Not Applicable,Not Applicable,Not Reported,Not Applicable
Polygon,4478,4478,PA,Sundarban West,Sundarban West,Wildlife Sanctuary,Wildlife Sanctuary,National,Ib,Not Applicable,Coastal,0,513.245120416223,1198,1193.95300134422,Not Reported,0,Designated,2017,Collaborative governance,Not Reported,State,Not Applicable,Forest Department,"Yes, have Management Plan upto 2025",State Verified,1797,BGD,BGD,Not Applicable,Not Applicable,Not Reported,Not Applicable
Polygon,4479,4479,PA,Bhawal,Bhawal,National Park,National Park,National,IV,Not Applicable,Terrestrial,0,0,95,95.1238745518054,Not Applicable,0,Designated,1982,Federal or national ministry or agency,Not Applicable,State,Not Applicable,Forest Department,"Yes, have Management Plan upto 2025",State Verified,1797,BGD,BGD,Not Applicable,Not Applicable,Not Reported,Not Applicable
Polygon,4480,4480,PA,Himchari,Himchari,National Park,National Park,National,IV,Not Applicable,Terrestrial,0,0,20,20.1827946943674,Not Applicable,0,Designated,1980,Collaborative governance,Not Reported,State,Not Applicable,Forest Department,http://bforest.portal.gov.bd/sites/default/files/files/bforest.portal.gov.bd/page/e85e229f_db68_4ac5_a058_dfc0433bc6a8/2021-06-20-10-21-688e4f4bd53d7afc1545ac4304937f38.pdf,State Verified,1797,BGD,BGD,Not Applicable,Not Applicable,Not Reported,Not Applicable
Polygon,4481,4481,PA,Madhupur,Madhupur,National Park,National Park,National,IV,Not Applicable,Terrestrial,0,0,83,83.0554175437871,Not Applicable,0,Designated,1982,Collaborative governance,Not Reported,State,Not Applicable,Forest Department,"Though the duration of Management plan is expired, still it is following and expansion process for the duration of management plan is going on.",State Verified,1797,BGD,BGD,Not Applicable,Not Applicable,Not Reported,Not Applicable
Polygon,7972,7972,PA,Ramsagar,Ramsagar,National Park,National Park,National,IV,Not Applicable,Terrestrial,0,0,0.335,0.335355544716112,Not Applicable,0,Designated,2001,Federal or national ministry or agency,Not Applicable,State,Not Applicable,Forest Department,Not Reported,State Verified,1797,BGD,BGD,Not Applicable,Not Applicable,Not Reported,Not Applicable
Polygon,9279,9279,PA,Rema-Kalenga,Rema-Kalenga,Wildlife Sanctuary,Wildlife Sanctuary,National,II,Not Applicable,Terrestrial,0,0,63,62.321948577516,Not Applicable,0,Designated,1981,Collaborative governance,Not Reported,State,Not Applicable,Forest Department,"Though the duration of Management plan is expired, still it is following and expansion process for the duration of management plan is going on.",State Verified,1797,BGD,BGD,Not Applicable,Not Applicable,Not Reported,Not Applicable
Polygon,9280,9280,PA,Pablakhali,Pablakhali,Wildlife Sanctuary,Wildlife Sanctuary,National,II,Not Applicable,Terrestrial,0,0,421,435.427475821558,Not Applicable,0,Designated,1983,Federal or national ministry or agency,Not Applicable,State,Not Applicable,Forest Department,Not Reported,State Verified,1797,BGD,BGD,Not Applicable,Not Applicable,Not Reported,Not Applicable
Polygon,9281,9281,PA,Teknaf,Teknaf,Wildlife Sanctuary,Wildlife Sanctuary,National,IV,Not Applicable,Terrestrial,0,0.062404581078961,115,113.829551484802,Not Applicable,0,Designated,2009,Collaborative governance,Not Reported,State,Not Applicable,Forest Department,"Though the duration of Management plan is expired, still it is following and expansion process for the duration of management plan is going on.",State Verified,1797,BGD,BGD,Not Applicable,Not Applicable,Not Reported,Not Applicable
Polygon,12196,12196,PA,Chunati,Chunati,Wildlife Sanctuary,Wildlife Sanctuary,National,IV,Not Applicable,Terrestrial,0,0,85,84.4381850115034,Not Applicable,0,Designated,1986,Collaborative governance,Not Reported,State,Not Applicable,Forest Department,http://bforest.portal.gov.bd/sites/default/files/files/bforest.portal.gov.bd/page/e85e229f_db68_4ac5_a058_dfc0433bc6a8/2021-06-20-06-49-c93741514b7ebf0bdeded55a14d259b3.pdf,State Verified,1797,BGD,BGD,Not Applicable,Not Applicable,Not Reported,Not Applicable
Polygon,67808,67808,PA,Sundarbans Reserved Forest,Sundarbans Reserved Forest,Wetland of International Importance (Ramsar Site),Wetland of International Importance (Ramsar Site),International,Not Reported,"(ii);(iii);(iv)",Coastal,0,1093.13579696891,6017,4953.28568606306,Part,0,Designated,1992,Collaborative governance,Not Reported,Not Reported,Not Applicable,Forest Department,Management plan is not implented and not available,State Verified,1856,BGD,BGD,Not Applicable,Not Applicable,Not Reported,Not Applicable
Polygon,142993,142993,PA,Lawachara,Lawachara,National Park,National Park,National,II,Not Applicable,Terrestrial,0,0,12,12.2120177516208,Not Applicable,0,Designated,1996,Collaborative governance,Not Reported,State,Not Applicable,Forest Department,"Though the duration of Management plan is expired, still it is following and expansion process for the duration of management plan is going on.",State Verified,1797,BGD,BGD,Not Applicable,Not Applicable,Not Reported,Not Applicable
Polygon,145580,145580,PA,The Sundarbans,Les Sundarbans,World Heritage Site (natural or mixed),World Heritage Site (natural or mixed),International,Not Applicable,"(ix);(x)",Coastal,0,889.550002020402,1395,1719.9328947002,Not Reported,0,Inscribed,1997,Collaborative governance,Not Reported,Not Reported,Not Applicable,Forest Department,Not Reported,State Verified,946,BGD,BGD,Not Applicable,Not Applicable,Not Reported,Not Applicable
Polygon,317318,317318,PA,Nijhum Dweep,Nijhum Dweep,National Park,National Park,National,IV,Not Applicable,Coastal,0,44.2673382984817,162,161.873568527404,Not Reported,0,Designated,2001,Collaborative governance,Not Reported,State,Not Applicable,Forest Department,http://bforest.portal.gov.bd/sites/default/files/files/bforest.portal.gov.bd/page/e85e229f_db68_4ac5_a058_dfc0433bc6a8/2021-06-20-10-01-cc0d9e1e7e184a5b1b118b8aeec41254.pdf,State Verified,1797,BGD,BGD,Not Applicable,Not Applicable,Not Reported,Not Applicable
Polygon,555543040,555543040,PA,Satchari,Satchari,National Park,National Park,National,II,Not Applicable,Terrestrial,0,0,2,2.43124996077047,Not Applicable,0,Designated,2005,Collaborative governance,Not Reported,State,Not Applicable,Forest Department,"Though the duration of Management plan is expired, still it is following and expansion process for the duration of management plan is going on.",State Verified,1797,BGD,BGD,Not Applicable,Not Applicable,Not Reported,Not Applicable
Polygon,555543041,555543041,PA,Fasiakhali,Fasiakhali,Wildlife Sanctuary,Wildlife Sanctuary,National,IV,Not Applicable,Terrestrial,0,0,21,20.6699527100254,Not Applicable,0,Designated,2007,Collaborative governance,Not Reported,State,Not Applicable,Forest Department,http://bforest.portal.gov.bd/sites/default/files/files/bforest.portal.gov.bd/page/e85e229f_db68_4ac5_a058_dfc0433bc6a8/2021-06-20-06-54-f282751e5d1c43e90c3da79117a1fe19.pdf,State Verified,1797,BGD,BGD,Not Applicable,Not Applicable,Not Reported,Not Applicable
Polygon,555543042,555543042,PA,Baraiyadhala,Baraiyadhala,National Park,National Park,National,II,Not Applicable,Terrestrial,0,0,29,29.1222208051853,Not Applicable,0,Designated,2010,Collaborative governance,Not Reported,State,Not Applicable,Forest Department,"Though the duration of Management plan is expired, still it is following and expansion process for the duration of management plan is going on.",State Verified,1797,BGD,BGD,Not Applicable,Not Applicable,Not Reported,Not Applicable
Polygon,555543043,555543043,PA,Dudpukuria-Dhopachari,Dudpukuria-Dhopachari,Wildlife Sanctuary,Wildlife Sanctuary,National,IV,Not Applicable,Terrestrial,0,0,49,48.7777366264945,Not Applicable,0,Designated,2010,Collaborative governance,Not Reported,State,Not Applicable,Forest Department,http://bforest.portal.gov.bd/sites/default/files/files/bforest.portal.gov.bd/page/e85e229f_db68_4ac5_a058_dfc0433bc6a8/2021-06-15-10-16-0c979d239017785df280d2d5d14f78fa.pdf,State Verified,1797,BGD,BGD,Not Applicable,Not Applicable,Not Reported,Not Applicable
Polygon,555543260,555543260,PA,Khadimnagar,Khadimnagar,National Park,National Park,National,IV,Not Applicable,Terrestrial,0,0,7,7.21116396317975,Not Applicable,0,Designated,2006,Collaborative governance,Not Reported,State,Not Applicable,Forest Department,http://bforest.portal.gov.bd/sites/default/files/files/bforest.portal.gov.bd/page/e85e229f_db68_4ac5_a058_dfc0433bc6a8/2021-06-20-06-52-4550ea082f757e88881836f03bca1633.pdf,State Verified,1797,BGD,BGD,Not Applicable,Not Applicable,Not Reported,Not Applicable
Polygon,555543261,555543261,PA,Medhakachhapia,Medhakachhapia,National Park,National Park,National,IV,Not Applicable,Terrestrial,0,0,4,3.73523207821483,Not Applicable,0,Designated,2004,Collaborative governance,Not Reported,State,Not Applicable,Forest Department,"Though the duration of Management plan is expired, still it is following and expansion process for the duration of management plan is going on.",State Verified,1797,BGD,BGD,Not Applicable,Not Applicable,Not Reported,Not Applicable
Polygon,555576098,555576098,PA,Tengragiri,Tengragiri,Wildlife Sanctuary,Wildlife Sanctuary,National,II,Not Applicable,Terrestrial,0,1.54566666253298,35,25.9672261367584,Not Applicable,0,Designated,2010,Collaborative governance,Not Reported,State,Not Applicable,Forest Department,"Though the duration of Management plan is expired, still it is following and expansion process for the duration of management plan is going on.",State Verified,1797,BGD,BGD,Not Applicable,Not Applicable,Not Reported,Not Applicable
Polygon,555576099,555576099,PA,Altadighi,Altadighi,National Park,National Park,National,IV,Not Applicable,Terrestrial,0,0,2,2.45003390687849,Not Applicable,0,Designated,2011,Federal or national ministry or agency,Not Applicable,State,Not Applicable,Forest Department,"Yes, have Management Plan upto 2025",State Verified,1797,BGD,BGD,Not Applicable,Not Applicable,Not Reported,Not Applicable
Polygon,555576100,555576100,PA,Birganj,Birganj,National Park,National Park,National,IV,Not Applicable,Terrestrial,0,0,1,0.810329651027874,Not Applicable,0,Designated,2011,Federal or national ministry or agency,Not Applicable,State,Not Applicable,Forest Department,Not Reported,State Verified,1797,BGD,BGD,Not Applicable,Not Applicable,Not Reported,Not Applicable
Polygon,555576101,555576101,PA,Kadigarh,Kadigarh,National Park,National Park,National,IV,Not Applicable,Terrestrial,0,0,4,4.13614688796979,Not Applicable,0,Designated,2010,Federal or national ministry or agency,Not Applicable,State,Not Applicable,Forest Department,Not Reported,State Verified,1797,BGD,BGD,Not Applicable,Not Applicable,Not Reported,Not Applicable
Polygon,555576102,555576102,PA,Kuakata,Kuakata,National Park,National Park,National,II,Not Applicable,Terrestrial,0,0.699724107806925,12,11.6624551343305,Not Applicable,0,Designated,2010,Federal or national ministry or agency,Not Applicable,State,Not Applicable,Forest Department,Not Reported,State Verified,1797,BGD,BGD,Not Applicable,Not Applicable,Not Reported,Not Applicable
Polygon,555576103,555576103,PA,Nababganj,Nababganj,National Park,National Park,National,IV,Not Applicable,Terrestrial,0,0,7,6.89099335593772,Not Applicable,0,Designated,2010,Federal or national ministry or agency,Not Applicable,State,Not Applicable,Forest Department,Not Reported,State Verified,1797,BGD,BGD,Not Applicable,Not Applicable,Not Reported,Not Applicable
Polygon,555576104,555576104,PA,Nagarbari-Mohonganj,Nagarbari-Mohonganj,Wildlife (Dolphin) Sanctuary,Wildlife (Dolphin) Sanctuary,National,VI,Not Applicable,Marine,0,3.75662417770722,4,3.75734904200514,Not Reported,0,Designated,2013,Federal or national ministry or agency,Not Applicable,State,Not Applicable,Forest Department,Not Reported,State Verified,1797,BGD,BGD,Not Applicable,Not Applicable,Not Applicable,Not Applicable
Polygon,555576105,555576105,PA,Nazirganj,Nazirganj,Wildlife (Dolphin) Sanctuary,Wildlife (Dolphin) Sanctuary,National,VI,Not Applicable,Coastal,0,0.435382857503258,2,1.68599682561674,Not Reported,0,Designated,2013,Federal or national ministry or agency,Not Applicable,State,Not Applicable,Forest Department,Not Reported,State Verified,1797,BGD,BGD,Not Applicable,Not Applicable,Not Reported,Not Applicable
Polygon,555576106,555576106,PA,Sangu,Sangu,Wildlife Sanctuary,Wildlife Sanctuary,National,II,Not Applicable,Terrestrial,0,0,60,59.3559151124428,Not Applicable,0,Designated,2010,Federal or national ministry or agency,Not Applicable,State,Not Applicable,Forest Department,Not Reported,State Verified,1797,BGD,BGD,Not Applicable,Not Applicable,Not Reported,Not Applicable
Polygon,555576107,555576107,PA,Silonda-Nagdemra,Silonda-Nagdemra,Wildlife (Dolphin) Sanctuary,Wildlife (Dolphin) Sanctuary,National,VI,Not Applicable,Terrestrial,0,0,0.24,0.24013042849366,Not Applicable,0,Designated,2013,Federal or national ministry or agency,Not Applicable,State,Not Applicable,Forest Department,Not Reported,State Verified,1797,BGD,BGD,Not Applicable,Not Applicable,Not Reported,Not Applicable
Polygon,555576108,555576108,PA,Singra,Singra,National Park,National Park,National,IV,Not Applicable,Terrestrial,0,0,4,3.51001282724957,Not Applicable,0,Designated,2010,Federal or national ministry or agency,Not Applicable,State,Not Applicable,Forest Department,Not Reported,State Verified,1797,BGD,BGD,Not Applicable,Not Applicable,Not Reported,Not Applicable
Polygon,555576109,555576109,PA,Sonarchar,Sonarchar,Wildlife Sanctuary,Wildlife Sanctuary,National,II,Not Applicable,Terrestrial,0,0.47836589830422,20,19.6266474386981,Not Applicable,0,Designated,2011,Federal or national ministry or agency,Not Applicable,State,Not Applicable,Forest Department,Not Reported,State Verified,1797,BGD,BGD,Not Applicable,Not Applicable,Not Reported,Not Applicable
Polygon,555576110,555576110,PA,Dudmukhi,Dudmukhi,Wildlife (Dolphin) Sanctuary,Wildlife (Dolphin) Sanctuary,National,II,Not Applicable,Marine,0,1.20078911164975,1,1.25926928279967,Not Reported,0,Designated,2012,Collaborative governance,Not Reported,State,Not Applicable,Forest Department,"Though the duration of Management plan is expired, still it is following and expansion process for the duration of management plan is going on.",State Verified,1797,BGD,BGD,Not Applicable,Not Applicable,Not Applicable,Not Applicable
Polygon,555576111,555576111,PA,Chandpai,Chandpai,Wildlife (Dolphin) Sanctuary,Wildlife (Dolphin) Sanctuary,National,II,Not Applicable,Marine,0,4.94984978817102,5,5.13421183087054,Not Reported,0,Designated,2012,Collaborative governance,Not Reported,State,Not Applicable,Forest Department,"Though the duration of Management plan is expired, still it is following and expansion process for the duration of management plan is going on.",State Verified,1797,BGD,BGD,Not Applicable,Not Applicable,Not Applicable,Not Applicable
Polygon,555576112,555576112,PA,Dhangmari,Dhangmari,Wildlife (Dolphin) Sanctuary,Wildlife (Dolphin) Sanctuary,National,II,Not Applicable,Coastal,0,2.52575208531877,3,2.95983228143426,Not Reported,0,Designated,2012,Collaborative governance,Not Reported,State,Not Applicable,Forest Department,"Though the duration of Management plan is expired, still it is following and expansion process for the duration of management plan is going on.",State Verified,1797,BGD,BGD,Not Applicable,Not Applicable,Not Reported,Not Applicable
Polygon,555587044,555587044,PA,Marine Reserve,Marine Reserve,Marine Reserve,Marine Reserve,National,Not Reported,Not Applicable,Marine,698,652.341551145207,698,652.341551145207,Not Reported,0,Designated,2000,Federal or national ministry or agency,Not Applicable,State,Not Applicable,Fisheries Department,Not Reported,State Verified,2038,BGD,BGD,Not Applicable,Not Applicable,Not Applicable,Not Applicable
Polygon,555587049,555587049,PA,Inani,Inani,National Park,National Park,National,Not Reported,Not Applicable,Terrestrial,0,0,76,76.5211289760045,Not Applicable,0,Designated,2019,Collaborative governance,Not Reported,State,Not Applicable,Forest Department,"Though the duration of Management plan is expired, still it is following and expansion process for the duration of management plan is going on.",State Verified,1797,BGD,BGD,Not Applicable,Not Applicable,Not Reported,Not Applicable
Polygon,555587050,555587050,PA,National Botanical Garden,National Botanical Garden,Botanical Garden,Botanical Garden,National,Not Reported,Not Applicable,Terrestrial,0,0,1,0.776951685414393,Not Applicable,0,Designated,2018,Federal or national ministry or agency,Not Applicable,State,Not Applicable,Forest Department,Not Reported,State Verified,1797,BGD,BGD,Not Applicable,Not Applicable,Not Reported,Not Applicable
Polygon,555587053,555587053,PA,Swatch of No Ground,Swatch of No Ground,Marine Protected Area,Marine Protected Area,National,Not Reported,Not Applicable,Marine,1738,1504.5646173041,1738,1504.5646173041,Part,255.3,Designated,2014,Collaborative governance,Not Reported,State,Not Applicable,Multi-Government Agency headed by MOEFCC,Draft Management Plan to be finalized from 2023 to 2032,State Verified,1797,BGD,BGD,Not Applicable,Not Applicable,Not Applicable,Not Applicable
Polygon,555587054,555587054,PA,Tilagar,Tilagar,Eco Park,Eco Park,National,Not Reported,Not Applicable,Terrestrial,0,0,0.446,0.446738690542544,Not Applicable,0,Designated,2019,Federal or national ministry or agency,Not Applicable,State,Not Applicable,Forest Department,Not Reported,State Verified,1797,BGD,BGD,Not Applicable,Not Applicable,Not Reported,Not Applicable
Polygon,555744920,555744920,PA,Nijhum Dwip Marine Reserve/Marine Protected Area,Nijhum Dwip Marine Reserve/Marine Protected Area,Marine Reserve/Marine Protected Area,Marine Reserve/Marine Protected Area,National,Not Reported,Not Applicable,Marine,3188,3117.96753507927,3188,3183.27169845017,Not Reported,0,Designated,2019,Federal or national ministry or agency,Not Applicable,State,Not Applicable,Fisheries Department,Not Reported,State Verified,2038,BGD,BGD,Not Applicable,Not Applicable,Not Applicable,Not Applicable
Polygon,555751333,555751333,PA,Vadra,Vadra,Wildlife (Dolphin) Sanctuary,Wildlife (Dolphin) Sanctuary,National,Not Reported,Not Applicable,Marine,0,5.05980205567151,8.68,5.21166728049111,Not Reported,0,Designated,2020,Federal or national ministry or agency,Not Applicable,State,Not Applicable,Forest Department,Not Reported,State Verified,1797,BGD,BGD,Not Applicable,Not Applicable,Not Applicable,Not Applicable
Polygon,555751334,555751334,PA,Shibsha,Shibsha,Wildlife (Dolphin) Sanctuary,Wildlife (Dolphin) Sanctuary,National,Not Reported,Not Applicable,Marine,0,19.3069286897638,21.55,19.9464709917635,Not Reported,0,Designated,2020,Federal or national ministry or agency,Not Applicable,State,Not Applicable,Forest Department,Not Reported,State Verified,1797,BGD,BGD,Not Applicable,Not Applicable,Not Applicable,Not Applicable
Polygon,555751335,555751335,PA,Pankhali,Pankhali,Wildlife (Dolphin) Sanctuary,Wildlife (Dolphin) Sanctuary,National,Not Reported,Not Applicable,Coastal,0,1.31477582717315,4.04,1.47570686354083,Not Reported,0,Designated,2020,Federal or national ministry or agency,Not Applicable,State,Not Applicable,Forest Department,Not Reported,State Verified,1797,BGD,BGD,Not Applicable,Not Applicable,Not Reported,Not Applicable
Polygon,555751336,555751336,PA,Ratargul,Ratargul,Special Biodiversity Conservation Area,Special Biodiversity Conservation Area,National,Not Reported,Not Applicable,Terrestrial,0,0,2.0425,1.96378005552277,Not Applicable,0,Designated,2015,Collaborative governance,Not Reported,State,Not Applicable,Forest Department,"Though the duration of Management plan is expired, still it is following and expansion process for the duration of management plan is going on.",State Verified,1797,BGD,BGD,Not Applicable,Not Applicable,Not Reported,Not Applicable
Polygon,555751337,555751337,PA,Madhabkunda,Madhabkunda,Eco Park,Eco Park,National,Not Reported,Not Applicable,Terrestrial,0,0,2.6568,1.92982407149669,Not Applicable,0,Designated,2001,Federal or national ministry or agency,Not Applicable,State,Not Applicable,Forest Department,Not Reported,State Verified,1797,BGD,BGD,Not Applicable,Not Applicable,Not Reported,Not Applicable
Polygon,555751338,555751338,PA,Char Muguria,Char Muguria,Eco Park,Eco Park,National,Not Reported,Not Applicable,Terrestrial,0,0,0.042,0.073053626946833,Not Applicable,0,Designated,2015,Federal or national ministry or agency,Not Applicable,State,Not Applicable,Forest Department,Not Reported,State Verified,1797,BGD,BGD,Not Applicable,Not Applicable,Not Reported,Not Applicable
Polygon,555751339,555751339,PA,Altadighi Special,Altadighi Special,Water based Special Biodiversity Conservation Area,Water based Special Biodiversity Conservation Area,National,Not Reported,Not Applicable,Terrestrial,0,0,0.1734,0.081001681361952,Not Applicable,0,Designated,2016,Federal or national ministry or agency,Not Applicable,State,Not Applicable,Forest Department,Not Reported,State Verified,1797,BGD,BGD,Not Applicable,Not Applicable,Not Reported,Not Applicable
Polygon,555751340,555751340,PA,Padma Setu,Padma Setu,Wildlife Sanctuary,Wildlife Sanctuary,National,Not Reported,Not Applicable,Coastal,0,57.2758020026572,117.72,116.488406595414,Not Reported,0,Designated,2020,Federal or national ministry or agency,Not Applicable,State,Not Applicable,Forest Department,Not Reported,State Verified,1797,BGD,BGD,Not Applicable,Not Applicable,Not Reported,Not Applicable
Polygon,555751341,555751341,PA,Saint Martin,Saint Martin,Marine Protected Area,Marine Protected Area,National,Not Reported,Not Applicable,Marine,1743,1742.91671111387,1743,1746.6000358735,Not Reported,0,Designated,2021,Federal or national ministry or agency,Not Applicable,State,Not Applicable,Multi-Government Agency headed by MOEFCC,Not Reported,State Verified,1797,BGD,BGD,Not Applicable,Not Applicable,Not Applicable,Not Applicable
Polygon,555751342,555751342,PA,Dharmapur,Dharmapur,National Park,National Park,National,Not Reported,Not Applicable,Terrestrial,0,0,7.04,7.35418673555074,Not Applicable,0,Designated,2021,Federal or national ministry or agency,Not Applicable,State,Not Applicable,Forest Department,Not Reported,State Verified,1797,BGD,BGD,Not Applicable,Not Applicable,Not Reported,Not Applicable
Polygon,555799976,555799976,PA,Purbachal,Purbachal,Special Biodiversity Conservation Area,Special Biodiversity Conservation Area,National,Not Reported,Not Applicable,Terrestrial,0,0,0.6,0.584836576235922,Not Applicable,0,Designated,2025,Federal or national ministry or agency,Not Applicable,State,Not Applicable,Forest Department,Not Reported,State Verified,1797,BGD,BGD,Not Applicable,Not Applicable,Not Reported,Not Applicable
Polygon,555799977,555799977,PA,Madhutila,Madhutila,Eco Park,Eco Park,National,Not Reported,Not Applicable,Terrestrial,0,0,1,1.06678884414122,Not Applicable,0,Designated,2023,Federal or national ministry or agency,Not Applicable,State,Not Applicable,Forest Department,Not Reported,State Verified,1797,BGD,BGD,Not Applicable,Not Applicable,Not Reported,Not Applicable
Polygon,555799978,555799978,PA,Baishari Bangdepa,Baishari Bangdepa,Wildlife Sanctuary,Wildlife Sanctuary,National,IV,Not Applicable,Terrestrial,0,0,22,22.6876788120375,Not Applicable,0,Designated,2023,Federal or national ministry or agency,Not Applicable,State,Not Applicable,Forest Department,Not Reported,State Verified,1797,BGD,BGD,Not Applicable,Not Applicable,Not Reported,Not Applicable
Polygon,555799979,555799979,PA,NAF Marine Protected Area,NAF Marine Protected Area,Marine Protected Area,Marine Protected Area,National,Not Reported,Not Applicable,Marine,734.17,722.632868346596,811,723.602001663136,Not Reported,0,Designated,2024,Federal or national ministry or agency,Not Applicable,State,Not Applicable,Department of Fisheries,Not Reported,State Verified,2038,BGD,BGD,Not Applicable,Not Applicable,Not Applicable,Not Applicable
Point,220085,220085,PA,Tanguar Haor,Tanguar Haor,Wetland of International Importance (Ramsar Site),Wetland of International Importance (Ramsar Site),International,Not Reported,"(i);(ii);(iii);(iv);(v);(vii);(viii)",Terrestrial,0,,95,,Not Applicable,0,Designated,2000,Collaborative governance,Not Reported,Not Reported,Not Applicable,Environment Department,Management plan is available but not implemented,State Verified,1856,BGD,BGD,Not Applicable,Not Applicable,Not Reported,Not Applicable
