Station_Name,Reason
Ambagan (Ctg),No district mapping is published in the selected files
Aricha,No district mapping is published in the selected files
Badalgachi,No district mapping is published in the selected files
Baghabari,No district mapping is published in the selected files
Barisal,No district mapping is published in the selected files
Bogura,No district mapping is published in the selected files
Chandpur,No district mapping is published in the selected files
Chittagong,No district mapping is published in the selected files
Chittagong (Patenga),No district mapping is published in the selected files
Chuadanga,No district mapping is published in the selected files
Comilla,No district mapping is published in the selected files
Dimla,No district mapping is published in the selected files
Faridpur,No district mapping is published in the selected files
Gopalgonj,No district mapping is published in the selected files
Hatiya,No district mapping is published in the selected files
Hijla,No district mapping is published in the selected files
Ishurdi,No district mapping is published in the selected files
Jessore,No district mapping is published in the selected files
Khepupara,No district mapping is published in the selected files
Koyra,No district mapping is published in the selected files
Kumarkhali,No district mapping is published in the selected files
Kutubdia,No district mapping is published in the selected files
Madaripur,No district mapping is published in the selected files
Maijdi Court,No district mapping is published in the selected files
Mawa,No district mapping is published in the selected files
Mongla,No district mapping is published in the selected files
Monpura,No district mapping is published in the selected files
Narayanganj,No district mapping is published in the selected files
Narsingdi,No district mapping is published in the selected files
Nikli,No district mapping is published in the selected files
Rajarhat,No district mapping is published in the selected files
Rajshahi,No district mapping is published in the selected files
Ramgati,No district mapping is published in the selected files
Sandwip,No district mapping is published in the selected files
Sayedpur,No district mapping is published in the selected files
Sitakunda,No district mapping is published in the selected files
Srimangal,No district mapping is published in the selected files
Tarash,No district mapping is published in the selected files
Teknaf,No district mapping is published in the selected files
Tetulia,No district mapping is published in the selected files
