Station_Name,District_Name
Ambagan (Ctg),
Aricha,
Badalgachi,
Baghabari,
Bandarban,Bandarban
Barisal,
Bhola,Bhola
Bogura,
Chandpur,
Chittagong,
Chittagong (Patenga),
Chuadanga,
Comilla,
Cox's Bazar,Cox's Bazar
Dhaka,Dhaka
Dimla,
Dinajpur,Dinajpur
Faridpur,
Feni,Feni
Gazipur,Gazipur
Gopalgonj,
Hatiya,
Hijla,
Ishurdi,
Jessore,
Khepupara,
Khulna,Khulna
Koyra,
Kumarkhali,
Kutubdia,
Madaripur,
Maijdi Court,
Mawa,
Mongla,
Monpura,
Mymensingh,Mymensingh
Narayanganj,
Narsingdi,
Netrokona,Netrokona
Nikli,
Patuakhali,Patuakhali
Rajarhat,
Rajshahi,
Ramgati,
Rangamati,Rangamati
Rangpur,Rangpur
Sandwip,
Satkhira,Satkhira
Sayedpur,
Sitakunda,
Srimangal,
Sylhet,Sylhet
Tangail,Tangail
Tarash,
Teknaf,
Tetulia,
