District_Name,Fiscal_Year,Fiscal_Start_Year,Fiscal_End_Year,Measure,Acre,Source_Sheet,Block
Dhaka,2019-20,2019,2020,Reserved_Forest_Section_20_Acre,0,T1.66,B22
Dhaka,2019-20,2019,2020,Reserved_Forest_Section_4_6_Acre,934.74,T1.66,B22
Dhaka,2019-20,2019,2020,Protected_Area,0,T1.66,B22
Dhaka,2019-20,2019,2020,Acquired_Vested_Forest,0,T1.66,B22
Dhaka,2019-20,2019,2020,Unclassed_State_Forest_FD_Acre,0,T1.66,B22
Dhaka,2019-20,2019,2020,Total_Forest_FD_Acre,934.74,T1.66,B22
Dhaka,2019-20,2019,2020,Unclassed_State_Forest_Admin_Acre,0,T1.66,B22
Dhaka,2019-20,2019,2020,Total_Forest_Land,934.74,T1.66,B22
Dhaka,2020-21,2020,2021,Reserved_Forest_Section_20_Acre,0,T1.66,B22
Dhaka,2020-21,2020,2021,Reserved_Forest_Section_4_6_Acre,934.74,T1.66,B22
Dhaka,2020-21,2020,2021,Protected_Area,0,T1.66,B22
Dhaka,2020-21,2020,2021,Acquired_Vested_Forest,0,T1.66,B22
Dhaka,2020-21,2020,2021,Unclassed_State_Forest_FD_Acre,0,T1.66,B22
Dhaka,2020-21,2020,2021,Total_Forest_FD_Acre,934.74,T1.66,B22
Dhaka,2020-21,2020,2021,Unclassed_State_Forest_Admin_Acre,0,T1.66,B22
Dhaka,2020-21,2020,2021,Total_Forest_Land,934.74,T1.66,B22
Dhaka,2021-22,2021,2022,Reserved_Forest_Section_20_Acre,0,T1.66,B22
Dhaka,2021-22,2021,2022,Reserved_Forest_Section_4_6_Acre,934.74,T1.66,B22
Dhaka,2021-22,2021,2022,Protected_Area,0,T1.66,B22
Dhaka,2021-22,2021,2022,Acquired_Vested_Forest,0,T1.66,B22
Dhaka,2021-22,2021,2022,Unclassed_State_Forest_FD_Acre,0,T1.66,B22
Dhaka,2021-22,2021,2022,Total_Forest_FD_Acre,934.74,T1.66,B22
Dhaka,2021-22,2021,2022,Unclassed_State_Forest_Admin_Acre,0,T1.66,B22
Dhaka,2021-22,2021,2022,Total_Forest_Land,934.74,T1.66,B22
Dhaka,2022-23,2022,2023,Reserved_Forest_Section_20_Acre,0,T1.66,B22
Dhaka,2022-23,2022,2023,Reserved_Forest_Section_4_6_Acre,934.74,T1.66,B22
Dhaka,2022-23,2022,2023,Protected_Area,0,T1.66,B22
Dhaka,2022-23,2022,2023,Acquired_Vested_Forest,0,T1.66,B22
Dhaka,2022-23,2022,2023,Unclassed_State_Forest_FD_Acre,0,T1.66,B22
Dhaka,2022-23,2022,2023,Total_Forest_FD_Acre,934.74,T1.66,B22
Dhaka,2022-23,2022,2023,Unclassed_State_Forest_Admin_Acre,0,T1.66,B22
Dhaka,2022-23,2022,2023,Total_Forest_Land,934.74,T1.66,B22
Dhaka,2023-24,2023,2024,Reserved_Forest_Section_20_Acre,0,T1.66,B22
Dhaka,2023-24,2023,2024,Reserved_Forest_Section_4_6_Acre,934.74,T1.66,B22
Dhaka,2023-24,2023,2024,Protected_Area,0,T1.66,B22
Dhaka,2023-24,2023,2024,Acquired_Vested_Forest,0,T1.66,B22
Dhaka,2023-24,2023,2024,Unclassed_State_Forest_FD_Acre,0,T1.66,B22
Dhaka,2023-24,2023,2024,Total_Forest_FD_Acre,934.74,T1.66,B22
Dhaka,2023-24,2023,2024,Unclassed_State_Forest_Admin_Acre,0,T1.66,B22
Dhaka,2023-24,2023,2024,Total_Forest_Land,934.74,T1.66,B22
Gazipur,2019-20,2019,2020,Reserved_Forest_Section_20_Acre,44189.9,T1.66,B22
Gazipur,2019-20,2019,2020,Reserved_Forest_Section_4_6_Acre,20983.31,T1.66,B22
Gazipur,2019-20,2019,2020,Protected_Area,0,T1.66,B22
Gazipur,2019-20,2019,2020,Acquired_Vested_Forest,0,T1.66,B22
Gazipur,2019-20,2019,2020,Unclassed_State_Forest_FD_Acre,0,T1.66,B22
Gazipur,2019-20,2019,2020,Total_Forest_FD_Acre,65173.21,T1.66,B22
Gazipur,2019-20,2019,2020,Unclassed_State_Forest_Admin_Acre,0,T1.66,B22
Gazipur,2019-20,2019,2020,Total_Forest_Land,65173.21,T1.66,B22
Gazipur,2020-21,2020,2021,Reserved_Forest_Section_20_Acre,44189.9,T1.66,B22
Gazipur,2020-21,2020,2021,Reserved_Forest_Section_4_6_Acre,20983.31,T1.66,B22
Gazipur,2020-21,2020,2021,Protected_Area,0,T1.66,B22
Gazipur,2020-21,2020,2021,Acquired_Vested_Forest,0,T1.66,B22
Gazipur,2020-21,2020,2021,Unclassed_State_Forest_FD_Acre,0,T1.66,B22
Gazipur,2020-21,2020,2021,Total_Forest_FD_Acre,65173.21,T1.66,B22
Gazipur,2020-21,2020,2021,Unclassed_State_Forest_Admin_Acre,0,T1.66,B22
Gazipur,2020-21,2020,2021,Total_Forest_Land,65173.21,T1.66,B22
Gazipur,2021-22,2021,2022,Reserved_Forest_Section_20_Acre,44189.9,T1.66,B22
Gazipur,2021-22,2021,2022,Reserved_Forest_Section_4_6_Acre,20983.31,T1.66,B22
Gazipur,2021-22,2021,2022,Protected_Area,0,T1.66,B22
Gazipur,2021-22,2021,2022,Acquired_Vested_Forest,0,T1.66,B22
Gazipur,2021-22,2021,2022,Unclassed_State_Forest_FD_Acre,0,T1.66,B22
Gazipur,2021-22,2021,2022,Total_Forest_FD_Acre,65173.21,T1.66,B22
Gazipur,2021-22,2021,2022,Unclassed_State_Forest_Admin_Acre,0,T1.66,B22
Gazipur,2021-22,2021,2022,Total_Forest_Land,65173.21,T1.66,B22
Gazipur,2022-23,2022,2023,Reserved_Forest_Section_20_Acre,44189.9,T1.66,B22
Gazipur,2022-23,2022,2023,Reserved_Forest_Section_4_6_Acre,20983.31,T1.66,B22
Gazipur,2022-23,2022,2023,Protected_Area,0,T1.66,B22
Gazipur,2022-23,2022,2023,Acquired_Vested_Forest,0,T1.66,B22
Gazipur,2022-23,2022,2023,Unclassed_State_Forest_FD_Acre,0,T1.66,B22
Gazipur,2022-23,2022,2023,Total_Forest_FD_Acre,65173.21,T1.66,B22
Gazipur,2022-23,2022,2023,Unclassed_State_Forest_Admin_Acre,0,T1.66,B22
Gazipur,2022-23,2022,2023,Total_Forest_Land,65173.21,T1.66,B22
Gazipur,2023-24,2023,2024,Reserved_Forest_Section_20_Acre,44189.9,T1.66,B22
Gazipur,2023-24,2023,2024,Reserved_Forest_Section_4_6_Acre,20983.31,T1.66,B22
Gazipur,2023-24,2023,2024,Protected_Area,0,T1.66,B22
Gazipur,2023-24,2023,2024,Acquired_Vested_Forest,0,T1.66,B22
Gazipur,2023-24,2023,2024,Unclassed_State_Forest_FD_Acre,0,T1.66,B22
Gazipur,2023-24,2023,2024,Total_Forest_FD_Acre,65173.21,T1.66,B22
Gazipur,2023-24,2023,2024,Unclassed_State_Forest_Admin_Acre,0,T1.66,B22
Gazipur,2023-24,2023,2024,Total_Forest_Land,65173.21,T1.66,B22
Mymensingh,2019-20,2019,2020,Reserved_Forest_Section_20_Acre,34555.11,T1.66,B22
Mymensingh,2019-20,2019,2020,Reserved_Forest_Section_4_6_Acre,4305.03,T1.66,B22
Mymensingh,2019-20,2019,2020,Protected_Area,0,T1.66,B22
Mymensingh,2019-20,2019,2020,Acquired_Vested_Forest,0,T1.66,B22
Mymensingh,2019-20,2019,2020,Unclassed_State_Forest_FD_Acre,0,T1.66,B22
Mymensingh,2019-20,2019,2020,Total_Forest_FD_Acre,38860.14,T1.66,B22
Mymensingh,2019-20,2019,2020,Unclassed_State_Forest_Admin_Acre,0,T1.66,B22
Mymensingh,2019-20,2019,2020,Total_Forest_Land,38860.14,T1.66,B22
Mymensingh,2020-21,2020,2021,Reserved_Forest_Section_20_Acre,34555.11,T1.66,B22
Mymensingh,2020-21,2020,2021,Reserved_Forest_Section_4_6_Acre,4305.03,T1.66,B22
Mymensingh,2020-21,2020,2021,Protected_Area,0,T1.66,B22
Mymensingh,2020-21,2020,2021,Acquired_Vested_Forest,0,T1.66,B22
Mymensingh,2020-21,2020,2021,Unclassed_State_Forest_FD_Acre,0,T1.66,B22
Mymensingh,2020-21,2020,2021,Total_Forest_FD_Acre,38860.14,T1.66,B22
Mymensingh,2020-21,2020,2021,Unclassed_State_Forest_Admin_Acre,0,T1.66,B22
Mymensingh,2020-21,2020,2021,Total_Forest_Land,38860.14,T1.66,B22
Mymensingh,2021-22,2021,2022,Reserved_Forest_Section_20_Acre,34555.11,T1.66,B22
Mymensingh,2021-22,2021,2022,Reserved_Forest_Section_4_6_Acre,4305.03,T1.66,B22
Mymensingh,2021-22,2021,2022,Protected_Area,0,T1.66,B22
Mymensingh,2021-22,2021,2022,Acquired_Vested_Forest,0,T1.66,B22
Mymensingh,2021-22,2021,2022,Unclassed_State_Forest_FD_Acre,0,T1.66,B22
Mymensingh,2021-22,2021,2022,Total_Forest_FD_Acre,38860.14,T1.66,B22
Mymensingh,2021-22,2021,2022,Unclassed_State_Forest_Admin_Acre,0,T1.66,B22
Mymensingh,2021-22,2021,2022,Total_Forest_Land,38860.14,T1.66,B22
Mymensingh,2022-23,2022,2023,Reserved_Forest_Section_20_Acre,34555.11,T1.66,B22
Mymensingh,2022-23,2022,2023,Reserved_Forest_Section_4_6_Acre,4305.03,T1.66,B22
Mymensingh,2022-23,2022,2023,Protected_Area,0,T1.66,B22
Mymensingh,2022-23,2022,2023,Acquired_Vested_Forest,0,T1.66,B22
Mymensingh,2022-23,2022,2023,Unclassed_State_Forest_FD_Acre,0,T1.66,B22
Mymensingh,2022-23,2022,2023,Total_Forest_FD_Acre,38860.14,T1.66,B22
Mymensingh,2022-23,2022,2023,Unclassed_State_Forest_Admin_Acre,0,T1.66,B22
Mymensingh,2022-23,2022,2023,Total_Forest_Land,38860.14,T1.66,B22
Mymensingh,2023-24,2023,2024,Reserved_Forest_Section_20_Acre,34555.11,T1.66,B22
Mymensingh,2023-24,2023,2024,Reserved_Forest_Section_4_6_Acre,4305.03,T1.66,B22
Mymensingh,2023-24,2023,2024,Protected_Area,0,T1.66,B22
Mymensingh,2023-24,2023,2024,Acquired_Vested_Forest,0,T1.66,B22
Mymensingh,2023-24,2023,2024,Unclassed_State_Forest_FD_Acre,0,T1.66,B22
Mymensingh,2023-24,2023,2024,Total_Forest_FD_Acre,38860.14,T1.66,B22
Mymensingh,2023-24,2023,2024,Unclassed_State_Forest_Admin_Acre,0,T1.66,B22
Mymensingh,2023-24,2023,2024,Total_Forest_Land,38860.14,T1.66,B22
Jamalpur,2019-20,2019,2020,Reserved_Forest_Section_20_Acre,0,T1.66,B22
Jamalpur,2019-20,2019,2020,Reserved_Forest_Section_4_6_Acre,10364.39,T1.66,B22
Jamalpur,2019-20,2019,2020,Protected_Area,0,T1.66,B22
Jamalpur,2019-20,2019,2020,Acquired_Vested_Forest,0,T1.66,B22
Jamalpur,2019-20,2019,2020,Unclassed_State_Forest_FD_Acre,0,T1.66,B22
Jamalpur,2019-20,2019,2020,Total_Forest_FD_Acre,10364.39,T1.66,B22
Jamalpur,2019-20,2019,2020,Unclassed_State_Forest_Admin_Acre,0,T1.66,B22
Jamalpur,2019-20,2019,2020,Total_Forest_Land,10364.39,T1.66,B22
Jamalpur,2020-21,2020,2021,Reserved_Forest_Section_20_Acre,0,T1.66,B22
Jamalpur,2020-21,2020,2021,Reserved_Forest_Section_4_6_Acre,10364.39,T1.66,B22
Jamalpur,2020-21,2020,2021,Protected_Area,0,T1.66,B22
Jamalpur,2020-21,2020,2021,Acquired_Vested_Forest,0,T1.66,B22
Jamalpur,2020-21,2020,2021,Unclassed_State_Forest_FD_Acre,0,T1.66,B22
Jamalpur,2020-21,2020,2021,Total_Forest_FD_Acre,10364.39,T1.66,B22
Jamalpur,2020-21,2020,2021,Unclassed_State_Forest_Admin_Acre,0,T1.66,B22
Jamalpur,2020-21,2020,2021,Total_Forest_Land,10364.39,T1.66,B22
Jamalpur,2021-22,2021,2022,Reserved_Forest_Section_20_Acre,0,T1.66,B22
Jamalpur,2021-22,2021,2022,Reserved_Forest_Section_4_6_Acre,10364.39,T1.66,B22
Jamalpur,2021-22,2021,2022,Protected_Area,0,T1.66,B22
Jamalpur,2021-22,2021,2022,Acquired_Vested_Forest,0,T1.66,B22
Jamalpur,2021-22,2021,2022,Unclassed_State_Forest_FD_Acre,0,T1.66,B22
Jamalpur,2021-22,2021,2022,Total_Forest_FD_Acre,10364.39,T1.66,B22
Jamalpur,2021-22,2021,2022,Unclassed_State_Forest_Admin_Acre,0,T1.66,B22
Jamalpur,2021-22,2021,2022,Total_Forest_Land,10364.39,T1.66,B22
Jamalpur,2022-23,2022,2023,Reserved_Forest_Section_20_Acre,0,T1.66,B22
Jamalpur,2022-23,2022,2023,Reserved_Forest_Section_4_6_Acre,10364.39,T1.66,B22
Jamalpur,2022-23,2022,2023,Protected_Area,0,T1.66,B22
Jamalpur,2022-23,2022,2023,Acquired_Vested_Forest,0,T1.66,B22
Jamalpur,2022-23,2022,2023,Unclassed_State_Forest_FD_Acre,0,T1.66,B22
Jamalpur,2022-23,2022,2023,Total_Forest_FD_Acre,10364.39,T1.66,B22
Jamalpur,2022-23,2022,2023,Unclassed_State_Forest_Admin_Acre,0,T1.66,B22
Jamalpur,2022-23,2022,2023,Total_Forest_Land,10364.39,T1.66,B22
Jamalpur,2023-24,2023,2024,Reserved_Forest_Section_20_Acre,0,T1.66,B22
Jamalpur,2023-24,2023,2024,Reserved_Forest_Section_4_6_Acre,10364.39,T1.66,B22
Jamalpur,2023-24,2023,2024,Protected_Area,0,T1.66,B22
Jamalpur,2023-24,2023,2024,Acquired_Vested_Forest,0,T1.66,B22
Jamalpur,2023-24,2023,2024,Unclassed_State_Forest_FD_Acre,0,T1.66,B22
Jamalpur,2023-24,2023,2024,Total_Forest_FD_Acre,10364.39,T1.66,B22
Jamalpur,2023-24,2023,2024,Unclassed_State_Forest_Admin_Acre,0,T1.66,B22
Jamalpur,2023-24,2023,2024,Total_Forest_Land,10364.39,T1.66,B22
Sherpur,2019-20,2019,2020,Reserved_Forest_Section_20_Acre,6324.7,T1.66,B22
Sherpur,2019-20,2019,2020,Reserved_Forest_Section_4_6_Acre,13759.45,T1.66,B22
Sherpur,2019-20,2019,2020,Protected_Area,0,T1.66,B22
Sherpur,2019-20,2019,2020,Acquired_Vested_Forest,0,T1.66,B22
Sherpur,2019-20,2019,2020,Unclassed_State_Forest_FD_Acre,0,T1.66,B22
Sherpur,2019-20,2019,2020,Total_Forest_FD_Acre,20084.15,T1.66,B22
Sherpur,2019-20,2019,2020,Unclassed_State_Forest_Admin_Acre,0,T1.66,B22
Sherpur,2019-20,2019,2020,Total_Forest_Land,20084.15,T1.66,B22
Sherpur,2020-21,2020,2021,Reserved_Forest_Section_20_Acre,6324.7,T1.66,B22
Sherpur,2020-21,2020,2021,Reserved_Forest_Section_4_6_Acre,13759.45,T1.66,B22
Sherpur,2020-21,2020,2021,Protected_Area,0,T1.66,B22
Sherpur,2020-21,2020,2021,Acquired_Vested_Forest,0,T1.66,B22
Sherpur,2020-21,2020,2021,Unclassed_State_Forest_FD_Acre,0,T1.66,B22
Sherpur,2020-21,2020,2021,Total_Forest_FD_Acre,20084.15,T1.66,B22
Sherpur,2020-21,2020,2021,Unclassed_State_Forest_Admin_Acre,0,T1.66,B22
Sherpur,2020-21,2020,2021,Total_Forest_Land,20084.15,T1.66,B22
Sherpur,2021-22,2021,2022,Reserved_Forest_Section_20_Acre,6324.7,T1.66,B22
Sherpur,2021-22,2021,2022,Reserved_Forest_Section_4_6_Acre,13759.45,T1.66,B22
Sherpur,2021-22,2021,2022,Protected_Area,0,T1.66,B22
Sherpur,2021-22,2021,2022,Acquired_Vested_Forest,0,T1.66,B22
Sherpur,2021-22,2021,2022,Unclassed_State_Forest_FD_Acre,0,T1.66,B22
Sherpur,2021-22,2021,2022,Total_Forest_FD_Acre,20084.15,T1.66,B22
Sherpur,2021-22,2021,2022,Unclassed_State_Forest_Admin_Acre,0,T1.66,B22
Sherpur,2021-22,2021,2022,Total_Forest_Land,20084.15,T1.66,B22
Sherpur,2022-23,2022,2023,Reserved_Forest_Section_20_Acre,6324.7,T1.66,B22
Sherpur,2022-23,2022,2023,Reserved_Forest_Section_4_6_Acre,13759.45,T1.66,B22
Sherpur,2022-23,2022,2023,Protected_Area,0,T1.66,B22
Sherpur,2022-23,2022,2023,Acquired_Vested_Forest,0,T1.66,B22
Sherpur,2022-23,2022,2023,Unclassed_State_Forest_FD_Acre,0,T1.66,B22
Sherpur,2022-23,2022,2023,Total_Forest_FD_Acre,20084.15,T1.66,B22
Sherpur,2022-23,2022,2023,Unclassed_State_Forest_Admin_Acre,0,T1.66,B22
Sherpur,2022-23,2022,2023,Total_Forest_Land,20084.15,T1.66,B22
Sherpur,2023-24,2023,2024,Reserved_Forest_Section_20_Acre,6324.7,T1.66,B22
Sherpur,2023-24,2023,2024,Reserved_Forest_Section_4_6_Acre,13759.45,T1.66,B22
Sherpur,2023-24,2023,2024,Protected_Area,0,T1.66,B22
Sherpur,2023-24,2023,2024,Acquired_Vested_Forest,0,T1.66,B22
Sherpur,2023-24,2023,2024,Unclassed_State_Forest_FD_Acre,0,T1.66,B22
Sherpur,2023-24,2023,2024,Total_Forest_FD_Acre,20084.15,T1.66,B22
Sherpur,2023-24,2023,2024,Unclassed_State_Forest_Admin_Acre,0,T1.66,B22
Sherpur,2023-24,2023,2024,Total_Forest_Land,20084.15,T1.66,B22
Netrokona,2019-20,2019,2020,Reserved_Forest_Section_20_Acre,591.97,T1.66,B22
Netrokona,2019-20,2019,2020,Reserved_Forest_Section_4_6_Acre,1381.6,T1.66,B22
Netrokona,2019-20,2019,2020,Protected_Area,0,T1.66,B22
Netrokona,2019-20,2019,2020,Acquired_Vested_Forest,0,T1.66,B22
Netrokona,2019-20,2019,2020,Unclassed_State_Forest_FD_Acre,0,T1.66,B22
Netrokona,2019-20,2019,2020,Total_Forest_FD_Acre,1973.57,T1.66,B22
Netrokona,2019-20,2019,2020,Unclassed_State_Forest_Admin_Acre,0,T1.66,B22
Netrokona,2019-20,2019,2020,Total_Forest_Land,1973.57,T1.66,B22
Netrokona,2020-21,2020,2021,Reserved_Forest_Section_20_Acre,591.97,T1.66,B22
Netrokona,2020-21,2020,2021,Reserved_Forest_Section_4_6_Acre,1381.6,T1.66,B22
Netrokona,2020-21,2020,2021,Protected_Area,0,T1.66,B22
Netrokona,2020-21,2020,2021,Acquired_Vested_Forest,0,T1.66,B22
Netrokona,2020-21,2020,2021,Unclassed_State_Forest_FD_Acre,0,T1.66,B22
Netrokona,2020-21,2020,2021,Total_Forest_FD_Acre,1973.57,T1.66,B22
Netrokona,2020-21,2020,2021,Unclassed_State_Forest_Admin_Acre,0,T1.66,B22
Netrokona,2020-21,2020,2021,Total_Forest_Land,1973.57,T1.66,B22
Netrokona,2021-22,2021,2022,Reserved_Forest_Section_20_Acre,591.97,T1.66,B22
Netrokona,2021-22,2021,2022,Reserved_Forest_Section_4_6_Acre,1381.6,T1.66,B22
Netrokona,2021-22,2021,2022,Protected_Area,0,T1.66,B22
Netrokona,2021-22,2021,2022,Acquired_Vested_Forest,0,T1.66,B22
Netrokona,2021-22,2021,2022,Unclassed_State_Forest_FD_Acre,0,T1.66,B22
Netrokona,2021-22,2021,2022,Total_Forest_FD_Acre,1973.57,T1.66,B22
Netrokona,2021-22,2021,2022,Unclassed_State_Forest_Admin_Acre,0,T1.66,B22
Netrokona,2021-22,2021,2022,Total_Forest_Land,1973.57,T1.66,B22
Netrokona,2022-23,2022,2023,Reserved_Forest_Section_20_Acre,591.97,T1.66,B22
Netrokona,2022-23,2022,2023,Reserved_Forest_Section_4_6_Acre,1381.6,T1.66,B22
Netrokona,2022-23,2022,2023,Protected_Area,0,T1.66,B22
Netrokona,2022-23,2022,2023,Acquired_Vested_Forest,0,T1.66,B22
Netrokona,2022-23,2022,2023,Unclassed_State_Forest_FD_Acre,0,T1.66,B22
Netrokona,2022-23,2022,2023,Total_Forest_FD_Acre,1973.57,T1.66,B22
Netrokona,2022-23,2022,2023,Unclassed_State_Forest_Admin_Acre,0,T1.66,B22
Netrokona,2022-23,2022,2023,Total_Forest_Land,1973.57,T1.66,B22
Netrokona,2023-24,2023,2024,Reserved_Forest_Section_20_Acre,591.97,T1.66,B22
Netrokona,2023-24,2023,2024,Reserved_Forest_Section_4_6_Acre,1381.6,T1.66,B22
Netrokona,2023-24,2023,2024,Protected_Area,0,T1.66,B22
Netrokona,2023-24,2023,2024,Acquired_Vested_Forest,0,T1.66,B22
Netrokona,2023-24,2023,2024,Unclassed_State_Forest_FD_Acre,0,T1.66,B22
Netrokona,2023-24,2023,2024,Total_Forest_FD_Acre,1973.57,T1.66,B22
Netrokona,2023-24,2023,2024,Unclassed_State_Forest_Admin_Acre,0,T1.66,B22
Netrokona,2023-24,2023,2024,Total_Forest_Land,1973.57,T1.66,B22
Tangail,2019-20,2019,2020,Reserved_Forest_Section_20_Acre,73815.69,T1.66,B22
Tangail,2019-20,2019,2020,Reserved_Forest_Section_4_6_Acre,49061.21,T1.66,B22
Tangail,2019-20,2019,2020,Protected_Area,0,T1.66,B22
Tangail,2019-20,2019,2020,Acquired_Vested_Forest,0,T1.66,B22
Tangail,2019-20,2019,2020,Unclassed_State_Forest_FD_Acre,0,T1.66,B22
Tangail,2019-20,2019,2020,Total_Forest_FD_Acre,122876.9,T1.66,B22
Tangail,2019-20,2019,2020,Unclassed_State_Forest_Admin_Acre,0,T1.66,B22
Tangail,2019-20,2019,2020,Total_Forest_Land,122876.9,T1.66,B22
Tangail,2020-21,2020,2021,Reserved_Forest_Section_20_Acre,73815.69,T1.66,B22
Tangail,2020-21,2020,2021,Reserved_Forest_Section_4_6_Acre,49061.21,T1.66,B22
Tangail,2020-21,2020,2021,Protected_Area,0,T1.66,B22
Tangail,2020-21,2020,2021,Acquired_Vested_Forest,0,T1.66,B22
Tangail,2020-21,2020,2021,Unclassed_State_Forest_FD_Acre,0,T1.66,B22
Tangail,2020-21,2020,2021,Total_Forest_FD_Acre,122876.9,T1.66,B22
Tangail,2020-21,2020,2021,Unclassed_State_Forest_Admin_Acre,0,T1.66,B22
Tangail,2020-21,2020,2021,Total_Forest_Land,122876.9,T1.66,B22
Tangail,2021-22,2021,2022,Reserved_Forest_Section_20_Acre,73815.69,T1.66,B22
Tangail,2021-22,2021,2022,Reserved_Forest_Section_4_6_Acre,49061.21,T1.66,B22
Tangail,2021-22,2021,2022,Protected_Area,0,T1.66,B22
Tangail,2021-22,2021,2022,Acquired_Vested_Forest,0,T1.66,B22
Tangail,2021-22,2021,2022,Unclassed_State_Forest_FD_Acre,0,T1.66,B22
Tangail,2021-22,2021,2022,Total_Forest_FD_Acre,122876.9,T1.66,B22
Tangail,2021-22,2021,2022,Unclassed_State_Forest_Admin_Acre,0,T1.66,B22
Tangail,2021-22,2021,2022,Total_Forest_Land,122876.9,T1.66,B22
Tangail,2022-23,2022,2023,Reserved_Forest_Section_20_Acre,73815.69,T1.66,B22
Tangail,2022-23,2022,2023,Reserved_Forest_Section_4_6_Acre,49061.21,T1.66,B22
Tangail,2022-23,2022,2023,Protected_Area,0,T1.66,B22
Tangail,2022-23,2022,2023,Acquired_Vested_Forest,0,T1.66,B22
Tangail,2022-23,2022,2023,Unclassed_State_Forest_FD_Acre,0,T1.66,B22
Tangail,2022-23,2022,2023,Total_Forest_FD_Acre,122876.9,T1.66,B22
Tangail,2022-23,2022,2023,Unclassed_State_Forest_Admin_Acre,0,T1.66,B22
Tangail,2022-23,2022,2023,Total_Forest_Land,122876.9,T1.66,B22
Tangail,2023-24,2023,2024,Reserved_Forest_Section_20_Acre,73815.69,T1.66,B22
Tangail,2023-24,2023,2024,Reserved_Forest_Section_4_6_Acre,49061.21,T1.66,B22
Tangail,2023-24,2023,2024,Protected_Area,0,T1.66,B22
Tangail,2023-24,2023,2024,Acquired_Vested_Forest,0,T1.66,B22
Tangail,2023-24,2023,2024,Unclassed_State_Forest_FD_Acre,0,T1.66,B22
Tangail,2023-24,2023,2024,Total_Forest_FD_Acre,122876.9,T1.66,B22
Tangail,2023-24,2023,2024,Unclassed_State_Forest_Admin_Acre,0,T1.66,B22
Tangail,2023-24,2023,2024,Total_Forest_Land,122876.9,T1.66,B22
Sylhet,2019-20,2019,2020,Reserved_Forest_Section_20_Acre,23900.63,T1.66,B22
Sylhet,2019-20,2019,2020,Reserved_Forest_Section_4_6_Acre,25538.85,T1.66,B22
Sylhet,2019-20,2019,2020,Protected_Area,0,T1.66,B22
Sylhet,2019-20,2019,2020,Acquired_Vested_Forest,0,T1.66,B22
Sylhet,2019-20,2019,2020,Unclassed_State_Forest_FD_Acre,0,T1.66,B22
Sylhet,2019-20,2019,2020,Total_Forest_FD_Acre,49439.48,T1.66,B22
Sylhet,2019-20,2019,2020,Unclassed_State_Forest_Admin_Acre,988.88,T1.66,B22
Sylhet,2019-20,2019,2020,Total_Forest_Land,50428.36,T1.66,B22
Sylhet,2020-21,2020,2021,Reserved_Forest_Section_20_Acre,23900.63,T1.66,B22
Sylhet,2020-21,2020,2021,Reserved_Forest_Section_4_6_Acre,25538.85,T1.66,B22
Sylhet,2020-21,2020,2021,Protected_Area,0,T1.66,B22
Sylhet,2020-21,2020,2021,Acquired_Vested_Forest,0,T1.66,B22
Sylhet,2020-21,2020,2021,Unclassed_State_Forest_FD_Acre,0,T1.66,B22
Sylhet,2020-21,2020,2021,Total_Forest_FD_Acre,49439.48,T1.66,B22
Sylhet,2020-21,2020,2021,Unclassed_State_Forest_Admin_Acre,988.88,T1.66,B22
Sylhet,2020-21,2020,2021,Total_Forest_Land,50428.36,T1.66,B22
Sylhet,2021-22,2021,2022,Reserved_Forest_Section_20_Acre,23900.63,T1.66,B22
Sylhet,2021-22,2021,2022,Reserved_Forest_Section_4_6_Acre,25538.85,T1.66,B22
Sylhet,2021-22,2021,2022,Protected_Area,0,T1.66,B22
Sylhet,2021-22,2021,2022,Acquired_Vested_Forest,0,T1.66,B22
Sylhet,2021-22,2021,2022,Unclassed_State_Forest_FD_Acre,0,T1.66,B22
Sylhet,2021-22,2021,2022,Total_Forest_FD_Acre,49439.48,T1.66,B22
Sylhet,2021-22,2021,2022,Unclassed_State_Forest_Admin_Acre,988.88,T1.66,B22
Sylhet,2021-22,2021,2022,Total_Forest_Land,50428.36,T1.66,B22
Sylhet,2022-23,2022,2023,Reserved_Forest_Section_20_Acre,23900.63,T1.66,B22
Sylhet,2022-23,2022,2023,Reserved_Forest_Section_4_6_Acre,25538.85,T1.66,B22
Sylhet,2022-23,2022,2023,Protected_Area,0,T1.66,B22
Sylhet,2022-23,2022,2023,Acquired_Vested_Forest,0,T1.66,B22
Sylhet,2022-23,2022,2023,Unclassed_State_Forest_FD_Acre,0,T1.66,B22
Sylhet,2022-23,2022,2023,Total_Forest_FD_Acre,49439.48,T1.66,B22
Sylhet,2022-23,2022,2023,Unclassed_State_Forest_Admin_Acre,988.88,T1.66,B22
Sylhet,2022-23,2022,2023,Total_Forest_Land,50428.36,T1.66,B22
Sylhet,2023-24,2023,2024,Reserved_Forest_Section_20_Acre,23900.63,T1.66,B22
Sylhet,2023-24,2023,2024,Reserved_Forest_Section_4_6_Acre,25538.85,T1.66,B22
Sylhet,2023-24,2023,2024,Protected_Area,0,T1.66,B22
Sylhet,2023-24,2023,2024,Acquired_Vested_Forest,0,T1.66,B22
Sylhet,2023-24,2023,2024,Unclassed_State_Forest_FD_Acre,0,T1.66,B22
Sylhet,2023-24,2023,2024,Total_Forest_FD_Acre,49439.48,T1.66,B22
Sylhet,2023-24,2023,2024,Unclassed_State_Forest_Admin_Acre,988.88,T1.66,B22
Sylhet,2023-24,2023,2024,Total_Forest_Land,50428.36,T1.66,B22
Habiganj,2019-20,2019,2020,Reserved_Forest_Section_20_Acre,33885.73,T1.66,B22
Habiganj,2019-20,2019,2020,Reserved_Forest_Section_4_6_Acre,274,T1.66,B22
Habiganj,2019-20,2019,2020,Protected_Area,0,T1.66,B22
Habiganj,2019-20,2019,2020,Acquired_Vested_Forest,0,T1.66,B22
Habiganj,2019-20,2019,2020,Unclassed_State_Forest_FD_Acre,0,T1.66,B22
Habiganj,2019-20,2019,2020,Total_Forest_FD_Acre,34159.73,T1.66,B22
Habiganj,2019-20,2019,2020,Unclassed_State_Forest_Admin_Acre,2200,T1.66,B22
Habiganj,2019-20,2019,2020,Total_Forest_Land,36359.73,T1.66,B22
Habiganj,2020-21,2020,2021,Reserved_Forest_Section_20_Acre,33885.73,T1.66,B22
Habiganj,2020-21,2020,2021,Reserved_Forest_Section_4_6_Acre,274,T1.66,B22
Habiganj,2020-21,2020,2021,Protected_Area,0,T1.66,B22
Habiganj,2020-21,2020,2021,Acquired_Vested_Forest,0,T1.66,B22
Habiganj,2020-21,2020,2021,Unclassed_State_Forest_FD_Acre,0,T1.66,B22
Habiganj,2020-21,2020,2021,Total_Forest_FD_Acre,34159.73,T1.66,B22
Habiganj,2020-21,2020,2021,Unclassed_State_Forest_Admin_Acre,2200,T1.66,B22
Habiganj,2020-21,2020,2021,Total_Forest_Land,36359.73,T1.66,B22
Habiganj,2021-22,2021,2022,Reserved_Forest_Section_20_Acre,33885.73,T1.66,B22
Habiganj,2021-22,2021,2022,Reserved_Forest_Section_4_6_Acre,274,T1.66,B22
Habiganj,2021-22,2021,2022,Protected_Area,0,T1.66,B22
Habiganj,2021-22,2021,2022,Acquired_Vested_Forest,0,T1.66,B22
Habiganj,2021-22,2021,2022,Unclassed_State_Forest_FD_Acre,0,T1.66,B22
Habiganj,2021-22,2021,2022,Total_Forest_FD_Acre,34159.73,T1.66,B22
Habiganj,2021-22,2021,2022,Unclassed_State_Forest_Admin_Acre,2200,T1.66,B22
Habiganj,2021-22,2021,2022,Total_Forest_Land,36359.73,T1.66,B22
Habiganj,2022-23,2022,2023,Reserved_Forest_Section_20_Acre,33885.73,T1.66,B22
Habiganj,2022-23,2022,2023,Reserved_Forest_Section_4_6_Acre,274,T1.66,B22
Habiganj,2022-23,2022,2023,Protected_Area,0,T1.66,B22
Habiganj,2022-23,2022,2023,Acquired_Vested_Forest,0,T1.66,B22
Habiganj,2022-23,2022,2023,Unclassed_State_Forest_FD_Acre,0,T1.66,B22
Habiganj,2022-23,2022,2023,Total_Forest_FD_Acre,34159.73,T1.66,B22
Habiganj,2022-23,2022,2023,Unclassed_State_Forest_Admin_Acre,2200,T1.66,B22
Habiganj,2022-23,2022,2023,Total_Forest_Land,36359.73,T1.66,B22
Habiganj,2023-24,2023,2024,Reserved_Forest_Section_20_Acre,33885.73,T1.66,B22
Habiganj,2023-24,2023,2024,Reserved_Forest_Section_4_6_Acre,274,T1.66,B22
Habiganj,2023-24,2023,2024,Protected_Area,0,T1.66,B22
Habiganj,2023-24,2023,2024,Acquired_Vested_Forest,0,T1.66,B22
Habiganj,2023-24,2023,2024,Unclassed_State_Forest_FD_Acre,0,T1.66,B22
Habiganj,2023-24,2023,2024,Total_Forest_FD_Acre,34159.73,T1.66,B22
Habiganj,2023-24,2023,2024,Unclassed_State_Forest_Admin_Acre,2200,T1.66,B22
Habiganj,2023-24,2023,2024,Total_Forest_Land,36359.73,T1.66,B22
Moulvi Bazar,2019-20,2019,2020,Reserved_Forest_Section_20_Acre,59332.62,T1.66,B22
Moulvi Bazar,2019-20,2019,2020,Reserved_Forest_Section_4_6_Acre,40.7,T1.66,B22
Moulvi Bazar,2019-20,2019,2020,Protected_Area,0,T1.66,B22
Moulvi Bazar,2019-20,2019,2020,Acquired_Vested_Forest,10932,T1.66,B22
Moulvi Bazar,2019-20,2019,2020,Unclassed_State_Forest_FD_Acre,0,T1.66,B22
Moulvi Bazar,2019-20,2019,2020,Total_Forest_FD_Acre,70305.32,T1.66,B22
Moulvi Bazar,2019-20,2019,2020,Unclassed_State_Forest_Admin_Acre,1079.41,T1.66,B22
Moulvi Bazar,2019-20,2019,2020,Total_Forest_Land,71384.73,T1.66,B22
Moulvi Bazar,2020-21,2020,2021,Reserved_Forest_Section_20_Acre,59332.62,T1.66,B22
Moulvi Bazar,2020-21,2020,2021,Reserved_Forest_Section_4_6_Acre,40.7,T1.66,B22
Moulvi Bazar,2020-21,2020,2021,Protected_Area,0,T1.66,B22
Moulvi Bazar,2020-21,2020,2021,Acquired_Vested_Forest,10932,T1.66,B22
Moulvi Bazar,2020-21,2020,2021,Unclassed_State_Forest_FD_Acre,0,T1.66,B22
Moulvi Bazar,2020-21,2020,2021,Total_Forest_FD_Acre,70305.32,T1.66,B22
Moulvi Bazar,2020-21,2020,2021,Unclassed_State_Forest_Admin_Acre,1079.41,T1.66,B22
Moulvi Bazar,2020-21,2020,2021,Total_Forest_Land,71384.73,T1.66,B22
Moulvi Bazar,2021-22,2021,2022,Reserved_Forest_Section_20_Acre,59332.62,T1.66,B22
Moulvi Bazar,2021-22,2021,2022,Reserved_Forest_Section_4_6_Acre,40.7,T1.66,B22
Moulvi Bazar,2021-22,2021,2022,Protected_Area,0,T1.66,B22
Moulvi Bazar,2021-22,2021,2022,Acquired_Vested_Forest,10932,T1.66,B22
Moulvi Bazar,2021-22,2021,2022,Unclassed_State_Forest_FD_Acre,0,T1.66,B22
Moulvi Bazar,2021-22,2021,2022,Total_Forest_FD_Acre,70305.32,T1.66,B22
Moulvi Bazar,2021-22,2021,2022,Unclassed_State_Forest_Admin_Acre,1079.41,T1.66,B22
Moulvi Bazar,2021-22,2021,2022,Total_Forest_Land,71384.73,T1.66,B22
Moulvi Bazar,2022-23,2022,2023,Reserved_Forest_Section_20_Acre,59332.62,T1.66,B22
Moulvi Bazar,2022-23,2022,2023,Reserved_Forest_Section_4_6_Acre,40.7,T1.66,B22
Moulvi Bazar,2022-23,2022,2023,Protected_Area,0,T1.66,B22
Moulvi Bazar,2022-23,2022,2023,Acquired_Vested_Forest,10932,T1.66,B22
Moulvi Bazar,2022-23,2022,2023,Unclassed_State_Forest_FD_Acre,0,T1.66,B22
Moulvi Bazar,2022-23,2022,2023,Total_Forest_FD_Acre,70305.32,T1.66,B22
Moulvi Bazar,2022-23,2022,2023,Unclassed_State_Forest_Admin_Acre,1079.41,T1.66,B22
Moulvi Bazar,2022-23,2022,2023,Total_Forest_Land,71384.73,T1.66,B22
Moulvi Bazar,2023-24,2023,2024,Reserved_Forest_Section_20_Acre,59332.62,T1.66,B22
Moulvi Bazar,2023-24,2023,2024,Reserved_Forest_Section_4_6_Acre,40.7,T1.66,B22
Moulvi Bazar,2023-24,2023,2024,Protected_Area,0,T1.66,B22
Moulvi Bazar,2023-24,2023,2024,Acquired_Vested_Forest,10932,T1.66,B22
Moulvi Bazar,2023-24,2023,2024,Unclassed_State_Forest_FD_Acre,0,T1.66,B22
Moulvi Bazar,2023-24,2023,2024,Total_Forest_FD_Acre,70305.32,T1.66,B22
Moulvi Bazar,2023-24,2023,2024,Unclassed_State_Forest_Admin_Acre,1079.41,T1.66,B22
Moulvi Bazar,2023-24,2023,2024,Total_Forest_Land,71384.73,T1.66,B22
Sunamganj,2019-20,2019,2020,Reserved_Forest_Section_20_Acre,6434.15,T1.66,B22
Sunamganj,2019-20,2019,2020,Reserved_Forest_Section_4_6_Acre,11578.16,T1.66,B22
Sunamganj,2019-20,2019,2020,Protected_Area,0,T1.66,B22
Sunamganj,2019-20,2019,2020,Unclassed_State_Forest_FD_Acre,0,T1.66,B22
Sunamganj,2019-20,2019,2020,Total_Forest_FD_Acre,18012.31,T1.66,B22
Sunamganj,2019-20,2019,2020,Unclassed_State_Forest_Admin_Acre,0,T1.66,B22
Sunamganj,2019-20,2019,2020,Total_Forest_Land,18012.31,T1.66,B22
Sunamganj,2020-21,2020,2021,Reserved_Forest_Section_20_Acre,6434.15,T1.66,B22
Sunamganj,2020-21,2020,2021,Reserved_Forest_Section_4_6_Acre,11578.16,T1.66,B22
Sunamganj,2020-21,2020,2021,Protected_Area,0,T1.66,B22
Sunamganj,2020-21,2020,2021,Unclassed_State_Forest_FD_Acre,0,T1.66,B22
Sunamganj,2020-21,2020,2021,Total_Forest_FD_Acre,18012.31,T1.66,B22
Sunamganj,2020-21,2020,2021,Unclassed_State_Forest_Admin_Acre,0,T1.66,B22
Sunamganj,2020-21,2020,2021,Total_Forest_Land,18012.31,T1.66,B22
Sunamganj,2021-22,2021,2022,Reserved_Forest_Section_20_Acre,6434.15,T1.66,B22
Sunamganj,2021-22,2021,2022,Reserved_Forest_Section_4_6_Acre,11578.16,T1.66,B22
Sunamganj,2021-22,2021,2022,Protected_Area,0,T1.66,B22
Sunamganj,2021-22,2021,2022,Unclassed_State_Forest_FD_Acre,0,T1.66,B22
Sunamganj,2021-22,2021,2022,Total_Forest_FD_Acre,18012.31,T1.66,B22
Sunamganj,2021-22,2021,2022,Unclassed_State_Forest_Admin_Acre,0,T1.66,B22
Sunamganj,2021-22,2021,2022,Total_Forest_Land,18012.31,T1.66,B22
Sunamganj,2022-23,2022,2023,Reserved_Forest_Section_20_Acre,6434.15,T1.66,B22
Sunamganj,2022-23,2022,2023,Reserved_Forest_Section_4_6_Acre,11578.16,T1.66,B22
Sunamganj,2022-23,2022,2023,Protected_Area,0,T1.66,B22
Sunamganj,2022-23,2022,2023,Unclassed_State_Forest_FD_Acre,0,T1.66,B22
Sunamganj,2022-23,2022,2023,Total_Forest_FD_Acre,18012.31,T1.66,B22
Sunamganj,2022-23,2022,2023,Unclassed_State_Forest_Admin_Acre,0,T1.66,B22
Sunamganj,2022-23,2022,2023,Total_Forest_Land,18012.31,T1.66,B22
Sunamganj,2023-24,2023,2024,Reserved_Forest_Section_20_Acre,6434.15,T1.66,B22
Sunamganj,2023-24,2023,2024,Reserved_Forest_Section_4_6_Acre,11578.16,T1.66,B22
Sunamganj,2023-24,2023,2024,Protected_Area,0,T1.66,B22
Sunamganj,2023-24,2023,2024,Unclassed_State_Forest_FD_Acre,0,T1.66,B22
Sunamganj,2023-24,2023,2024,Total_Forest_FD_Acre,18012.31,T1.66,B22
Sunamganj,2023-24,2023,2024,Unclassed_State_Forest_Admin_Acre,0,T1.66,B22
Sunamganj,2023-24,2023,2024,Total_Forest_Land,18012.31,T1.66,B22
Chattogram,2019-20,2019,2020,Reserved_Forest_Section_20_Acre,210626.04,T1.66,B22
Chattogram,2019-20,2019,2020,Protected_Area,46435.46,T1.66,B22
Chattogram,2019-20,2019,2020,Acquired_Vested_Forest,16402.82,T1.66,B22
Chattogram,2019-20,2019,2020,Unclassed_State_Forest_FD_Acre,0,T1.66,B22
Chattogram,2019-20,2019,2020,Total_Forest_FD_Acre,426089.18,T1.66,B22
Chattogram,2019-20,2019,2020,Unclassed_State_Forest_Admin_Acre,0,T1.66,B22
Chattogram,2019-20,2019,2020,Total_Forest_Land,426089.18,T1.66,B22
Chattogram,2020-21,2020,2021,Reserved_Forest_Section_20_Acre,210626.04,T1.66,B22
Chattogram,2020-21,2020,2021,Protected_Area,46435.46,T1.66,B22
Chattogram,2020-21,2020,2021,Acquired_Vested_Forest,16402.82,T1.66,B22
Chattogram,2020-21,2020,2021,Unclassed_State_Forest_FD_Acre,0,T1.66,B22
Chattogram,2020-21,2020,2021,Total_Forest_FD_Acre,426089.18,T1.66,B22
Chattogram,2020-21,2020,2021,Unclassed_State_Forest_Admin_Acre,0,T1.66,B22
Chattogram,2020-21,2020,2021,Total_Forest_Land,426089.18,T1.66,B22
Chattogram,2021-22,2021,2022,Reserved_Forest_Section_20_Acre,210626.04,T1.66,B22
Chattogram,2021-22,2021,2022,Protected_Area,46435.46,T1.66,B22
Chattogram,2021-22,2021,2022,Acquired_Vested_Forest,16402.82,T1.66,B22
Chattogram,2021-22,2021,2022,Unclassed_State_Forest_FD_Acre,0,T1.66,B22
Chattogram,2021-22,2021,2022,Total_Forest_FD_Acre,426089.18,T1.66,B22
Chattogram,2021-22,2021,2022,Unclassed_State_Forest_Admin_Acre,0,T1.66,B22
Chattogram,2021-22,2021,2022,Total_Forest_Land,426089.18,T1.66,B22
Chattogram,2022-23,2022,2023,Reserved_Forest_Section_20_Acre,210626.04,T1.66,B22
Chattogram,2022-23,2022,2023,Protected_Area,46435.46,T1.66,B22
Chattogram,2022-23,2022,2023,Acquired_Vested_Forest,16402.82,T1.66,B22
Chattogram,2022-23,2022,2023,Unclassed_State_Forest_FD_Acre,0,T1.66,B22
Chattogram,2022-23,2022,2023,Total_Forest_FD_Acre,426089.18,T1.66,B22
Chattogram,2022-23,2022,2023,Unclassed_State_Forest_Admin_Acre,0,T1.66,B22
Chattogram,2022-23,2022,2023,Total_Forest_Land,426089.18,T1.66,B22
Chattogram,2023-24,2023,2024,Reserved_Forest_Section_20_Acre,210626.04,T1.66,B22
Chattogram,2023-24,2023,2024,Protected_Area,46435.46,T1.66,B22
Chattogram,2023-24,2023,2024,Acquired_Vested_Forest,16402.82,T1.66,B22
Chattogram,2023-24,2023,2024,Unclassed_State_Forest_FD_Acre,0,T1.66,B22
Chattogram,2023-24,2023,2024,Total_Forest_FD_Acre,426089.18,T1.66,B22
Chattogram,2023-24,2023,2024,Unclassed_State_Forest_Admin_Acre,0,T1.66,B22
Chattogram,2023-24,2023,2024,Total_Forest_Land,426089.18,T1.66,B22
Cox's Bazar,2019-20,2019,2020,Reserved_Forest_Section_20_Acre,152986.4,T1.66,B22
Cox's Bazar,2019-20,2019,2020,Reserved_Forest_Section_4_6_Acre,22667.14,T1.66,B22
Cox's Bazar,2019-20,2019,2020,Protected_Area,33521.42,T1.66,B22
Cox's Bazar,2019-20,2019,2020,Acquired_Vested_Forest,0,T1.66,B22
Cox's Bazar,2019-20,2019,2020,Unclassed_State_Forest_FD_Acre,0,T1.66,B22
Cox's Bazar,2019-20,2019,2020,Total_Forest_FD_Acre,209174.96,T1.66,B22
Cox's Bazar,2019-20,2019,2020,Unclassed_State_Forest_Admin_Acre,0,T1.66,B22
Cox's Bazar,2019-20,2019,2020,Total_Forest_Land,209174.96,T1.66,B22
Cox's Bazar,2020-21,2020,2021,Reserved_Forest_Section_20_Acre,152986.4,T1.66,B22
Cox's Bazar,2020-21,2020,2021,Reserved_Forest_Section_4_6_Acre,22667.14,T1.66,B22
Cox's Bazar,2020-21,2020,2021,Protected_Area,33521.42,T1.66,B22
Cox's Bazar,2020-21,2020,2021,Acquired_Vested_Forest,0,T1.66,B22
Cox's Bazar,2020-21,2020,2021,Unclassed_State_Forest_FD_Acre,0,T1.66,B22
Cox's Bazar,2020-21,2020,2021,Total_Forest_FD_Acre,209174.96,T1.66,B22
Cox's Bazar,2020-21,2020,2021,Unclassed_State_Forest_Admin_Acre,0,T1.66,B22
Cox's Bazar,2020-21,2020,2021,Total_Forest_Land,209174.96,T1.66,B22
Cox's Bazar,2021-22,2021,2022,Reserved_Forest_Section_20_Acre,152986.4,T1.66,B22
Cox's Bazar,2021-22,2021,2022,Reserved_Forest_Section_4_6_Acre,22667.14,T1.66,B22
Cox's Bazar,2021-22,2021,2022,Protected_Area,33521.42,T1.66,B22
Cox's Bazar,2021-22,2021,2022,Acquired_Vested_Forest,0,T1.66,B22
Cox's Bazar,2021-22,2021,2022,Unclassed_State_Forest_FD_Acre,0,T1.66,B22
Cox's Bazar,2021-22,2021,2022,Total_Forest_FD_Acre,209174.96,T1.66,B22
Cox's Bazar,2021-22,2021,2022,Unclassed_State_Forest_Admin_Acre,0,T1.66,B22
Cox's Bazar,2021-22,2021,2022,Total_Forest_Land,209174.96,T1.66,B22
Cox's Bazar,2022-23,2022,2023,Reserved_Forest_Section_20_Acre,152986.4,T1.66,B22
Cox's Bazar,2022-23,2022,2023,Reserved_Forest_Section_4_6_Acre,22667.14,T1.66,B22
Cox's Bazar,2022-23,2022,2023,Protected_Area,33521.42,T1.66,B22
Cox's Bazar,2022-23,2022,2023,Acquired_Vested_Forest,0,T1.66,B22
Cox's Bazar,2022-23,2022,2023,Unclassed_State_Forest_FD_Acre,0,T1.66,B22
Cox's Bazar,2022-23,2022,2023,Total_Forest_FD_Acre,209174.96,T1.66,B22
Cox's Bazar,2022-23,2022,2023,Unclassed_State_Forest_Admin_Acre,0,T1.66,B22
Cox's Bazar,2022-23,2022,2023,Total_Forest_Land,209174.96,T1.66,B22
Cox's Bazar,2023-24,2023,2024,Reserved_Forest_Section_20_Acre,152986.4,T1.66,B22
Cox's Bazar,2023-24,2023,2024,Reserved_Forest_Section_4_6_Acre,22667.14,T1.66,B22
Cox's Bazar,2023-24,2023,2024,Protected_Area,33521.42,T1.66,B22
Cox's Bazar,2023-24,2023,2024,Acquired_Vested_Forest,0,T1.66,B22
Cox's Bazar,2023-24,2023,2024,Unclassed_State_Forest_FD_Acre,0,T1.66,B22
Cox's Bazar,2023-24,2023,2024,Total_Forest_FD_Acre,209174.96,T1.66,B22
Cox's Bazar,2023-24,2023,2024,Unclassed_State_Forest_Admin_Acre,0,T1.66,B22
Cox's Bazar,2023-24,2023,2024,Total_Forest_Land,209174.96,T1.66,B22
Bandarban,2019-20,2019,2020,Reserved_Forest_Section_20_Acre,242668.4,T1.66,B22
Bandarban,2019-20,2019,2020,Reserved_Forest_Section_4_6_Acre,21830.8,T1.66,B22
Bandarban,2019-20,2019,2020,Protected_Area,0,T1.66,B22
Bandarban,2019-20,2019,2020,Acquired_Vested_Forest,0,T1.66,B22
Bandarban,2019-20,2019,2020,Unclassed_State_Forest_FD_Acre,38644.75,T1.66,B22
Bandarban,2019-20,2019,2020,Total_Forest_FD_Acre,303143.95,T1.66,B22
Bandarban,2019-20,2019,2020,Unclassed_State_Forest_Admin_Acre,494372.54,T1.66,B22
Bandarban,2019-20,2019,2020,Total_Forest_Land,797516.49,T1.66,B22
Bandarban,2020-21,2020,2021,Reserved_Forest_Section_20_Acre,242668.4,T1.66,B22
Bandarban,2020-21,2020,2021,Reserved_Forest_Section_4_6_Acre,21830.8,T1.66,B22
Bandarban,2020-21,2020,2021,Protected_Area,0,T1.66,B22
Bandarban,2020-21,2020,2021,Acquired_Vested_Forest,0,T1.66,B22
Bandarban,2020-21,2020,2021,Unclassed_State_Forest_FD_Acre,38644.75,T1.66,B22
Bandarban,2020-21,2020,2021,Total_Forest_FD_Acre,303143.95,T1.66,B22
Bandarban,2020-21,2020,2021,Unclassed_State_Forest_Admin_Acre,494372.54,T1.66,B22
Bandarban,2020-21,2020,2021,Total_Forest_Land,797516.49,T1.66,B22
Bandarban,2021-22,2021,2022,Reserved_Forest_Section_20_Acre,242668.4,T1.66,B22
Bandarban,2021-22,2021,2022,Reserved_Forest_Section_4_6_Acre,21830.8,T1.66,B22
Bandarban,2021-22,2021,2022,Protected_Area,0,T1.66,B22
Bandarban,2021-22,2021,2022,Acquired_Vested_Forest,0,T1.66,B22
Bandarban,2021-22,2021,2022,Unclassed_State_Forest_FD_Acre,38644.75,T1.66,B22
Bandarban,2021-22,2021,2022,Total_Forest_FD_Acre,303143.95,T1.66,B22
Bandarban,2021-22,2021,2022,Unclassed_State_Forest_Admin_Acre,494372.54,T1.66,B22
Bandarban,2021-22,2021,2022,Total_Forest_Land,797516.49,T1.66,B22
Bandarban,2022-23,2022,2023,Reserved_Forest_Section_20_Acre,242668.4,T1.66,B22
Bandarban,2022-23,2022,2023,Reserved_Forest_Section_4_6_Acre,21830.8,T1.66,B22
Bandarban,2022-23,2022,2023,Protected_Area,0,T1.66,B22
Bandarban,2022-23,2022,2023,Acquired_Vested_Forest,0,T1.66,B22
Bandarban,2022-23,2022,2023,Unclassed_State_Forest_FD_Acre,38644.75,T1.66,B22
Bandarban,2022-23,2022,2023,Total_Forest_FD_Acre,303143.95,T1.66,B22
Bandarban,2022-23,2022,2023,Unclassed_State_Forest_Admin_Acre,494372.54,T1.66,B22
Bandarban,2022-23,2022,2023,Total_Forest_Land,797516.49,T1.66,B22
Bandarban,2023-24,2023,2024,Reserved_Forest_Section_20_Acre,242668.4,T1.66,B22
Bandarban,2023-24,2023,2024,Reserved_Forest_Section_4_6_Acre,21830.8,T1.66,B22
Bandarban,2023-24,2023,2024,Protected_Area,0,T1.66,B22
Bandarban,2023-24,2023,2024,Acquired_Vested_Forest,0,T1.66,B22
Bandarban,2023-24,2023,2024,Unclassed_State_Forest_FD_Acre,38644.75,T1.66,B22
Bandarban,2023-24,2023,2024,Total_Forest_FD_Acre,303143.95,T1.66,B22
Bandarban,2023-24,2023,2024,Unclassed_State_Forest_Admin_Acre,494372.54,T1.66,B22
Bandarban,2023-24,2023,2024,Total_Forest_Land,797516.49,T1.66,B22
Rangamati,2019-20,2019,2020,Reserved_Forest_Section_20_Acre,573261.21,T1.66,B22
Rangamati,2019-20,2019,2020,Reserved_Forest_Section_4_6_Acre,41401.88,T1.66,B22
Rangamati,2019-20,2019,2020,Protected_Area,0,T1.66,B22
Rangamati,2019-20,2019,2020,Acquired_Vested_Forest,1.5,T1.66,B22
Rangamati,2019-20,2019,2020,Unclassed_State_Forest_FD_Acre,0,T1.66,B22
Rangamati,2019-20,2019,2020,Total_Forest_FD_Acre,614664.59,T1.66,B22
Rangamati,2019-20,2019,2020,Unclassed_State_Forest_Admin_Acre,763890.54,T1.66,B22
Rangamati,2019-20,2019,2020,Total_Forest_Land,1378555.13,T1.66,B22
Rangamati,2020-21,2020,2021,Reserved_Forest_Section_20_Acre,573261.21,T1.66,B22
Rangamati,2020-21,2020,2021,Reserved_Forest_Section_4_6_Acre,41401.88,T1.66,B22
Rangamati,2020-21,2020,2021,Protected_Area,0,T1.66,B22
Rangamati,2020-21,2020,2021,Acquired_Vested_Forest,1.5,T1.66,B22
Rangamati,2020-21,2020,2021,Unclassed_State_Forest_FD_Acre,0,T1.66,B22
Rangamati,2020-21,2020,2021,Total_Forest_FD_Acre,614664.59,T1.66,B22
Rangamati,2020-21,2020,2021,Unclassed_State_Forest_Admin_Acre,763890.54,T1.66,B22
Rangamati,2020-21,2020,2021,Total_Forest_Land,1378555.13,T1.66,B22
Rangamati,2021-22,2021,2022,Reserved_Forest_Section_20_Acre,573261.21,T1.66,B22
Rangamati,2021-22,2021,2022,Reserved_Forest_Section_4_6_Acre,41401.88,T1.66,B22
Rangamati,2021-22,2021,2022,Protected_Area,0,T1.66,B22
Rangamati,2021-22,2021,2022,Acquired_Vested_Forest,1.5,T1.66,B22
Rangamati,2021-22,2021,2022,Unclassed_State_Forest_FD_Acre,0,T1.66,B22
Rangamati,2021-22,2021,2022,Total_Forest_FD_Acre,614664.59,T1.66,B22
Rangamati,2021-22,2021,2022,Unclassed_State_Forest_Admin_Acre,763890.54,T1.66,B22
Rangamati,2021-22,2021,2022,Total_Forest_Land,1378555.13,T1.66,B22
Rangamati,2022-23,2022,2023,Reserved_Forest_Section_20_Acre,573261.21,T1.66,B22
Rangamati,2022-23,2022,2023,Reserved_Forest_Section_4_6_Acre,41401.88,T1.66,B22
Rangamati,2022-23,2022,2023,Protected_Area,0,T1.66,B22
Rangamati,2022-23,2022,2023,Acquired_Vested_Forest,1.5,T1.66,B22
Rangamati,2022-23,2022,2023,Unclassed_State_Forest_FD_Acre,0,T1.66,B22
Rangamati,2022-23,2022,2023,Total_Forest_FD_Acre,614664.59,T1.66,B22
Rangamati,2022-23,2022,2023,Unclassed_State_Forest_Admin_Acre,763890.54,T1.66,B22
Rangamati,2022-23,2022,2023,Total_Forest_Land,1378555.13,T1.66,B22
Rangamati,2023-24,2023,2024,Reserved_Forest_Section_20_Acre,573261.21,T1.66,B22
Rangamati,2023-24,2023,2024,Reserved_Forest_Section_4_6_Acre,41401.88,T1.66,B22
Rangamati,2023-24,2023,2024,Protected_Area,0,T1.66,B22
Rangamati,2023-24,2023,2024,Acquired_Vested_Forest,1.5,T1.66,B22
Rangamati,2023-24,2023,2024,Unclassed_State_Forest_FD_Acre,0,T1.66,B22
Rangamati,2023-24,2023,2024,Total_Forest_FD_Acre,614664.59,T1.66,B22
Rangamati,2023-24,2023,2024,Unclassed_State_Forest_Admin_Acre,763890.54,T1.66,B22
Rangamati,2023-24,2023,2024,Total_Forest_Land,1378555.13,T1.66,B22
Khagrachhari,2019-20,2019,2020,Reserved_Forest_Section_20_Acre,88492.83,T1.66,B22
Khagrachhari,2019-20,2019,2020,Reserved_Forest_Section_4_6_Acre,7342.67,T1.66,B22
Khagrachhari,2019-20,2019,2020,Protected_Area,0,T1.66,B22
Khagrachhari,2019-20,2019,2020,Acquired_Vested_Forest,0,T1.66,B22
Khagrachhari,2019-20,2019,2020,Unclassed_State_Forest_FD_Acre,4202.76,T1.66,B22
Khagrachhari,2019-20,2019,2020,Total_Forest_FD_Acre,100038.26,T1.66,B22
Khagrachhari,2019-20,2019,2020,Unclassed_State_Forest_Admin_Acre,454077.95,T1.66,B22
Khagrachhari,2019-20,2019,2020,Total_Forest_Land,554116.21,T1.66,B22
Khagrachhari,2020-21,2020,2021,Reserved_Forest_Section_20_Acre,88492.83,T1.66,B22
Khagrachhari,2020-21,2020,2021,Reserved_Forest_Section_4_6_Acre,7342.67,T1.66,B22
Khagrachhari,2020-21,2020,2021,Protected_Area,0,T1.66,B22
Khagrachhari,2020-21,2020,2021,Acquired_Vested_Forest,0,T1.66,B22
Khagrachhari,2020-21,2020,2021,Unclassed_State_Forest_FD_Acre,4202.76,T1.66,B22
Khagrachhari,2020-21,2020,2021,Total_Forest_FD_Acre,100038.26,T1.66,B22
Khagrachhari,2020-21,2020,2021,Unclassed_State_Forest_Admin_Acre,454077.95,T1.66,B22
Khagrachhari,2020-21,2020,2021,Total_Forest_Land,554116.21,T1.66,B22
Khagrachhari,2021-22,2021,2022,Reserved_Forest_Section_20_Acre,88492.83,T1.66,B22
Khagrachhari,2021-22,2021,2022,Reserved_Forest_Section_4_6_Acre,7342.67,T1.66,B22
Khagrachhari,2021-22,2021,2022,Protected_Area,0,T1.66,B22
Khagrachhari,2021-22,2021,2022,Acquired_Vested_Forest,0,T1.66,B22
Khagrachhari,2021-22,2021,2022,Unclassed_State_Forest_FD_Acre,4202.76,T1.66,B22
Khagrachhari,2021-22,2021,2022,Total_Forest_FD_Acre,100038.26,T1.66,B22
Khagrachhari,2021-22,2021,2022,Unclassed_State_Forest_Admin_Acre,454077.95,T1.66,B22
Khagrachhari,2021-22,2021,2022,Total_Forest_Land,554116.21,T1.66,B22
Khagrachhari,2022-23,2022,2023,Reserved_Forest_Section_20_Acre,88492.83,T1.66,B22
Khagrachhari,2022-23,2022,2023,Reserved_Forest_Section_4_6_Acre,7342.67,T1.66,B22
Khagrachhari,2022-23,2022,2023,Protected_Area,0,T1.66,B22
Khagrachhari,2022-23,2022,2023,Acquired_Vested_Forest,0,T1.66,B22
Khagrachhari,2022-23,2022,2023,Unclassed_State_Forest_FD_Acre,4202.76,T1.66,B22
Khagrachhari,2022-23,2022,2023,Total_Forest_FD_Acre,100038.26,T1.66,B22
Khagrachhari,2022-23,2022,2023,Unclassed_State_Forest_Admin_Acre,454077.95,T1.66,B22
Khagrachhari,2022-23,2022,2023,Total_Forest_Land,554116.21,T1.66,B22
Khagrachhari,2023-24,2023,2024,Reserved_Forest_Section_20_Acre,88492.83,T1.66,B22
Khagrachhari,2023-24,2023,2024,Reserved_Forest_Section_4_6_Acre,7342.67,T1.66,B22
Khagrachhari,2023-24,2023,2024,Protected_Area,0,T1.66,B22
Khagrachhari,2023-24,2023,2024,Acquired_Vested_Forest,0,T1.66,B22
Khagrachhari,2023-24,2023,2024,Unclassed_State_Forest_FD_Acre,4202.76,T1.66,B22
Khagrachhari,2023-24,2023,2024,Total_Forest_FD_Acre,100038.26,T1.66,B22
Khagrachhari,2023-24,2023,2024,Unclassed_State_Forest_Admin_Acre,454077.95,T1.66,B22
Khagrachhari,2023-24,2023,2024,Total_Forest_Land,554116.21,T1.66,B22
Kumilla,2019-20,2019,2020,Reserved_Forest_Section_20_Acre,0,T1.66,B22
Kumilla,2019-20,2019,2020,Reserved_Forest_Section_4_6_Acre,1720.92,T1.66,B22
Kumilla,2019-20,2019,2020,Protected_Area,0,T1.66,B22
Kumilla,2019-20,2019,2020,Acquired_Vested_Forest,0,T1.66,B22
Kumilla,2019-20,2019,2020,Unclassed_State_Forest_FD_Acre,0,T1.66,B22
Kumilla,2019-20,2019,2020,Total_Forest_FD_Acre,1720.92,T1.66,B22
Kumilla,2019-20,2019,2020,Unclassed_State_Forest_Admin_Acre,0,T1.66,B22
Kumilla,2019-20,2019,2020,Total_Forest_Land,1720.92,T1.66,B22
Kumilla,2020-21,2020,2021,Reserved_Forest_Section_20_Acre,0,T1.66,B22
Kumilla,2020-21,2020,2021,Reserved_Forest_Section_4_6_Acre,1720.92,T1.66,B22
Kumilla,2020-21,2020,2021,Protected_Area,0,T1.66,B22
Kumilla,2020-21,2020,2021,Acquired_Vested_Forest,0,T1.66,B22
Kumilla,2020-21,2020,2021,Unclassed_State_Forest_FD_Acre,0,T1.66,B22
Kumilla,2020-21,2020,2021,Total_Forest_FD_Acre,1720.92,T1.66,B22
Kumilla,2020-21,2020,2021,Unclassed_State_Forest_Admin_Acre,0,T1.66,B22
Kumilla,2020-21,2020,2021,Total_Forest_Land,1720.92,T1.66,B22
Kumilla,2021-22,2021,2022,Reserved_Forest_Section_20_Acre,0,T1.66,B22
Kumilla,2021-22,2021,2022,Reserved_Forest_Section_4_6_Acre,1720.92,T1.66,B22
Kumilla,2021-22,2021,2022,Protected_Area,0,T1.66,B22
Kumilla,2021-22,2021,2022,Acquired_Vested_Forest,0,T1.66,B22
Kumilla,2021-22,2021,2022,Unclassed_State_Forest_FD_Acre,0,T1.66,B22
Kumilla,2021-22,2021,2022,Total_Forest_FD_Acre,1720.92,T1.66,B22
Kumilla,2021-22,2021,2022,Unclassed_State_Forest_Admin_Acre,0,T1.66,B22
Kumilla,2021-22,2021,2022,Total_Forest_Land,1720.92,T1.66,B22
Kumilla,2022-23,2022,2023,Reserved_Forest_Section_20_Acre,0,T1.66,B22
Kumilla,2022-23,2022,2023,Reserved_Forest_Section_4_6_Acre,1720.92,T1.66,B22
Kumilla,2022-23,2022,2023,Protected_Area,0,T1.66,B22
Kumilla,2022-23,2022,2023,Acquired_Vested_Forest,0,T1.66,B22
Kumilla,2022-23,2022,2023,Unclassed_State_Forest_FD_Acre,0,T1.66,B22
Kumilla,2022-23,2022,2023,Total_Forest_FD_Acre,1720.92,T1.66,B22
Kumilla,2022-23,2022,2023,Unclassed_State_Forest_Admin_Acre,0,T1.66,B22
Kumilla,2022-23,2022,2023,Total_Forest_Land,1720.92,T1.66,B22
Kumilla,2023-24,2023,2024,Reserved_Forest_Section_20_Acre,0,T1.66,B22
Kumilla,2023-24,2023,2024,Reserved_Forest_Section_4_6_Acre,1720.92,T1.66,B22
Kumilla,2023-24,2023,2024,Protected_Area,0,T1.66,B22
Kumilla,2023-24,2023,2024,Acquired_Vested_Forest,0,T1.66,B22
Kumilla,2023-24,2023,2024,Unclassed_State_Forest_FD_Acre,0,T1.66,B22
Kumilla,2023-24,2023,2024,Total_Forest_FD_Acre,1720.92,T1.66,B22
Kumilla,2023-24,2023,2024,Unclassed_State_Forest_Admin_Acre,0,T1.66,B22
Kumilla,2023-24,2023,2024,Total_Forest_Land,1720.92,T1.66,B22
Feni,2019-20,2019,2020,Reserved_Forest_Section_20_Acre,2191.43,T1.66,B22
Feni,2019-20,2019,2020,Reserved_Forest_Section_4_6_Acre,18000,T1.66,B22
Feni,2019-20,2019,2020,Protected_Area,0,T1.66,B22
Feni,2019-20,2019,2020,Acquired_Vested_Forest,0,T1.66,B22
Feni,2019-20,2019,2020,Unclassed_State_Forest_FD_Acre,0,T1.66,B22
Feni,2019-20,2019,2020,Total_Forest_FD_Acre,20191.43,T1.66,B22
Feni,2019-20,2019,2020,Unclassed_State_Forest_Admin_Acre,0,T1.66,B22
Feni,2019-20,2019,2020,Total_Forest_Land,20191.43,T1.66,B22
Feni,2020-21,2020,2021,Reserved_Forest_Section_20_Acre,2191.43,T1.66,B22
Feni,2020-21,2020,2021,Reserved_Forest_Section_4_6_Acre,18000,T1.66,B22
Feni,2020-21,2020,2021,Protected_Area,0,T1.66,B22
Feni,2020-21,2020,2021,Acquired_Vested_Forest,0,T1.66,B22
Feni,2020-21,2020,2021,Unclassed_State_Forest_FD_Acre,0,T1.66,B22
Feni,2020-21,2020,2021,Total_Forest_FD_Acre,20191.43,T1.66,B22
Feni,2020-21,2020,2021,Unclassed_State_Forest_Admin_Acre,0,T1.66,B22
Feni,2020-21,2020,2021,Total_Forest_Land,20191.43,T1.66,B22
Feni,2021-22,2021,2022,Reserved_Forest_Section_20_Acre,2191.43,T1.66,B22
Feni,2021-22,2021,2022,Reserved_Forest_Section_4_6_Acre,18000,T1.66,B22
Feni,2021-22,2021,2022,Protected_Area,0,T1.66,B22
Feni,2021-22,2021,2022,Acquired_Vested_Forest,0,T1.66,B22
Feni,2021-22,2021,2022,Unclassed_State_Forest_FD_Acre,0,T1.66,B22
Feni,2021-22,2021,2022,Total_Forest_FD_Acre,20191.43,T1.66,B22
Feni,2021-22,2021,2022,Unclassed_State_Forest_Admin_Acre,0,T1.66,B22
Feni,2021-22,2021,2022,Total_Forest_Land,20191.43,T1.66,B22
Feni,2022-23,2022,2023,Reserved_Forest_Section_20_Acre,2191.43,T1.66,B22
Feni,2022-23,2022,2023,Reserved_Forest_Section_4_6_Acre,18000,T1.66,B22
Feni,2022-23,2022,2023,Protected_Area,0,T1.66,B22
Feni,2022-23,2022,2023,Acquired_Vested_Forest,0,T1.66,B22
Feni,2022-23,2022,2023,Unclassed_State_Forest_FD_Acre,0,T1.66,B22
Feni,2022-23,2022,2023,Total_Forest_FD_Acre,20191.43,T1.66,B22
Feni,2022-23,2022,2023,Unclassed_State_Forest_Admin_Acre,0,T1.66,B22
Feni,2022-23,2022,2023,Total_Forest_Land,20191.43,T1.66,B22
Feni,2023-24,2023,2024,Reserved_Forest_Section_20_Acre,2191.43,T1.66,B22
Feni,2023-24,2023,2024,Reserved_Forest_Section_4_6_Acre,18000,T1.66,B22
Feni,2023-24,2023,2024,Protected_Area,0,T1.66,B22
Feni,2023-24,2023,2024,Acquired_Vested_Forest,0,T1.66,B22
Feni,2023-24,2023,2024,Unclassed_State_Forest_FD_Acre,0,T1.66,B22
Feni,2023-24,2023,2024,Total_Forest_FD_Acre,20191.43,T1.66,B22
Feni,2023-24,2023,2024,Unclassed_State_Forest_Admin_Acre,0,T1.66,B22
Feni,2023-24,2023,2024,Total_Forest_Land,20191.43,T1.66,B22
Bagerhat,2019-20,2019,2020,Reserved_Forest_Section_20_Acre,566512.95,T1.66,B22
Bagerhat,2019-20,2019,2020,Protected_Area,0,T1.66,B22
Bagerhat,2019-20,2019,2020,Acquired_Vested_Forest,0,T1.66,B22
Bagerhat,2019-20,2019,2020,Unclassed_State_Forest_FD_Acre,0,T1.66,B22
Bagerhat,2019-20,2019,2020,Total_Forest_FD_Acre,566512.95,T1.66,B22
Bagerhat,2019-20,2019,2020,Unclassed_State_Forest_Admin_Acre,0,T1.66,B22
Bagerhat,2019-20,2019,2020,Total_Forest_Land,566512.95,T1.66,B22
Bagerhat,2020-21,2020,2021,Reserved_Forest_Section_20_Acre,566512.95,T1.66,B22
Bagerhat,2020-21,2020,2021,Protected_Area,0,T1.66,B22
Bagerhat,2020-21,2020,2021,Acquired_Vested_Forest,0,T1.66,B22
Bagerhat,2020-21,2020,2021,Unclassed_State_Forest_FD_Acre,0,T1.66,B22
Bagerhat,2020-21,2020,2021,Total_Forest_FD_Acre,566512.95,T1.66,B22
Bagerhat,2020-21,2020,2021,Unclassed_State_Forest_Admin_Acre,0,T1.66,B22
Bagerhat,2020-21,2020,2021,Total_Forest_Land,566512.95,T1.66,B22
Bagerhat,2021-22,2021,2022,Reserved_Forest_Section_20_Acre,566512.95,T1.66,B22
Bagerhat,2021-22,2021,2022,Protected_Area,0,T1.66,B22
Bagerhat,2021-22,2021,2022,Acquired_Vested_Forest,0,T1.66,B22
Bagerhat,2021-22,2021,2022,Unclassed_State_Forest_FD_Acre,0,T1.66,B22
Bagerhat,2021-22,2021,2022,Total_Forest_FD_Acre,566512.95,T1.66,B22
Bagerhat,2021-22,2021,2022,Unclassed_State_Forest_Admin_Acre,0,T1.66,B22
Bagerhat,2021-22,2021,2022,Total_Forest_Land,566512.95,T1.66,B22
Bagerhat,2022-23,2022,2023,Reserved_Forest_Section_20_Acre,566512.95,T1.66,B22
Bagerhat,2022-23,2022,2023,Protected_Area,0,T1.66,B22
Bagerhat,2022-23,2022,2023,Acquired_Vested_Forest,0,T1.66,B22
Bagerhat,2022-23,2022,2023,Unclassed_State_Forest_FD_Acre,0,T1.66,B22
Bagerhat,2022-23,2022,2023,Total_Forest_FD_Acre,566512.95,T1.66,B22
Bagerhat,2022-23,2022,2023,Unclassed_State_Forest_Admin_Acre,0,T1.66,B22
Bagerhat,2022-23,2022,2023,Total_Forest_Land,566512.95,T1.66,B22
Bagerhat,2023-24,2023,2024,Reserved_Forest_Section_20_Acre,566512.95,T1.66,B22
Bagerhat,2023-24,2023,2024,Protected_Area,0,T1.66,B22
Bagerhat,2023-24,2023,2024,Acquired_Vested_Forest,0,T1.66,B22
Bagerhat,2023-24,2023,2024,Unclassed_State_Forest_FD_Acre,0,T1.66,B22
Bagerhat,2023-24,2023,2024,Total_Forest_FD_Acre,566512.95,T1.66,B22
Bagerhat,2023-24,2023,2024,Unclassed_State_Forest_Admin_Acre,0,T1.66,B22
Bagerhat,2023-24,2023,2024,Total_Forest_Land,566512.95,T1.66,B22
Khulna,2019-20,2019,2020,Reserved_Forest_Section_20_Acre,546081.61,T1.66,B22
Khulna,2019-20,2019,2020,Protected_Area,0,T1.66,B22
Khulna,2019-20,2019,2020,Acquired_Vested_Forest,0,T1.66,B22
Khulna,2019-20,2019,2020,Unclassed_State_Forest_FD_Acre,0,T1.66,B22
Khulna,2019-20,2019,2020,Total_Forest_FD_Acre,546081.61,T1.66,B22
Khulna,2019-20,2019,2020,Unclassed_State_Forest_Admin_Acre,0,T1.66,B22
Khulna,2019-20,2019,2020,Total_Forest_Land,546081.61,T1.66,B22
Khulna,2020-21,2020,2021,Reserved_Forest_Section_20_Acre,546081.61,T1.66,B22
Khulna,2020-21,2020,2021,Protected_Area,0,T1.66,B22
Khulna,2020-21,2020,2021,Acquired_Vested_Forest,0,T1.66,B22
Khulna,2020-21,2020,2021,Unclassed_State_Forest_FD_Acre,0,T1.66,B22
Khulna,2020-21,2020,2021,Total_Forest_FD_Acre,546081.61,T1.66,B22
Khulna,2020-21,2020,2021,Unclassed_State_Forest_Admin_Acre,0,T1.66,B22
Khulna,2020-21,2020,2021,Total_Forest_Land,546081.61,T1.66,B22
Khulna,2021-22,2021,2022,Reserved_Forest_Section_20_Acre,546081.61,T1.66,B22
Khulna,2021-22,2021,2022,Protected_Area,0,T1.66,B22
Khulna,2021-22,2021,2022,Acquired_Vested_Forest,0,T1.66,B22
Khulna,2021-22,2021,2022,Unclassed_State_Forest_FD_Acre,0,T1.66,B22
Khulna,2021-22,2021,2022,Total_Forest_FD_Acre,546081.61,T1.66,B22
Khulna,2021-22,2021,2022,Unclassed_State_Forest_Admin_Acre,0,T1.66,B22
Khulna,2021-22,2021,2022,Total_Forest_Land,546081.61,T1.66,B22
Khulna,2022-23,2022,2023,Reserved_Forest_Section_20_Acre,546081.61,T1.66,B22
Khulna,2022-23,2022,2023,Protected_Area,0,T1.66,B22
Khulna,2022-23,2022,2023,Acquired_Vested_Forest,0,T1.66,B22
Khulna,2022-23,2022,2023,Unclassed_State_Forest_FD_Acre,0,T1.66,B22
Khulna,2022-23,2022,2023,Total_Forest_FD_Acre,546081.61,T1.66,B22
Khulna,2022-23,2022,2023,Unclassed_State_Forest_Admin_Acre,0,T1.66,B22
Khulna,2022-23,2022,2023,Total_Forest_Land,546081.61,T1.66,B22
Khulna,2023-24,2023,2024,Reserved_Forest_Section_20_Acre,546081.61,T1.66,B22
Khulna,2023-24,2023,2024,Protected_Area,0,T1.66,B22
Khulna,2023-24,2023,2024,Acquired_Vested_Forest,0,T1.66,B22
Khulna,2023-24,2023,2024,Unclassed_State_Forest_FD_Acre,0,T1.66,B22
Khulna,2023-24,2023,2024,Total_Forest_FD_Acre,546081.61,T1.66,B22
Khulna,2023-24,2023,2024,Unclassed_State_Forest_Admin_Acre,0,T1.66,B22
Khulna,2023-24,2023,2024,Total_Forest_Land,546081.61,T1.66,B22
Satkhira,2019-20,2019,2020,Reserved_Forest_Section_20_Acre,370354.18,T1.66,B22
Satkhira,2019-20,2019,2020,Protected_Area,0,T1.66,B22
Satkhira,2019-20,2019,2020,Acquired_Vested_Forest,0,T1.66,B22
Satkhira,2019-20,2019,2020,Unclassed_State_Forest_FD_Acre,0,T1.66,B22
Satkhira,2019-20,2019,2020,Total_Forest_FD_Acre,370354.18,T1.66,B22
Satkhira,2019-20,2019,2020,Unclassed_State_Forest_Admin_Acre,0,T1.66,B22
Satkhira,2019-20,2019,2020,Total_Forest_Land,370354.18,T1.66,B22
Satkhira,2020-21,2020,2021,Reserved_Forest_Section_20_Acre,370354.18,T1.66,B22
Satkhira,2020-21,2020,2021,Protected_Area,0,T1.66,B22
Satkhira,2020-21,2020,2021,Acquired_Vested_Forest,0,T1.66,B22
Satkhira,2020-21,2020,2021,Unclassed_State_Forest_FD_Acre,0,T1.66,B22
Satkhira,2020-21,2020,2021,Total_Forest_FD_Acre,370354.18,T1.66,B22
Satkhira,2020-21,2020,2021,Unclassed_State_Forest_Admin_Acre,0,T1.66,B22
Satkhira,2020-21,2020,2021,Total_Forest_Land,370354.18,T1.66,B22
Satkhira,2021-22,2021,2022,Reserved_Forest_Section_20_Acre,370354.18,T1.66,B22
Satkhira,2021-22,2021,2022,Protected_Area,0,T1.66,B22
Satkhira,2021-22,2021,2022,Acquired_Vested_Forest,0,T1.66,B22
Satkhira,2021-22,2021,2022,Unclassed_State_Forest_FD_Acre,0,T1.66,B22
Satkhira,2021-22,2021,2022,Total_Forest_FD_Acre,370354.18,T1.66,B22
Satkhira,2021-22,2021,2022,Unclassed_State_Forest_Admin_Acre,0,T1.66,B22
Satkhira,2021-22,2021,2022,Total_Forest_Land,370354.18,T1.66,B22
Satkhira,2022-23,2022,2023,Reserved_Forest_Section_20_Acre,370354.18,T1.66,B22
Satkhira,2022-23,2022,2023,Protected_Area,0,T1.66,B22
Satkhira,2022-23,2022,2023,Acquired_Vested_Forest,0,T1.66,B22
Satkhira,2022-23,2022,2023,Unclassed_State_Forest_FD_Acre,0,T1.66,B22
Satkhira,2022-23,2022,2023,Total_Forest_FD_Acre,370354.18,T1.66,B22
Satkhira,2022-23,2022,2023,Unclassed_State_Forest_Admin_Acre,0,T1.66,B22
Satkhira,2022-23,2022,2023,Total_Forest_Land,370354.18,T1.66,B22
Satkhira,2023-24,2023,2024,Reserved_Forest_Section_20_Acre,370354.18,T1.66,B22
Satkhira,2023-24,2023,2024,Protected_Area,0,T1.66,B22
Satkhira,2023-24,2023,2024,Acquired_Vested_Forest,0,T1.66,B22
Satkhira,2023-24,2023,2024,Unclassed_State_Forest_FD_Acre,0,T1.66,B22
Satkhira,2023-24,2023,2024,Total_Forest_FD_Acre,370354.18,T1.66,B22
Satkhira,2023-24,2023,2024,Unclassed_State_Forest_Admin_Acre,0,T1.66,B22
Satkhira,2023-24,2023,2024,Total_Forest_Land,370354.18,T1.66,B22
Rangpur,2019-20,2019,2020,Reserved_Forest_Section_20_Acre,1678.47,T1.66,B22
Rangpur,2019-20,2019,2020,Reserved_Forest_Section_4_6_Acre,1749.03,T1.66,B22
Rangpur,2019-20,2019,2020,Protected_Area,0,T1.66,B22
Rangpur,2019-20,2019,2020,Acquired_Vested_Forest,21.54,T1.66,B22
Rangpur,2019-20,2019,2020,Unclassed_State_Forest_FD_Acre,0,T1.66,B22
Rangpur,2019-20,2019,2020,Total_Forest_FD_Acre,3449.04,T1.66,B22
Rangpur,2019-20,2019,2020,Unclassed_State_Forest_Admin_Acre,0,T1.66,B22
Rangpur,2019-20,2019,2020,Total_Forest_Land,3449.04,T1.66,B22
Rangpur,2020-21,2020,2021,Reserved_Forest_Section_20_Acre,1678.47,T1.66,B22
Rangpur,2020-21,2020,2021,Reserved_Forest_Section_4_6_Acre,1749.03,T1.66,B22
Rangpur,2020-21,2020,2021,Protected_Area,0,T1.66,B22
Rangpur,2020-21,2020,2021,Acquired_Vested_Forest,21.54,T1.66,B22
Rangpur,2020-21,2020,2021,Unclassed_State_Forest_FD_Acre,0,T1.66,B22
Rangpur,2020-21,2020,2021,Total_Forest_FD_Acre,3449.04,T1.66,B22
Rangpur,2020-21,2020,2021,Unclassed_State_Forest_Admin_Acre,0,T1.66,B22
Rangpur,2020-21,2020,2021,Total_Forest_Land,3449.04,T1.66,B22
Rangpur,2021-22,2021,2022,Reserved_Forest_Section_20_Acre,1678.47,T1.66,B22
Rangpur,2021-22,2021,2022,Reserved_Forest_Section_4_6_Acre,1749.03,T1.66,B22
Rangpur,2021-22,2021,2022,Protected_Area,0,T1.66,B22
Rangpur,2021-22,2021,2022,Acquired_Vested_Forest,21.54,T1.66,B22
Rangpur,2021-22,2021,2022,Unclassed_State_Forest_FD_Acre,0,T1.66,B22
Rangpur,2021-22,2021,2022,Total_Forest_FD_Acre,3449.04,T1.66,B22
Rangpur,2021-22,2021,2022,Unclassed_State_Forest_Admin_Acre,0,T1.66,B22
Rangpur,2021-22,2021,2022,Total_Forest_Land,3449.04,T1.66,B22
Rangpur,2022-23,2022,2023,Reserved_Forest_Section_20_Acre,1678.47,T1.66,B22
Rangpur,2022-23,2022,2023,Reserved_Forest_Section_4_6_Acre,1749.03,T1.66,B22
Rangpur,2022-23,2022,2023,Protected_Area,0,T1.66,B22
Rangpur,2022-23,2022,2023,Acquired_Vested_Forest,21.54,T1.66,B22
Rangpur,2022-23,2022,2023,Unclassed_State_Forest_FD_Acre,0,T1.66,B22
Rangpur,2022-23,2022,2023,Total_Forest_FD_Acre,3449.04,T1.66,B22
Rangpur,2022-23,2022,2023,Unclassed_State_Forest_Admin_Acre,0,T1.66,B22
Rangpur,2022-23,2022,2023,Total_Forest_Land,3449.04,T1.66,B22
Rangpur,2023-24,2023,2024,Reserved_Forest_Section_20_Acre,1678.47,T1.66,B22
Rangpur,2023-24,2023,2024,Reserved_Forest_Section_4_6_Acre,1749.03,T1.66,B22
Rangpur,2023-24,2023,2024,Protected_Area,0,T1.66,B22
Rangpur,2023-24,2023,2024,Acquired_Vested_Forest,21.54,T1.66,B22
Rangpur,2023-24,2023,2024,Unclassed_State_Forest_FD_Acre,0,T1.66,B22
Rangpur,2023-24,2023,2024,Total_Forest_FD_Acre,3449.04,T1.66,B22
Rangpur,2023-24,2023,2024,Unclassed_State_Forest_Admin_Acre,0,T1.66,B22
Rangpur,2023-24,2023,2024,Total_Forest_Land,3449.04,T1.66,B22
Nilphamari,2019-20,2019,2020,Reserved_Forest_Section_20_Acre,0,T1.66,B22
Nilphamari,2019-20,2019,2020,Protected_Area,648.59,T1.66,B22
Nilphamari,2019-20,2019,2020,Acquired_Vested_Forest,551.49,T1.66,B22
Nilphamari,2019-20,2019,2020,Unclassed_State_Forest_FD_Acre,0,T1.66,B22
Nilphamari,2019-20,2019,2020,Total_Forest_FD_Acre,1200.08,T1.66,B22
Nilphamari,2019-20,2019,2020,Unclassed_State_Forest_Admin_Acre,0,T1.66,B22
Nilphamari,2019-20,2019,2020,Total_Forest_Land,1200.08,T1.66,B22
Nilphamari,2020-21,2020,2021,Reserved_Forest_Section_20_Acre,0,T1.66,B22
Nilphamari,2020-21,2020,2021,Protected_Area,648.59,T1.66,B22
Nilphamari,2020-21,2020,2021,Acquired_Vested_Forest,551.49,T1.66,B22
Nilphamari,2020-21,2020,2021,Unclassed_State_Forest_FD_Acre,0,T1.66,B22
Nilphamari,2020-21,2020,2021,Total_Forest_FD_Acre,1200.08,T1.66,B22
Nilphamari,2020-21,2020,2021,Unclassed_State_Forest_Admin_Acre,0,T1.66,B22
Nilphamari,2020-21,2020,2021,Total_Forest_Land,1200.08,T1.66,B22
Nilphamari,2021-22,2021,2022,Reserved_Forest_Section_20_Acre,0,T1.66,B22
Nilphamari,2021-22,2021,2022,Protected_Area,648.59,T1.66,B22
Nilphamari,2021-22,2021,2022,Acquired_Vested_Forest,551.49,T1.66,B22
Nilphamari,2021-22,2021,2022,Unclassed_State_Forest_FD_Acre,0,T1.66,B22
Nilphamari,2021-22,2021,2022,Total_Forest_FD_Acre,1200.08,T1.66,B22
Nilphamari,2021-22,2021,2022,Unclassed_State_Forest_Admin_Acre,0,T1.66,B22
Nilphamari,2021-22,2021,2022,Total_Forest_Land,1200.08,T1.66,B22
Nilphamari,2022-23,2022,2023,Reserved_Forest_Section_20_Acre,0,T1.66,B22
Nilphamari,2022-23,2022,2023,Protected_Area,648.59,T1.66,B22
Nilphamari,2022-23,2022,2023,Acquired_Vested_Forest,551.49,T1.66,B22
Nilphamari,2022-23,2022,2023,Unclassed_State_Forest_FD_Acre,0,T1.66,B22
Nilphamari,2022-23,2022,2023,Total_Forest_FD_Acre,1200.08,T1.66,B22
Nilphamari,2022-23,2022,2023,Unclassed_State_Forest_Admin_Acre,0,T1.66,B22
Nilphamari,2022-23,2022,2023,Total_Forest_Land,1200.08,T1.66,B22
Nilphamari,2023-24,2023,2024,Reserved_Forest_Section_20_Acre,0,T1.66,B22
Nilphamari,2023-24,2023,2024,Protected_Area,648.59,T1.66,B22
Nilphamari,2023-24,2023,2024,Acquired_Vested_Forest,551.49,T1.66,B22
Nilphamari,2023-24,2023,2024,Unclassed_State_Forest_FD_Acre,0,T1.66,B22
Nilphamari,2023-24,2023,2024,Total_Forest_FD_Acre,1200.08,T1.66,B22
Nilphamari,2023-24,2023,2024,Unclassed_State_Forest_Admin_Acre,0,T1.66,B22
Nilphamari,2023-24,2023,2024,Total_Forest_Land,1200.08,T1.66,B22
Kurigram,2019-20,2019,2020,Reserved_Forest_Section_20_Acre,128.59,T1.66,B22
Kurigram,2019-20,2019,2020,Protected_Area,0,T1.66,B22
Kurigram,2019-20,2019,2020,Acquired_Vested_Forest,0,T1.66,B22
Kurigram,2019-20,2019,2020,Unclassed_State_Forest_FD_Acre,0,T1.66,B22
Kurigram,2019-20,2019,2020,Total_Forest_FD_Acre,128.59,T1.66,B22
Kurigram,2019-20,2019,2020,Unclassed_State_Forest_Admin_Acre,0,T1.66,B22
Kurigram,2019-20,2019,2020,Total_Forest_Land,128.59,T1.66,B22
Kurigram,2020-21,2020,2021,Reserved_Forest_Section_20_Acre,128.59,T1.66,B22
Kurigram,2020-21,2020,2021,Protected_Area,0,T1.66,B22
Kurigram,2020-21,2020,2021,Acquired_Vested_Forest,0,T1.66,B22
Kurigram,2020-21,2020,2021,Unclassed_State_Forest_FD_Acre,0,T1.66,B22
Kurigram,2020-21,2020,2021,Total_Forest_FD_Acre,128.59,T1.66,B22
Kurigram,2020-21,2020,2021,Unclassed_State_Forest_Admin_Acre,0,T1.66,B22
Kurigram,2020-21,2020,2021,Total_Forest_Land,128.59,T1.66,B22
Kurigram,2021-22,2021,2022,Reserved_Forest_Section_20_Acre,128.59,T1.66,B22
Kurigram,2021-22,2021,2022,Protected_Area,0,T1.66,B22
Kurigram,2021-22,2021,2022,Acquired_Vested_Forest,0,T1.66,B22
Kurigram,2021-22,2021,2022,Unclassed_State_Forest_FD_Acre,0,T1.66,B22
Kurigram,2021-22,2021,2022,Total_Forest_FD_Acre,128.59,T1.66,B22
Kurigram,2021-22,2021,2022,Unclassed_State_Forest_Admin_Acre,0,T1.66,B22
Kurigram,2021-22,2021,2022,Total_Forest_Land,128.59,T1.66,B22
Kurigram,2022-23,2022,2023,Reserved_Forest_Section_20_Acre,128.59,T1.66,B22
Kurigram,2022-23,2022,2023,Protected_Area,0,T1.66,B22
Kurigram,2022-23,2022,2023,Acquired_Vested_Forest,0,T1.66,B22
Kurigram,2022-23,2022,2023,Unclassed_State_Forest_FD_Acre,0,T1.66,B22
Kurigram,2022-23,2022,2023,Total_Forest_FD_Acre,128.59,T1.66,B22
Kurigram,2022-23,2022,2023,Unclassed_State_Forest_Admin_Acre,0,T1.66,B22
Kurigram,2022-23,2022,2023,Total_Forest_Land,128.59,T1.66,B22
Kurigram,2023-24,2023,2024,Reserved_Forest_Section_20_Acre,128.59,T1.66,B22
Kurigram,2023-24,2023,2024,Protected_Area,0,T1.66,B22
Kurigram,2023-24,2023,2024,Acquired_Vested_Forest,0,T1.66,B22
Kurigram,2023-24,2023,2024,Unclassed_State_Forest_FD_Acre,0,T1.66,B22
Kurigram,2023-24,2023,2024,Total_Forest_FD_Acre,128.59,T1.66,B22
Kurigram,2023-24,2023,2024,Unclassed_State_Forest_Admin_Acre,0,T1.66,B22
Kurigram,2023-24,2023,2024,Total_Forest_Land,128.59,T1.66,B22
Lalmonirhat,2019-20,2019,2020,Reserved_Forest_Section_20_Acre,82.62,T1.66,B22
Lalmonirhat,2019-20,2019,2020,Protected_Area,0,T1.66,B22
Lalmonirhat,2019-20,2019,2020,Acquired_Vested_Forest,0,T1.66,B22
Lalmonirhat,2019-20,2019,2020,Unclassed_State_Forest_FD_Acre,0,T1.66,B22
Lalmonirhat,2019-20,2019,2020,Total_Forest_FD_Acre,82.62,T1.66,B22
Lalmonirhat,2019-20,2019,2020,Unclassed_State_Forest_Admin_Acre,0,T1.66,B22
Lalmonirhat,2019-20,2019,2020,Total_Forest_Land,82.62,T1.66,B22
Lalmonirhat,2020-21,2020,2021,Reserved_Forest_Section_20_Acre,82.62,T1.66,B22
Lalmonirhat,2020-21,2020,2021,Protected_Area,0,T1.66,B22
Lalmonirhat,2020-21,2020,2021,Acquired_Vested_Forest,0,T1.66,B22
Lalmonirhat,2020-21,2020,2021,Unclassed_State_Forest_FD_Acre,0,T1.66,B22
Lalmonirhat,2020-21,2020,2021,Total_Forest_FD_Acre,82.62,T1.66,B22
Lalmonirhat,2020-21,2020,2021,Unclassed_State_Forest_Admin_Acre,0,T1.66,B22
Lalmonirhat,2020-21,2020,2021,Total_Forest_Land,82.62,T1.66,B22
Lalmonirhat,2021-22,2021,2022,Reserved_Forest_Section_20_Acre,82.62,T1.66,B22
Lalmonirhat,2021-22,2021,2022,Protected_Area,0,T1.66,B22
Lalmonirhat,2021-22,2021,2022,Acquired_Vested_Forest,0,T1.66,B22
Lalmonirhat,2021-22,2021,2022,Unclassed_State_Forest_FD_Acre,0,T1.66,B22
Lalmonirhat,2021-22,2021,2022,Total_Forest_FD_Acre,82.62,T1.66,B22
Lalmonirhat,2021-22,2021,2022,Unclassed_State_Forest_Admin_Acre,0,T1.66,B22
Lalmonirhat,2021-22,2021,2022,Total_Forest_Land,82.62,T1.66,B22
Lalmonirhat,2022-23,2022,2023,Reserved_Forest_Section_20_Acre,82.62,T1.66,B22
Lalmonirhat,2022-23,2022,2023,Protected_Area,0,T1.66,B22
Lalmonirhat,2022-23,2022,2023,Acquired_Vested_Forest,0,T1.66,B22
Lalmonirhat,2022-23,2022,2023,Unclassed_State_Forest_FD_Acre,0,T1.66,B22
Lalmonirhat,2022-23,2022,2023,Total_Forest_FD_Acre,82.62,T1.66,B22
Lalmonirhat,2022-23,2022,2023,Unclassed_State_Forest_Admin_Acre,0,T1.66,B22
Lalmonirhat,2022-23,2022,2023,Total_Forest_Land,82.62,T1.66,B22
Lalmonirhat,2023-24,2023,2024,Reserved_Forest_Section_20_Acre,82.62,T1.66,B22
Lalmonirhat,2023-24,2023,2024,Protected_Area,0,T1.66,B22
Lalmonirhat,2023-24,2023,2024,Acquired_Vested_Forest,0,T1.66,B22
Lalmonirhat,2023-24,2023,2024,Unclassed_State_Forest_FD_Acre,0,T1.66,B22
Lalmonirhat,2023-24,2023,2024,Total_Forest_FD_Acre,82.62,T1.66,B22
Lalmonirhat,2023-24,2023,2024,Unclassed_State_Forest_Admin_Acre,0,T1.66,B22
Lalmonirhat,2023-24,2023,2024,Total_Forest_Land,82.62,T1.66,B22
Dinajpur,2019-20,2019,2020,Reserved_Forest_Section_20_Acre,14609.76,T1.66,B22
Dinajpur,2019-20,2019,2020,Reserved_Forest_Section_4_6_Acre,3455.38,T1.66,B22
Dinajpur,2019-20,2019,2020,Protected_Area,0,T1.66,B22
Dinajpur,2019-20,2019,2020,Acquired_Vested_Forest,0,T1.66,B22
Dinajpur,2019-20,2019,2020,Unclassed_State_Forest_FD_Acre,0,T1.66,B22
Dinajpur,2019-20,2019,2020,Total_Forest_FD_Acre,18065.14,T1.66,B22
Dinajpur,2019-20,2019,2020,Unclassed_State_Forest_Admin_Acre,0,T1.66,B22
Dinajpur,2019-20,2019,2020,Total_Forest_Land,18065.14,T1.66,B22
Dinajpur,2020-21,2020,2021,Reserved_Forest_Section_20_Acre,14609.76,T1.66,B22
Dinajpur,2020-21,2020,2021,Reserved_Forest_Section_4_6_Acre,3455.38,T1.66,B22
Dinajpur,2020-21,2020,2021,Protected_Area,0,T1.66,B22
Dinajpur,2020-21,2020,2021,Acquired_Vested_Forest,0,T1.66,B22
Dinajpur,2020-21,2020,2021,Unclassed_State_Forest_FD_Acre,0,T1.66,B22
Dinajpur,2020-21,2020,2021,Total_Forest_FD_Acre,18065.14,T1.66,B22
Dinajpur,2020-21,2020,2021,Unclassed_State_Forest_Admin_Acre,0,T1.66,B22
Dinajpur,2020-21,2020,2021,Total_Forest_Land,18065.14,T1.66,B22
Dinajpur,2021-22,2021,2022,Reserved_Forest_Section_20_Acre,14609.76,T1.66,B22
Dinajpur,2021-22,2021,2022,Reserved_Forest_Section_4_6_Acre,3455.38,T1.66,B22
Dinajpur,2021-22,2021,2022,Protected_Area,0,T1.66,B22
Dinajpur,2021-22,2021,2022,Acquired_Vested_Forest,0,T1.66,B22
Dinajpur,2021-22,2021,2022,Unclassed_State_Forest_FD_Acre,0,T1.66,B22
Dinajpur,2021-22,2021,2022,Total_Forest_FD_Acre,18065.14,T1.66,B22
Dinajpur,2021-22,2021,2022,Unclassed_State_Forest_Admin_Acre,0,T1.66,B22
Dinajpur,2021-22,2021,2022,Total_Forest_Land,18065.14,T1.66,B22
Dinajpur,2022-23,2022,2023,Reserved_Forest_Section_20_Acre,14609.76,T1.66,B22
Dinajpur,2022-23,2022,2023,Reserved_Forest_Section_4_6_Acre,3455.38,T1.66,B22
Dinajpur,2022-23,2022,2023,Protected_Area,0,T1.66,B22
Dinajpur,2022-23,2022,2023,Acquired_Vested_Forest,0,T1.66,B22
Dinajpur,2022-23,2022,2023,Unclassed_State_Forest_FD_Acre,0,T1.66,B22
Dinajpur,2022-23,2022,2023,Total_Forest_FD_Acre,18065.14,T1.66,B22
Dinajpur,2022-23,2022,2023,Unclassed_State_Forest_Admin_Acre,0,T1.66,B22
Dinajpur,2022-23,2022,2023,Total_Forest_Land,18065.14,T1.66,B22
Dinajpur,2023-24,2023,2024,Reserved_Forest_Section_20_Acre,14609.76,T1.66,B22
Dinajpur,2023-24,2023,2024,Reserved_Forest_Section_4_6_Acre,3455.38,T1.66,B22
Dinajpur,2023-24,2023,2024,Protected_Area,0,T1.66,B22
Dinajpur,2023-24,2023,2024,Acquired_Vested_Forest,0,T1.66,B22
Dinajpur,2023-24,2023,2024,Unclassed_State_Forest_FD_Acre,0,T1.66,B22
Dinajpur,2023-24,2023,2024,Total_Forest_FD_Acre,18065.14,T1.66,B22
Dinajpur,2023-24,2023,2024,Unclassed_State_Forest_Admin_Acre,0,T1.66,B22
Dinajpur,2023-24,2023,2024,Total_Forest_Land,18065.14,T1.66,B22
Thakurgaon,2019-20,2019,2020,Reserved_Forest_Section_20_Acre,1591.68,T1.66,B22
Thakurgaon,2019-20,2019,2020,Protected_Area,0,T1.66,B22
Thakurgaon,2019-20,2019,2020,Acquired_Vested_Forest,0,T1.66,B22
Thakurgaon,2019-20,2019,2020,Unclassed_State_Forest_FD_Acre,0,T1.66,B22
Thakurgaon,2019-20,2019,2020,Total_Forest_FD_Acre,1591.68,T1.66,B22
Thakurgaon,2019-20,2019,2020,Unclassed_State_Forest_Admin_Acre,0,T1.66,B22
Thakurgaon,2019-20,2019,2020,Total_Forest_Land,1591.68,T1.66,B22
Thakurgaon,2020-21,2020,2021,Reserved_Forest_Section_20_Acre,1591.68,T1.66,B22
Thakurgaon,2020-21,2020,2021,Protected_Area,0,T1.66,B22
Thakurgaon,2020-21,2020,2021,Acquired_Vested_Forest,0,T1.66,B22
Thakurgaon,2020-21,2020,2021,Unclassed_State_Forest_FD_Acre,0,T1.66,B22
Thakurgaon,2020-21,2020,2021,Total_Forest_FD_Acre,1591.68,T1.66,B22
Thakurgaon,2020-21,2020,2021,Unclassed_State_Forest_Admin_Acre,0,T1.66,B22
Thakurgaon,2020-21,2020,2021,Total_Forest_Land,1591.68,T1.66,B22
Thakurgaon,2021-22,2021,2022,Reserved_Forest_Section_20_Acre,1591.68,T1.66,B22
Thakurgaon,2021-22,2021,2022,Protected_Area,0,T1.66,B22
Thakurgaon,2021-22,2021,2022,Acquired_Vested_Forest,0,T1.66,B22
Thakurgaon,2021-22,2021,2022,Unclassed_State_Forest_FD_Acre,0,T1.66,B22
Thakurgaon,2021-22,2021,2022,Total_Forest_FD_Acre,1591.68,T1.66,B22
Thakurgaon,2021-22,2021,2022,Unclassed_State_Forest_Admin_Acre,0,T1.66,B22
Thakurgaon,2021-22,2021,2022,Total_Forest_Land,1591.68,T1.66,B22
Thakurgaon,2022-23,2022,2023,Reserved_Forest_Section_20_Acre,1591.68,T1.66,B22
Thakurgaon,2022-23,2022,2023,Protected_Area,0,T1.66,B22
Thakurgaon,2022-23,2022,2023,Acquired_Vested_Forest,0,T1.66,B22
Thakurgaon,2022-23,2022,2023,Unclassed_State_Forest_FD_Acre,0,T1.66,B22
Thakurgaon,2022-23,2022,2023,Total_Forest_FD_Acre,1591.68,T1.66,B22
Thakurgaon,2022-23,2022,2023,Unclassed_State_Forest_Admin_Acre,0,T1.66,B22
Thakurgaon,2022-23,2022,2023,Total_Forest_Land,1591.68,T1.66,B22
Thakurgaon,2023-24,2023,2024,Reserved_Forest_Section_20_Acre,1591.68,T1.66,B22
Thakurgaon,2023-24,2023,2024,Protected_Area,0,T1.66,B22
Thakurgaon,2023-24,2023,2024,Acquired_Vested_Forest,0,T1.66,B22
Thakurgaon,2023-24,2023,2024,Unclassed_State_Forest_FD_Acre,0,T1.66,B22
Thakurgaon,2023-24,2023,2024,Total_Forest_FD_Acre,1591.68,T1.66,B22
Thakurgaon,2023-24,2023,2024,Unclassed_State_Forest_Admin_Acre,0,T1.66,B22
Thakurgaon,2023-24,2023,2024,Total_Forest_Land,1591.68,T1.66,B22
Panchagarh,2019-20,2019,2020,Reserved_Forest_Section_20_Acre,501.38,T1.66,B22
Panchagarh,2019-20,2019,2020,Reserved_Forest_Section_4_6_Acre,4049.49,T1.66,B22
Panchagarh,2019-20,2019,2020,Protected_Area,0,T1.66,B22
Panchagarh,2019-20,2019,2020,Acquired_Vested_Forest,0,T1.66,B22
Panchagarh,2019-20,2019,2020,Unclassed_State_Forest_FD_Acre,0,T1.66,B22
Panchagarh,2019-20,2019,2020,Total_Forest_FD_Acre,4550.87,T1.66,B22
Panchagarh,2019-20,2019,2020,Unclassed_State_Forest_Admin_Acre,0,T1.66,B22
Panchagarh,2019-20,2019,2020,Total_Forest_Land,4550.87,T1.66,B22
Panchagarh,2020-21,2020,2021,Reserved_Forest_Section_20_Acre,501.38,T1.66,B22
Panchagarh,2020-21,2020,2021,Reserved_Forest_Section_4_6_Acre,4049.49,T1.66,B22
Panchagarh,2020-21,2020,2021,Protected_Area,0,T1.66,B22
Panchagarh,2020-21,2020,2021,Acquired_Vested_Forest,0,T1.66,B22
Panchagarh,2020-21,2020,2021,Unclassed_State_Forest_FD_Acre,0,T1.66,B22
Panchagarh,2020-21,2020,2021,Total_Forest_FD_Acre,4550.87,T1.66,B22
Panchagarh,2020-21,2020,2021,Unclassed_State_Forest_Admin_Acre,0,T1.66,B22
Panchagarh,2020-21,2020,2021,Total_Forest_Land,4550.87,T1.66,B22
Panchagarh,2021-22,2021,2022,Reserved_Forest_Section_20_Acre,501.38,T1.66,B22
Panchagarh,2021-22,2021,2022,Reserved_Forest_Section_4_6_Acre,4049.49,T1.66,B22
Panchagarh,2021-22,2021,2022,Protected_Area,0,T1.66,B22
Panchagarh,2021-22,2021,2022,Acquired_Vested_Forest,0,T1.66,B22
Panchagarh,2021-22,2021,2022,Unclassed_State_Forest_FD_Acre,0,T1.66,B22
Panchagarh,2021-22,2021,2022,Total_Forest_FD_Acre,4550.87,T1.66,B22
Panchagarh,2021-22,2021,2022,Unclassed_State_Forest_Admin_Acre,0,T1.66,B22
Panchagarh,2021-22,2021,2022,Total_Forest_Land,4550.87,T1.66,B22
Panchagarh,2022-23,2022,2023,Reserved_Forest_Section_20_Acre,501.38,T1.66,B22
Panchagarh,2022-23,2022,2023,Reserved_Forest_Section_4_6_Acre,4049.49,T1.66,B22
Panchagarh,2022-23,2022,2023,Protected_Area,0,T1.66,B22
Panchagarh,2022-23,2022,2023,Acquired_Vested_Forest,0,T1.66,B22
Panchagarh,2022-23,2022,2023,Unclassed_State_Forest_FD_Acre,0,T1.66,B22
Panchagarh,2022-23,2022,2023,Total_Forest_FD_Acre,4550.87,T1.66,B22
Panchagarh,2022-23,2022,2023,Unclassed_State_Forest_Admin_Acre,0,T1.66,B22
Panchagarh,2022-23,2022,2023,Total_Forest_Land,4550.87,T1.66,B22
Panchagarh,2023-24,2023,2024,Reserved_Forest_Section_20_Acre,501.38,T1.66,B22
Panchagarh,2023-24,2023,2024,Reserved_Forest_Section_4_6_Acre,4049.49,T1.66,B22
Panchagarh,2023-24,2023,2024,Protected_Area,0,T1.66,B22
Panchagarh,2023-24,2023,2024,Acquired_Vested_Forest,0,T1.66,B22
Panchagarh,2023-24,2023,2024,Unclassed_State_Forest_FD_Acre,0,T1.66,B22
Panchagarh,2023-24,2023,2024,Total_Forest_FD_Acre,4550.87,T1.66,B22
Panchagarh,2023-24,2023,2024,Unclassed_State_Forest_Admin_Acre,0,T1.66,B22
Panchagarh,2023-24,2023,2024,Total_Forest_Land,4550.87,T1.66,B22
Naogaon,2019-20,2019,2020,Reserved_Forest_Section_20_Acre,473.95,T1.66,B22
Naogaon,2019-20,2019,2020,Protected_Area,5991.7,T1.66,B22
Naogaon,2019-20,2019,2020,Acquired_Vested_Forest,681.99,T1.66,B22
Naogaon,2019-20,2019,2020,Unclassed_State_Forest_FD_Acre,0,T1.66,B22
Naogaon,2019-20,2019,2020,Total_Forest_FD_Acre,7147.64,T1.66,B22
Naogaon,2019-20,2019,2020,Unclassed_State_Forest_Admin_Acre,0,T1.66,B22
Naogaon,2019-20,2019,2020,Total_Forest_Land,7147.64,T1.66,B22
Naogaon,2020-21,2020,2021,Reserved_Forest_Section_20_Acre,473.95,T1.66,B22
Naogaon,2020-21,2020,2021,Protected_Area,5991.7,T1.66,B22
Naogaon,2020-21,2020,2021,Acquired_Vested_Forest,681.99,T1.66,B22
Naogaon,2020-21,2020,2021,Unclassed_State_Forest_FD_Acre,0,T1.66,B22
Naogaon,2020-21,2020,2021,Total_Forest_FD_Acre,7147.64,T1.66,B22
Naogaon,2020-21,2020,2021,Unclassed_State_Forest_Admin_Acre,0,T1.66,B22
Naogaon,2020-21,2020,2021,Total_Forest_Land,7147.64,T1.66,B22
Naogaon,2021-22,2021,2022,Reserved_Forest_Section_20_Acre,473.95,T1.66,B22
Naogaon,2021-22,2021,2022,Protected_Area,5991.7,T1.66,B22
Naogaon,2021-22,2021,2022,Acquired_Vested_Forest,681.99,T1.66,B22
Naogaon,2021-22,2021,2022,Unclassed_State_Forest_FD_Acre,0,T1.66,B22
Naogaon,2021-22,2021,2022,Total_Forest_FD_Acre,7147.64,T1.66,B22
Naogaon,2021-22,2021,2022,Unclassed_State_Forest_Admin_Acre,0,T1.66,B22
Naogaon,2021-22,2021,2022,Total_Forest_Land,7147.64,T1.66,B22
Naogaon,2022-23,2022,2023,Reserved_Forest_Section_20_Acre,473.95,T1.66,B22
Naogaon,2022-23,2022,2023,Protected_Area,5991.7,T1.66,B22
Naogaon,2022-23,2022,2023,Acquired_Vested_Forest,681.99,T1.66,B22
Naogaon,2022-23,2022,2023,Unclassed_State_Forest_FD_Acre,0,T1.66,B22
Naogaon,2022-23,2022,2023,Total_Forest_FD_Acre,7147.64,T1.66,B22
Naogaon,2022-23,2022,2023,Unclassed_State_Forest_Admin_Acre,0,T1.66,B22
Naogaon,2022-23,2022,2023,Total_Forest_Land,7147.64,T1.66,B22
Naogaon,2023-24,2023,2024,Reserved_Forest_Section_20_Acre,473.95,T1.66,B22
Naogaon,2023-24,2023,2024,Protected_Area,5991.7,T1.66,B22
Naogaon,2023-24,2023,2024,Acquired_Vested_Forest,681.99,T1.66,B22
Naogaon,2023-24,2023,2024,Unclassed_State_Forest_FD_Acre,0,T1.66,B22
Naogaon,2023-24,2023,2024,Total_Forest_FD_Acre,7147.64,T1.66,B22
Naogaon,2023-24,2023,2024,Unclassed_State_Forest_Admin_Acre,0,T1.66,B22
Naogaon,2023-24,2023,2024,Total_Forest_Land,7147.64,T1.66,B22
Noakhali,2019-20,2019,2020,Reserved_Forest_Section_20_Acre,72132.36,T1.66,B22
Noakhali,2019-20,2019,2020,Reserved_Forest_Section_4_6_Acre,307867.64,T1.66,B22
Noakhali,2019-20,2019,2020,Protected_Area,4784.72,T1.66,B22
Noakhali,2019-20,2019,2020,Acquired_Vested_Forest,0,T1.66,B22
Noakhali,2019-20,2019,2020,Unclassed_State_Forest_FD_Acre,0,T1.66,B22
Noakhali,2019-20,2019,2020,Total_Forest_FD_Acre,384784.72,T1.66,B22
Noakhali,2019-20,2019,2020,Unclassed_State_Forest_Admin_Acre,0,T1.66,B22
Noakhali,2019-20,2019,2020,Total_Forest_Land,384784.72,T1.66,B22
Noakhali,2020-21,2020,2021,Reserved_Forest_Section_20_Acre,72132.36,T1.66,B22
Noakhali,2020-21,2020,2021,Reserved_Forest_Section_4_6_Acre,307867.64,T1.66,B22
Noakhali,2020-21,2020,2021,Protected_Area,4784.72,T1.66,B22
Noakhali,2020-21,2020,2021,Acquired_Vested_Forest,0,T1.66,B22
Noakhali,2020-21,2020,2021,Unclassed_State_Forest_FD_Acre,0,T1.66,B22
Noakhali,2020-21,2020,2021,Total_Forest_FD_Acre,384784.72,T1.66,B22
Noakhali,2020-21,2020,2021,Unclassed_State_Forest_Admin_Acre,0,T1.66,B22
Noakhali,2020-21,2020,2021,Total_Forest_Land,384784.72,T1.66,B22
Noakhali,2021-22,2021,2022,Reserved_Forest_Section_20_Acre,72132.36,T1.66,B22
Noakhali,2021-22,2021,2022,Reserved_Forest_Section_4_6_Acre,307867.64,T1.66,B22
Noakhali,2021-22,2021,2022,Protected_Area,4784.72,T1.66,B22
Noakhali,2021-22,2021,2022,Acquired_Vested_Forest,0,T1.66,B22
Noakhali,2021-22,2021,2022,Unclassed_State_Forest_FD_Acre,0,T1.66,B22
Noakhali,2021-22,2021,2022,Total_Forest_FD_Acre,384784.72,T1.66,B22
Noakhali,2021-22,2021,2022,Unclassed_State_Forest_Admin_Acre,0,T1.66,B22
Noakhali,2021-22,2021,2022,Total_Forest_Land,384784.72,T1.66,B22
Noakhali,2022-23,2022,2023,Reserved_Forest_Section_20_Acre,72132.36,T1.66,B22
Noakhali,2022-23,2022,2023,Reserved_Forest_Section_4_6_Acre,307867.64,T1.66,B22
Noakhali,2022-23,2022,2023,Protected_Area,4784.72,T1.66,B22
Noakhali,2022-23,2022,2023,Acquired_Vested_Forest,0,T1.66,B22
Noakhali,2022-23,2022,2023,Unclassed_State_Forest_FD_Acre,0,T1.66,B22
Noakhali,2022-23,2022,2023,Total_Forest_FD_Acre,384784.72,T1.66,B22
Noakhali,2022-23,2022,2023,Unclassed_State_Forest_Admin_Acre,0,T1.66,B22
Noakhali,2022-23,2022,2023,Total_Forest_Land,384784.72,T1.66,B22
Noakhali,2023-24,2023,2024,Reserved_Forest_Section_20_Acre,72132.36,T1.66,B22
Noakhali,2023-24,2023,2024,Reserved_Forest_Section_4_6_Acre,307867.64,T1.66,B22
Noakhali,2023-24,2023,2024,Protected_Area,4784.72,T1.66,B22
Noakhali,2023-24,2023,2024,Acquired_Vested_Forest,0,T1.66,B22
Noakhali,2023-24,2023,2024,Unclassed_State_Forest_FD_Acre,0,T1.66,B22
Noakhali,2023-24,2023,2024,Total_Forest_FD_Acre,384784.72,T1.66,B22
Noakhali,2023-24,2023,2024,Unclassed_State_Forest_Admin_Acre,0,T1.66,B22
Noakhali,2023-24,2023,2024,Total_Forest_Land,384784.72,T1.66,B22
Lakshmipur,2019-20,2019,2020,Reserved_Forest_Section_20_Acre,0,T1.66,B22
Lakshmipur,2019-20,2019,2020,Reserved_Forest_Section_4_6_Acre,50000,T1.66,B22
Lakshmipur,2019-20,2019,2020,Protected_Area,0,T1.66,B22
Lakshmipur,2019-20,2019,2020,Acquired_Vested_Forest,0,T1.66,B22
Lakshmipur,2019-20,2019,2020,Unclassed_State_Forest_FD_Acre,0,T1.66,B22
Lakshmipur,2019-20,2019,2020,Total_Forest_FD_Acre,50000,T1.66,B22
Lakshmipur,2019-20,2019,2020,Unclassed_State_Forest_Admin_Acre,0,T1.66,B22
Lakshmipur,2019-20,2019,2020,Total_Forest_Land,50000,T1.66,B22
Lakshmipur,2020-21,2020,2021,Reserved_Forest_Section_20_Acre,0,T1.66,B22
Lakshmipur,2020-21,2020,2021,Reserved_Forest_Section_4_6_Acre,50000,T1.66,B22
Lakshmipur,2020-21,2020,2021,Protected_Area,0,T1.66,B22
Lakshmipur,2020-21,2020,2021,Acquired_Vested_Forest,0,T1.66,B22
Lakshmipur,2020-21,2020,2021,Unclassed_State_Forest_FD_Acre,0,T1.66,B22
Lakshmipur,2020-21,2020,2021,Total_Forest_FD_Acre,50000,T1.66,B22
Lakshmipur,2020-21,2020,2021,Unclassed_State_Forest_Admin_Acre,0,T1.66,B22
Lakshmipur,2020-21,2020,2021,Total_Forest_Land,50000,T1.66,B22
Lakshmipur,2021-22,2021,2022,Reserved_Forest_Section_20_Acre,0,T1.66,B22
Lakshmipur,2021-22,2021,2022,Reserved_Forest_Section_4_6_Acre,50000,T1.66,B22
Lakshmipur,2021-22,2021,2022,Protected_Area,0,T1.66,B22
Lakshmipur,2021-22,2021,2022,Acquired_Vested_Forest,0,T1.66,B22
Lakshmipur,2021-22,2021,2022,Unclassed_State_Forest_FD_Acre,0,T1.66,B22
Lakshmipur,2021-22,2021,2022,Total_Forest_FD_Acre,50000,T1.66,B22
Lakshmipur,2021-22,2021,2022,Unclassed_State_Forest_Admin_Acre,0,T1.66,B22
Lakshmipur,2021-22,2021,2022,Total_Forest_Land,50000,T1.66,B22
Lakshmipur,2022-23,2022,2023,Reserved_Forest_Section_20_Acre,0,T1.66,B22
Lakshmipur,2022-23,2022,2023,Reserved_Forest_Section_4_6_Acre,50000,T1.66,B22
Lakshmipur,2022-23,2022,2023,Protected_Area,0,T1.66,B22
Lakshmipur,2022-23,2022,2023,Acquired_Vested_Forest,0,T1.66,B22
Lakshmipur,2022-23,2022,2023,Unclassed_State_Forest_FD_Acre,0,T1.66,B22
Lakshmipur,2022-23,2022,2023,Total_Forest_FD_Acre,50000,T1.66,B22
Lakshmipur,2022-23,2022,2023,Unclassed_State_Forest_Admin_Acre,0,T1.66,B22
Lakshmipur,2022-23,2022,2023,Total_Forest_Land,50000,T1.66,B22
Lakshmipur,2023-24,2023,2024,Reserved_Forest_Section_20_Acre,0,T1.66,B22
Lakshmipur,2023-24,2023,2024,Reserved_Forest_Section_4_6_Acre,50000,T1.66,B22
Lakshmipur,2023-24,2023,2024,Protected_Area,0,T1.66,B22
Lakshmipur,2023-24,2023,2024,Acquired_Vested_Forest,0,T1.66,B22
Lakshmipur,2023-24,2023,2024,Unclassed_State_Forest_FD_Acre,0,T1.66,B22
Lakshmipur,2023-24,2023,2024,Total_Forest_FD_Acre,50000,T1.66,B22
Lakshmipur,2023-24,2023,2024,Unclassed_State_Forest_Admin_Acre,0,T1.66,B22
Lakshmipur,2023-24,2023,2024,Total_Forest_Land,50000,T1.66,B22
Patuakhali,2019-20,2019,2020,Reserved_Forest_Section_20_Acre,58723.87,T1.66,B22
Patuakhali,2019-20,2019,2020,Reserved_Forest_Section_4_6_Acre,91276.13,T1.66,B22
Patuakhali,2019-20,2019,2020,Protected_Area,0,T1.66,B22
Patuakhali,2019-20,2019,2020,Acquired_Vested_Forest,0,T1.66,B22
Patuakhali,2019-20,2019,2020,Unclassed_State_Forest_FD_Acre,0,T1.66,B22
Patuakhali,2019-20,2019,2020,Total_Forest_FD_Acre,150000,T1.66,B22
Patuakhali,2019-20,2019,2020,Unclassed_State_Forest_Admin_Acre,0,T1.66,B22
Patuakhali,2019-20,2019,2020,Total_Forest_Land,150000,T1.66,B22
Patuakhali,2020-21,2020,2021,Reserved_Forest_Section_20_Acre,58723.87,T1.66,B22
Patuakhali,2020-21,2020,2021,Reserved_Forest_Section_4_6_Acre,91276.13,T1.66,B22
Patuakhali,2020-21,2020,2021,Protected_Area,0,T1.66,B22
Patuakhali,2020-21,2020,2021,Acquired_Vested_Forest,0,T1.66,B22
Patuakhali,2020-21,2020,2021,Unclassed_State_Forest_FD_Acre,0,T1.66,B22
Patuakhali,2020-21,2020,2021,Total_Forest_FD_Acre,150000,T1.66,B22
Patuakhali,2020-21,2020,2021,Unclassed_State_Forest_Admin_Acre,0,T1.66,B22
Patuakhali,2020-21,2020,2021,Total_Forest_Land,150000,T1.66,B22
Patuakhali,2021-22,2021,2022,Reserved_Forest_Section_20_Acre,58723.87,T1.66,B22
Patuakhali,2021-22,2021,2022,Reserved_Forest_Section_4_6_Acre,91276.13,T1.66,B22
Patuakhali,2021-22,2021,2022,Protected_Area,0,T1.66,B22
Patuakhali,2021-22,2021,2022,Acquired_Vested_Forest,0,T1.66,B22
Patuakhali,2021-22,2021,2022,Unclassed_State_Forest_FD_Acre,0,T1.66,B22
Patuakhali,2021-22,2021,2022,Total_Forest_FD_Acre,150000,T1.66,B22
Patuakhali,2021-22,2021,2022,Unclassed_State_Forest_Admin_Acre,0,T1.66,B22
Patuakhali,2021-22,2021,2022,Total_Forest_Land,150000,T1.66,B22
Patuakhali,2022-23,2022,2023,Reserved_Forest_Section_20_Acre,58723.87,T1.66,B22
Patuakhali,2022-23,2022,2023,Reserved_Forest_Section_4_6_Acre,91276.13,T1.66,B22
Patuakhali,2022-23,2022,2023,Protected_Area,0,T1.66,B22
Patuakhali,2022-23,2022,2023,Acquired_Vested_Forest,0,T1.66,B22
Patuakhali,2022-23,2022,2023,Unclassed_State_Forest_FD_Acre,0,T1.66,B22
Patuakhali,2022-23,2022,2023,Total_Forest_FD_Acre,150000,T1.66,B22
Patuakhali,2022-23,2022,2023,Unclassed_State_Forest_Admin_Acre,0,T1.66,B22
Patuakhali,2022-23,2022,2023,Total_Forest_Land,150000,T1.66,B22
Patuakhali,2023-24,2023,2024,Reserved_Forest_Section_20_Acre,58723.87,T1.66,B22
Patuakhali,2023-24,2023,2024,Reserved_Forest_Section_4_6_Acre,91276.13,T1.66,B22
Patuakhali,2023-24,2023,2024,Protected_Area,0,T1.66,B22
Patuakhali,2023-24,2023,2024,Acquired_Vested_Forest,0,T1.66,B22
Patuakhali,2023-24,2023,2024,Unclassed_State_Forest_FD_Acre,0,T1.66,B22
Patuakhali,2023-24,2023,2024,Total_Forest_FD_Acre,150000,T1.66,B22
Patuakhali,2023-24,2023,2024,Unclassed_State_Forest_Admin_Acre,0,T1.66,B22
Patuakhali,2023-24,2023,2024,Total_Forest_Land,150000,T1.66,B22
Barguna,2019-20,2019,2020,Reserved_Forest_Section_20_Acre,30533.9,T1.66,B22
Barguna,2019-20,2019,2020,Reserved_Forest_Section_4_6_Acre,44466.1,T1.66,B22
Barguna,2019-20,2019,2020,Protected_Area,0,T1.66,B22
Barguna,2019-20,2019,2020,Acquired_Vested_Forest,0,T1.66,B22
Barguna,2019-20,2019,2020,Unclassed_State_Forest_FD_Acre,0,T1.66,B22
Barguna,2019-20,2019,2020,Total_Forest_FD_Acre,75000,T1.66,B22
Barguna,2019-20,2019,2020,Unclassed_State_Forest_Admin_Acre,0,T1.66,B22
Barguna,2019-20,2019,2020,Total_Forest_Land,75000,T1.66,B22
Barguna,2020-21,2020,2021,Reserved_Forest_Section_20_Acre,30533.9,T1.66,B22
Barguna,2020-21,2020,2021,Reserved_Forest_Section_4_6_Acre,44466.1,T1.66,B22
Barguna,2020-21,2020,2021,Protected_Area,0,T1.66,B22
Barguna,2020-21,2020,2021,Acquired_Vested_Forest,0,T1.66,B22
Barguna,2020-21,2020,2021,Unclassed_State_Forest_FD_Acre,0,T1.66,B22
Barguna,2020-21,2020,2021,Total_Forest_FD_Acre,75000,T1.66,B22
Barguna,2020-21,2020,2021,Unclassed_State_Forest_Admin_Acre,0,T1.66,B22
Barguna,2020-21,2020,2021,Total_Forest_Land,75000,T1.66,B22
Barguna,2021-22,2021,2022,Reserved_Forest_Section_20_Acre,30533.9,T1.66,B22
Barguna,2021-22,2021,2022,Reserved_Forest_Section_4_6_Acre,44466.1,T1.66,B22
Barguna,2021-22,2021,2022,Protected_Area,0,T1.66,B22
Barguna,2021-22,2021,2022,Acquired_Vested_Forest,0,T1.66,B22
Barguna,2021-22,2021,2022,Unclassed_State_Forest_FD_Acre,0,T1.66,B22
Barguna,2021-22,2021,2022,Total_Forest_FD_Acre,75000,T1.66,B22
Barguna,2021-22,2021,2022,Unclassed_State_Forest_Admin_Acre,0,T1.66,B22
Barguna,2021-22,2021,2022,Total_Forest_Land,75000,T1.66,B22
Barguna,2022-23,2022,2023,Reserved_Forest_Section_20_Acre,30533.9,T1.66,B22
Barguna,2022-23,2022,2023,Reserved_Forest_Section_4_6_Acre,44466.1,T1.66,B22
Barguna,2022-23,2022,2023,Protected_Area,0,T1.66,B22
Barguna,2022-23,2022,2023,Acquired_Vested_Forest,0,T1.66,B22
Barguna,2022-23,2022,2023,Unclassed_State_Forest_FD_Acre,0,T1.66,B22
Barguna,2022-23,2022,2023,Total_Forest_FD_Acre,75000,T1.66,B22
Barguna,2022-23,2022,2023,Unclassed_State_Forest_Admin_Acre,0,T1.66,B22
Barguna,2022-23,2022,2023,Total_Forest_Land,75000,T1.66,B22
Barguna,2023-24,2023,2024,Reserved_Forest_Section_20_Acre,30533.9,T1.66,B22
Barguna,2023-24,2023,2024,Reserved_Forest_Section_4_6_Acre,44466.1,T1.66,B22
Barguna,2023-24,2023,2024,Protected_Area,0,T1.66,B22
Barguna,2023-24,2023,2024,Acquired_Vested_Forest,0,T1.66,B22
Barguna,2023-24,2023,2024,Unclassed_State_Forest_FD_Acre,0,T1.66,B22
Barguna,2023-24,2023,2024,Total_Forest_FD_Acre,75000,T1.66,B22
Barguna,2023-24,2023,2024,Unclassed_State_Forest_Admin_Acre,0,T1.66,B22
Barguna,2023-24,2023,2024,Total_Forest_Land,75000,T1.66,B22
Pirojpur,2019-20,2019,2020,Reserved_Forest_Section_20_Acre,0,T1.66,B22
Pirojpur,2019-20,2019,2020,Reserved_Forest_Section_4_6_Acre,543.66,T1.66,B22
Pirojpur,2019-20,2019,2020,Protected_Area,0,T1.66,B22
Pirojpur,2019-20,2019,2020,Acquired_Vested_Forest,0,T1.66,B22
Pirojpur,2019-20,2019,2020,Unclassed_State_Forest_FD_Acre,0,T1.66,B22
Pirojpur,2019-20,2019,2020,Total_Forest_FD_Acre,543.66,T1.66,B22
Pirojpur,2019-20,2019,2020,Unclassed_State_Forest_Admin_Acre,0,T1.66,B22
Pirojpur,2019-20,2019,2020,Total_Forest_Land,543.66,T1.66,B22
Pirojpur,2020-21,2020,2021,Reserved_Forest_Section_20_Acre,0,T1.66,B22
Pirojpur,2020-21,2020,2021,Reserved_Forest_Section_4_6_Acre,543.66,T1.66,B22
Pirojpur,2020-21,2020,2021,Protected_Area,0,T1.66,B22
Pirojpur,2020-21,2020,2021,Acquired_Vested_Forest,0,T1.66,B22
Pirojpur,2020-21,2020,2021,Unclassed_State_Forest_FD_Acre,0,T1.66,B22
Pirojpur,2020-21,2020,2021,Total_Forest_FD_Acre,543.66,T1.66,B22
Pirojpur,2020-21,2020,2021,Unclassed_State_Forest_Admin_Acre,0,T1.66,B22
Pirojpur,2020-21,2020,2021,Total_Forest_Land,543.66,T1.66,B22
Pirojpur,2021-22,2021,2022,Reserved_Forest_Section_20_Acre,0,T1.66,B22
Pirojpur,2021-22,2021,2022,Reserved_Forest_Section_4_6_Acre,543.66,T1.66,B22
Pirojpur,2021-22,2021,2022,Protected_Area,0,T1.66,B22
Pirojpur,2021-22,2021,2022,Acquired_Vested_Forest,0,T1.66,B22
Pirojpur,2021-22,2021,2022,Unclassed_State_Forest_FD_Acre,0,T1.66,B22
Pirojpur,2021-22,2021,2022,Total_Forest_FD_Acre,543.66,T1.66,B22
Pirojpur,2021-22,2021,2022,Unclassed_State_Forest_Admin_Acre,0,T1.66,B22
Pirojpur,2021-22,2021,2022,Total_Forest_Land,543.66,T1.66,B22
Pirojpur,2022-23,2022,2023,Reserved_Forest_Section_20_Acre,0,T1.66,B22
Pirojpur,2022-23,2022,2023,Reserved_Forest_Section_4_6_Acre,543.66,T1.66,B22
Pirojpur,2022-23,2022,2023,Protected_Area,0,T1.66,B22
Pirojpur,2022-23,2022,2023,Acquired_Vested_Forest,0,T1.66,B22
Pirojpur,2022-23,2022,2023,Unclassed_State_Forest_FD_Acre,0,T1.66,B22
Pirojpur,2022-23,2022,2023,Total_Forest_FD_Acre,543.66,T1.66,B22
Pirojpur,2022-23,2022,2023,Unclassed_State_Forest_Admin_Acre,0,T1.66,B22
Pirojpur,2022-23,2022,2023,Total_Forest_Land,543.66,T1.66,B22
Pirojpur,2023-24,2023,2024,Reserved_Forest_Section_20_Acre,0,T1.66,B22
Pirojpur,2023-24,2023,2024,Reserved_Forest_Section_4_6_Acre,543.66,T1.66,B22
Pirojpur,2023-24,2023,2024,Protected_Area,0,T1.66,B22
Pirojpur,2023-24,2023,2024,Acquired_Vested_Forest,0,T1.66,B22
Pirojpur,2023-24,2023,2024,Unclassed_State_Forest_FD_Acre,0,T1.66,B22
Pirojpur,2023-24,2023,2024,Total_Forest_FD_Acre,543.66,T1.66,B22
Pirojpur,2023-24,2023,2024,Unclassed_State_Forest_Admin_Acre,0,T1.66,B22
Pirojpur,2023-24,2023,2024,Total_Forest_Land,543.66,T1.66,B22
Bhola,2019-20,2019,2020,Reserved_Forest_Section_20_Acre,94245.39,T1.66,B22
Bhola,2019-20,2019,2020,Reserved_Forest_Section_4_6_Acre,265754.61,T1.66,B22
Bhola,2019-20,2019,2020,Protected_Area,0,T1.66,B22
Bhola,2019-20,2019,2020,Acquired_Vested_Forest,0,T1.66,B22
Bhola,2019-20,2019,2020,Unclassed_State_Forest_FD_Acre,0,T1.66,B22
Bhola,2019-20,2019,2020,Total_Forest_FD_Acre,360000,T1.66,B22
Bhola,2019-20,2019,2020,Unclassed_State_Forest_Admin_Acre,0,T1.66,B22
Bhola,2019-20,2019,2020,Total_Forest_Land,360000,T1.66,B22
Bhola,2020-21,2020,2021,Reserved_Forest_Section_20_Acre,94245.39,T1.66,B22
Bhola,2020-21,2020,2021,Reserved_Forest_Section_4_6_Acre,265754.61,T1.66,B22
Bhola,2020-21,2020,2021,Protected_Area,0,T1.66,B22
Bhola,2020-21,2020,2021,Acquired_Vested_Forest,0,T1.66,B22
Bhola,2020-21,2020,2021,Unclassed_State_Forest_FD_Acre,0,T1.66,B22
Bhola,2020-21,2020,2021,Total_Forest_FD_Acre,360000,T1.66,B22
Bhola,2020-21,2020,2021,Unclassed_State_Forest_Admin_Acre,0,T1.66,B22
Bhola,2020-21,2020,2021,Total_Forest_Land,360000,T1.66,B22
Bhola,2021-22,2021,2022,Reserved_Forest_Section_20_Acre,94245.39,T1.66,B22
Bhola,2021-22,2021,2022,Reserved_Forest_Section_4_6_Acre,265754.61,T1.66,B22
Bhola,2021-22,2021,2022,Protected_Area,0,T1.66,B22
Bhola,2021-22,2021,2022,Acquired_Vested_Forest,0,T1.66,B22
Bhola,2021-22,2021,2022,Unclassed_State_Forest_FD_Acre,0,T1.66,B22
Bhola,2021-22,2021,2022,Total_Forest_FD_Acre,360000,T1.66,B22
Bhola,2021-22,2021,2022,Unclassed_State_Forest_Admin_Acre,0,T1.66,B22
Bhola,2021-22,2021,2022,Total_Forest_Land,360000,T1.66,B22
Bhola,2022-23,2022,2023,Reserved_Forest_Section_20_Acre,94245.39,T1.66,B22
Bhola,2022-23,2022,2023,Reserved_Forest_Section_4_6_Acre,265754.61,T1.66,B22
Bhola,2022-23,2022,2023,Protected_Area,0,T1.66,B22
Bhola,2022-23,2022,2023,Acquired_Vested_Forest,0,T1.66,B22
Bhola,2022-23,2022,2023,Unclassed_State_Forest_FD_Acre,0,T1.66,B22
Bhola,2022-23,2022,2023,Total_Forest_FD_Acre,360000,T1.66,B22
Bhola,2022-23,2022,2023,Unclassed_State_Forest_Admin_Acre,0,T1.66,B22
Bhola,2022-23,2022,2023,Total_Forest_Land,360000,T1.66,B22
Bhola,2023-24,2023,2024,Reserved_Forest_Section_20_Acre,94245.39,T1.66,B22
Bhola,2023-24,2023,2024,Reserved_Forest_Section_4_6_Acre,265754.61,T1.66,B22
Bhola,2023-24,2023,2024,Protected_Area,0,T1.66,B22
Bhola,2023-24,2023,2024,Acquired_Vested_Forest,0,T1.66,B22
Bhola,2023-24,2023,2024,Unclassed_State_Forest_FD_Acre,0,T1.66,B22
Bhola,2023-24,2023,2024,Total_Forest_FD_Acre,360000,T1.66,B22
Bhola,2023-24,2023,2024,Unclassed_State_Forest_Admin_Acre,0,T1.66,B22
Bhola,2023-24,2023,2024,Total_Forest_Land,360000,T1.66,B22
