,"Monthly Frequency of Lightening by Station, 2015-2024",,,,,,,,,,,,,
,Station,Year,Jan,Feb,Mar,Apr,May,Jun,Jul,Aug,Sep,Oct,Nov,Dec
,1,2,3,4,5,6,7,8,9,10,11,12,13,14
,Dhaka,2015,0,1,0,8,1,3,3,9,6,2,0,0
,Dhaka,2016,0,2,1,5,7,7,2,11,10,5,1,0
,Dhaka,2017,0,0,5,5,1,2,4,10,7,2,0,0
,Dhaka,2018,0,0,1,8,3,5,1,4,3,0,0,0
,Dhaka,2019,0,0,2,0,3,5,2,2,2,1,0,0
,Dhaka,2020,0,0,0,8,2,3,2,4,4,4,0,0
,Dhaka,2021,0,0,0,0,2,2,0,1,8,3,0,0
,Dhaka,2022,0,0,0,0,0,11,5,1,2,2,0,0
,Dhaka,2023,0,0,2,0,2,0,2,0,3,0,0,0
,Dhaka,2024,0,0,0,1,4,3,0,**,**,**,**,**
,Tangail,2015,0,0,0,3,2,0,0,0,1,1,0,0
,Tangail,2016,0,0,2,0,2,1,1,1,1,1,0,0
,Tangail,2017,0,1,0,3,2,1,2,0,4,0,0,0
,Tangail,2018,0,0,1,3,2,3,2,6,2,0,0,0
,Tangail,2019,0,0,1,2,2,2,1,3,1,0,0,0
,Tangail,2020,0,0,0,0,1,1,2,3,1,1,0,0
,Tangail,2021,0,0,0,0,1,2,1,1,1,0,0,0
,Tangail,2022,0,0,0,2,0,3,1,0,3,1,0,0
,Tangail,2023,0,0,0,0,3,1,1,0,2,0,0,0
,Tangail,2024,0,0,1,0,3,0,**,**,**,**,**,**
,Mymensingh,2015,0,0,0,4,10,7,8,7,7,3,0,0
,Mymensingh,2016,0,0,2,3,1,6,4,6,13,4,0,0
,Mymensingh,2017,0,1,2,8,9,7,4,15,8,2,0,0
,Mymensingh,2018,0,1,2,3,3,14,7,7,9,1,0,0
,Mymensingh,2019,0,0,1,0,10,2,9,6,11,1,0,0
,Mymensingh,2020,0,0,4,5,2,8,4,9,3,2,0,0
,Mymensingh,2021,0,0,1,1,0,3,3,0,5,7,0,0
,Mymensingh,2022,0,0,0,2,1,1,1,0,1,1,0,0
,Mymensingh,2023,0,0,0,1,2,2,11,5,5,0,0,0
,Mymensingh,2024,0,0,0,0,4,0,0,**,**,**,**,**
,Faridpur,2015,0,0,0,1,0,0,2,2,3,1,0,0
,Faridpur,2016,0,0,1,3,2,4,4,2,2,2,0,0
,Faridpur,2017,0,0,1,4,1,3,1,1,1,0,0,0
,Faridpur,2018,0,0,0,2,4,7,0,1,0,0,0,0
,Faridpur,2019,0,0,1,2,3,0,0,2,0,0,0,0
,Faridpur,2020,0,0,1,3,2,1,0,0,1,2,0,0
,Faridpur,2021,0,0,0,0,0,0,0,1,1,2,0,0
,Faridpur,2022,0,0,0,0,0,2,0,1,1,2,0,0
,Faridpur,2023,0,0,1,0,2,1,0,0,3,0,0,0
,Faridpur,2024,0,0,0,0,0,1,**,**,**,**,**,**
,Madaripur,2015,0,0,0,2,2,0,1,0,0,0,0,0
,Madaripur,2016,0,0,1,2,1,0,0,2,0,1,0,0
,Madaripur,2017,0,0,0,0,0,0,0,0,0,0,0,0
,Madaripur,2018,0,0,0,0,0,0,0,0,0,0,0,0
,Madaripur,2019,0,0,0,1,0,0,1,2,0,0,0,0
,Madaripur,2020,0,0,0,0,0,2,1,0,7,0,1,0
,Madaripur,2021,0,0,0,0,0,0,0,1,2,0,0,0
,Madaripur,2022,0,0,0,2,0,0,0,0,0,0,0,0
,Madaripur,2023,0,0,0,0,0,0,0,0,0,0,0,0
,Madaripur,2024,0,0,0,0,0,**,**,**,**,**,**,**
,Srimangal,2015,0,1,0,5,9,17,12,17,11,3,0,0
,Srimangal,2016,0,0,4,21,3,10,5,13,27,6,0,0
,Srimangal,2017,0,0,0,0,5,6,11,11,4,7,0,0
,Srimangal,2018,0,1,2,6,5,8,11,17,9,0,0,0
,Srimangal,2019,0,0,0,5,8,16,7,9,8,3,0,0
,Srimangal,2020,0,1,2,3,3,15,5,13,7,7,0,0
,Srimangal,2021,0,0,4,2,4,7,6,2,10,7,0,0
,Srimangal,2022,0,0,0,2,1,0,16,9,8,2,0,0
,Srimangal,2023,0,0,0,1,1,2,3,0,4,1,0,0
,Srimangal,2024,0,0,3,8,8,1,**,**,**,**,**,**
,Sylhet,2015,0,0,1,10,4,14,7,9,7,14,0,0
,Sylhet,2016,0,2,2,30,17,21,16,28,26,3,0,0
,Sylhet,2017,0,0,2,5,3,17,14,21,11,12,0,0
,Sylhet,2018,0,1,1,5,4,8,3,15,5,1,0,0
,Sylhet,2019,0,0,1,10,14,12,19,23,21,4,0,0
,Sylhet,2020,0,0,0,1,2,9,2,6,4,11,0,0
,Sylhet,2021,0,0,4,8,3,8,13,2,33,7,0,0
,Sylhet,2022,0,0,0,5,4,4,10,4,5,1,0,0
,Sylhet,2023,0,0,1,0,1,3,4,2,1,1,0,0
,Sylhet,2024,0,0,0,1,1,1,**,**,**,**,**,**
,Bogra,2015,0,0,0,0,3,1,4,0,0,0,0,0
,Bogra,2016,0,0,3,1,3,0,2,5,4,2,0,0
,Bogra,2017,0,0,2,3,4,1,3,3,2,1,0,0
,Bogra,2018,0,0,0,2,1,1,1,4,2,0,0,0
,Bogra,2019,0,0,0,1,1,0,0,0,0,0,0,0
,Bogra,2020,0,0,0,0,2,1,2,1,2,0,0,0
,Bogra,2021,0,0,0,1,0,0,0,2,1,2,0,0
,Bogra,2022,0,0,0,1,0,1,0,0,0,0,0,0
,Bogra,2023,0,0,0,0,0,0,1,1,1,0,0,0
,Bogra,2024,0,0,1,0,0,1,**,**,**,**,**,**
,Dinajpur,2015,0,0,0,0,2,2,4,3,0,2,0,0
,Dinajpur,2016,0,0,1,0,2,0,0,2,2,0,0,0
,Dinajpur,2017,0,0,0,0,2,5,3,2,1,0,0,0
,Dinajpur,2018,0,0,0,0,0,0,1,1,1,0,0,0
,Dinajpur,2019,0,0,1,0,5,0,1,0,0,0,0,0
,Dinajpur,2020,0,0,0,0,1,0,1,1,0,0,0,0
,Dinajpur,2021,0,0,0,0,0,1,0,0,0,0,0,0
,Dinajpur,2022,0,0,0,1,0,0,0,0,0,0,0,0
,Dinajpur,2023,0,0,0,0,0,0,0,0,0,0,0,0
,Dinajpur,2024,**,**,**,**,**,**,**,**,**,**,**,**
,Ishurdi,2015,0,0,0,3,3,0,11,0,1,0,0,0
,Ishurdi,2016,0,0,0,2,1,0,0,2,1,1,0,0
,Ishurdi,2017,0,0,0,1,0,1,0,0,4,0,0,0
,Ishurdi,2018,0,0,0,3,2,1,2,0,3,0,0,0
,Ishurdi,2019,0,0,2,1,3,1,1,1,2,1,0,0
,Ishurdi,2020,0,0,0,1,3,2,1,0,5,0,0,0
,Ishurdi,2021,0,0,0,0,1,3,1,2,6,2,0,0
,Ishurdi,2022,0,0,0,2,1,1,0,1,1,0,0,0
,Ishurdi,2023,0,0,1,0,0,0,0,0,2,0,0,0
,Ishurdi,2024,0,0,0,0,1,2,1,**,**,**,**,**
,Rajshahi,2015,0,1,0,1,7,6,9,1,3,0,0,0
,Rajshahi,2016,0,0,1,0,10,0,0,8,12,3,0,0
,Rajshahi,2017,0,0,1,3,5,7,7,1,8,1,0,0
,Rajshahi,2018,0,0,0,5,2,4,2,1,3,0,0,0
,Rajshahi,2019,0,0,1,0,1,0,1,1,1,0,0,0
,Rajshahi,2020,0,0,0,3,3,2,1,1,10,1,0,0
,Rajshahi,2021,0,0,0,0,1,2,0,2,0,0,0,0
,Rajshahi,2022,0,0,0,1,1,0,1,0,0,1,0,0
,Rajshahi,2023,0,0,0,0,1,0,1,0,1,0,0,0
,Rajshahi,2024,0,0,0,0,1,0,**,**,**,**,**,**
,Rangpur,2015,0,0,1,3,10,7,5,3,7,0,0,0
,Rangpur,2016,0,0,1,3,5,2,1,4,7,1,0,0
,Rangpur,2017,0,0,1,0,7,5,3,0,0,1,0,0
,Rangpur,2018,0,0,1,1,2,1,3,10,3,1,0,0
,Rangpur,2019,0,0,1,3,2,2,3,1,2,0,0,0
,Rangpur,2020,0,0,0,1,3,1,4,4,5,0,0,0
,Rangpur,2021,0,0,0,0,1,2,0,1,5,1,0,0
,Rangpur,2022,0,0,0,0,2,1,2,1,1,2,0,0
,Rangpur,2023,0,0,0,0,1,0,1,0,2,1,0,0
,Rangpur,2024,0,0,0,0,1,1,**,**,**,**,**,**
,Sydpur,2015,0,0,0,0,5,7,4,6,1,1,0,0
,Sydpur,2016,0,0,0,2,0,2,2,5,5,0,0,0
,Sydpur,2017,0,0,1,3,5,5,4,2,0,1,0,0
,Sydpur,2018,0,0,0,1,0,3,1,4,1,0,0,0
,Sydpur,2019,0,0,0,1,4,0,0,3,0,0,0,0
,Sydpur,2020,0,0,0,2,1,0,3,2,4,2,0,0
,Sydpur,2021,0,0,1,0,0,3,4,7,5,0,0,0
,Sydpur,2022,0,0,0,3,3,4,2,4,3,2,0,0
,Sydpur,2023,0,0,0,0,0,0,1,0,2,0,0,0
,Sydpur,2024,0,0,0,0,0,5,**,**,**,**,**,**
,Chuadanga,2015,0,0,0,1,2,2,1,1,1,0,0,0
,Chuadanga,2016,0,2,1,1,3,1,5,3,2,3,1,0
,Chuadanga,2017,0,0,1,4,1,6,2,2,1,0,0,0
,Chuadanga,2018,0,0,0,4,1,4,1,1,3,1,0,0
,Chuadanga,2019,0,0,0,1,3,1,3,1,1,1,0,0
,Chuadanga,2020,0,0,0,3,1,1,2,1,2,0,0,0
,Chuadanga,2021,0,0,0,1,2,2,0,1,1,1,0,0
,Chuadanga,2022,0,1,0,1,1,2,0,1,0,0,0,0
,Chuadanga,2023,0,0,0,0,0,0,0,0,0,0,0,0
,Chuadanga,2024,0,0,0,0,0,1,0,**,**,**,**,**
,Jessore,2015,0,0,0,2,5,1,5,2,1,0,0,0
,Jessore,2016,0,0,0,0,3,0,0,1,1,0,0,0
,Jessore,2017,0,0,0,1,2,0,0,0,0,1,0,0
,Jessore,2018,0,0,0,4,2,1,3,0,1,0,0,0
,Jessore,2019,0,1,0,0,1,0,0,0,0,0,0,0
,Jessore,2020,0,0,0,1,1,1,0,1,0,0,0,0
,Jessore,2021,0,0,0,1,2,0,1,0,0,0,0,0
,Jessore,2022,0,0,0,0,0,0,0,0,0,0,0,0
,Jessore,2023,0,0,0,0,0,0,0,0,2,0,0,0
,Jessore,2024,0,0,0,0,0,0,0,**,**,**,**,**
,Khulna,2015,0,0,2,1,1,0,0,0,2,0,0,0
,Khulna,2016,0,0,0,0,2,0,0,1,2,0,0,0
,Khulna,2017,0,0,0,0,1,0,0,2,1,0,0,0
,Khulna,2018,0,0,2,1,3,0,0,0,0,0,0,0
,Khulna,2019,0,0,0,1,0,0,0,0,0,0,0,0
,Khulna,2020,0,0,0,0,0,0,0,1,1,0,0,0
,Khulna,2021,0,0,0,0,2,0,0,0,2,2,0,0
,Khulna,2022,0,0,0,0,0,0,0,0,0,0,0,0
,Khulna,2023,0,0,0,0,0,0,0,0,0,0,0,0
,Khulna,2024,0,0,0,0,0,0,0,**,**,**,**,**
,Mongla,2015,0,2,0,5,2,1,1,0,1,0,0,0
,Mongla,2016,0,0,1,1,2,1,0,0,0,0,0,0
,Mongla,2017,0,0,1,2,2,1,1,0,2,0,0,0
,Mongla,2018,0,0,0,3,0,0,0,1,2,0,0,0
,Mongla,2019,0,0,0,1,0,0,0,1,2,0,0,0
,Mongla,2020,0,0,0,1,1,0,1,0,1,0,0,0
,Mongla,2021,0,0,0,0,3,0,0,0,1,2,0,0
,Mongla,2022,0,0,0,0,2,2,0,0,1,0,0,0
,Mongla,2023,0,0,0,0,0,0,0,0,1,0,0,0
,Mongla,2024,0,0,0,0,0,0,0,**,**,**,**,**
,Satkhira,2015,0,1,0,3,5,1,4,0,1,0,0,0
,Satkhira,2016,0,0,1,0,4,0,1,0,2,3,1,0
,Satkhira,2017,0,0,1,2,4,0,3,2,1,0,0,0
,Satkhira,2018,0,0,1,4,4,5,1,2,3,0,0,0
,Satkhira,2019,0,0,0,4,0,0,0,0,2,1,0,0
,Satkhira,2020,0,0,0,3,3,1,2,3,3,0,0,0
,Satkhira,2021,0,0,0,0,2,2,0,1,2,1,0,0
,Satkhira,2022,0,0,0,1,1,0,0,0,1,0,0,0
,Satkhira,2023,0,0,0,0,1,0,1,0,0,0,0,0
,Satkhira,2024,0,0,1,0,0,2,**,**,**,**,**,**
,Barisal,2015,0,1,1,8,3,0,0,3,7,8,0,0
,Barisal,2016,0,0,3,0,2,1,0,3,5,4,0,0
,Barisal,2017,0,0,0,1,4,5,1,3,2,0,0,0
,Barisal,2018,0,0,1,4,3,3,1,1,5,0,0,0
,Barisal,2019,0,0,0,1,3,2,0,3,0,0,0,0
,Barisal,2020,0,0,0,2,3,2,0,2,2,3,0,0
,Barisal,2021,0,0,0,0,3,2,0,0,2,1,0,0
,Barisal,2022,0,0,0,0,2,1,1,1,2,0,0,0
,Barisal,2023,0,0,0,0,1,0,0,1,0,0,0,0
,Barisal,2024,0,1,0,0,2,3,**,**,**,**,**,**
,Bhola,2015,0,0,0,3,1,1,3,3,2,2,0,0
,Bhola,2016,0,0,0,1,2,2,0,0,1,2,0,0
,Bhola,2017,0,0,0,2,1,4,0,0,2,2,0,0
,Bhola,2018,0,0,0,3,2,7,1,0,1,1,0,0
,Bhola,2019,0,0,0,0,4,1,1,3,1,1,0,0
,Bhola,2020,0,0,0,5,2,4,2,3,2,1,0,0
,Bhola,2021,0,0,0,0,3,2,1,3,5,2,0,0
