Stations,Year,Month,Days,,,,,,,,,,,,,,,,,,,,,,,,,,,,,,
,,,1,2,3,4,5,6,7,8,9,10,11,12,13,14,15,16,17,18,19,20,21,22,23,24,25,26,27,28,29,30,31
Mongla,2021,7,93.25,94.63,94.5,91,88.75,87.63,93.75,90.5,87.38,86.25,79.13,84,83,84.75,83.5,87.13,87.5,91,88.38,90.38,84,86.75,95.5,95.88,88.88,92.88,94.25,99,96.38,88.88,88.88
Mongla,2021,8,89.13,92.88,90.88,93,84.13,81.75,96.63,95.75,91.63,91.13,92.5,90.25,92.5,90.13,82,90.63,95.25,90.38,92.25,91.75,90.13,82.13,81.75,85.63,86.38,94.13,86.5,88.75,90.75,91.63,85.13
Mongla,2021,9,82.5,84.75,92,82.38,82.88,84.25,88.88,92.75,85,89,80.75,89.88,88.25,97,92.63,87.38,90,90.13,96.25,93.88,96,95.38,90,84.5,88,84.63,89.88,94.63,96.5,89.75,
Mongla,2021,10,81.5,84.38,90,88.13,90.25,86.63,88,85.38,86,83.63,84,82.63,90.63,85.63,84.88,91.88,94.38,97.88,98,95.5,85.75,86.63,84.13,81.63,84.88,82.63,87.38,88.75,81.13,76,75.25
Mongla,2021,11,76.5,79.5,81.75,76.25,77.5,77.75,76.5,77.63,79.5,77,78.63,74.63,80.25,83.25,89.38,83.88,78.38,79.38,78.63,79.88,84.25,81.13,86.13,77,79.63,75.5,75.88,79.63,82.88,77.88,
Mongla,2021,12,78.63,77.13,77.63,89.5,94.63,97.88,93.88,85.88,86.5,74.25,78.88,79.5,78.75,75.5,79.5,83.88,75.38,74.5,71.5,66.5,80.13,82.75,86.5,84.38,81.88,81.75,83.13,80.25,80.88,79.75,78
Rajshahi,2021,7,96.63,93.75,85.63,87,83.13,84.38,90.63,88.25,83.75,84.38,84.13,86,83,82.25,82.63,79.13,85.25,80.5,90.38,95.25,88,80.75,84.88,88.88,82.75,81.25,87.38,81.75,86.13,93.5,86.63
Rajshahi,2021,8,89.25,92.38,89.25,90.63,82.5,94.25,88.63,88.63,85.63,86,92.25,94.88,92.5,86.13,87.75,91.75,91.5,86.13,83.75,86.25,89.5,82.38,88.75,86.5,89.13,96,88.38,82.13,86,88.75,87.63
Rajshahi,2021,9,90.88,87,87.75,83.38,90.13,81.13,90.88,85.5,84.63,83.13,86,81.38,89,92.38,88.13,86.88,88.13,91.25,86.13,88,92.75,93.13,87.38,83.25,84.88,83.38,86.38,92.38,91.88,89.75,
Rajshahi,2021,10,84.38,85.63,86.5,86,85.13,87.5,85.5,83.38,83.63,81.63,82.38,84,84.38,95.13,85.88,85.25,85.63,93.5,91.75,96.25,86.13,83.38,86.75,82.25,86.25,84.88,83.38,81.13,77.25,73.38,75.5
Rajshahi,2021,11,77.38,80.63,75.25,79.88,75.63,78.25,74.75,75.75,78.38,78.75,80.13,78,85.75,90.88,84.13,76.38,71.38,75.88,79.13,79.88,81,84,81.75,82.5,89.5,85.38,83.75,76.75,77.75,77.5,
Rajshahi,2021,12,79,81.75,83.5,91.75,86.38,93.5,87.5,84.75,78.63,77.5,79.25,72.13,71.75,74.25,79.75,79.25,75.75,73.75,63.88,71.63,74.88,73.5,80.5,81.13,82,84.75,85.13,80.25,79.5,78.25,80.63
Ambagan,2023,8,84,91.5,91.5,96,97,98,97.5,96.5,95,90.5,86.5,91,91.5,85.5,91.5,82.5,86.5,74,77.5,76,88,90.5,88.5,83,93,94.5,99,88.5,82,73,84
Ambagan,2023,9,81.5,94,82.5,78.5,91,84,82.5,94.5,82.5,80,90,79,76.5,86.5,78.5,76.5,69.5,84.5,74.5,86.5,81.5,81.5,81,81.5,82,78,82,83.5,92.5,83.5,
Ambagan,2023,10,86,90,88,97.5,84.5,87,84.5,89,46,87.5,87.5,86.5,89.5,88,81.5,83,85,84,82.5,80,81,81,92.5,97,98,86,82.5,84.5,84.5,78,79
Ambagan,2023,11,81.5,83.5,77,80,78.5,85,72,78.5,79.5,79,78,76.5,81.5,81,85.5,95,92,90.5,87,86.5,91.5,89.5,89,84,81.5,80,81,81,86.5,88.5,
Ambagan,2023,12,80.5,86.5,81,78,79.5,80,90,94.5,86,84,90,91,87.5,82,81,86,90,79,78,75,****,76,85.5,84,86,88.5,87,93,85,78,78
Ambagan(Ctg),1999,1,78,81,75,78,79,77,80,73,71,65,66,60,60,61,70,72,72,64,69,69,66,73,73,69,75,78,70,79,76,71,77
Ambagan(Ctg),1999,2,69,58,73,72,67,80,89,73,63,64,62,64,59,50,57,70,68,73,83,80,85,82,79,72,61,61,70,59,,,
Ambagan(Ctg),1999,3,61,66,76,73,78,84,83,88,76,83,96,91,70,52,48,52,68,83,80,92,77,73,79,82,72,83,80,79,83,84,80
Ambagan(Ctg),1999,4,83,82,76,89,84,81,86,88,86,85,86,81,81,82,82,73,76,80,83,83,97,92,89,88,88,89,89,86,83,83,
Ambagan(Ctg),1999,5,82,74,85,86,83,78,82,83,78,80,83,80,82,86,89,86,91,81,84,84,82,84,84,82,82,82,77,77,92,97,93
Ambagan(Ctg),1999,6,93,92,95,92,84,84,82,85,86,86,90,98,97,87,94,98,88,97,94,85,93,85,82,82,78,82,82,83,84,93,
Ambagan(Ctg),1999,7,91,94,100,98,97,91,85,87,84,89,92,86,86,82,87,84,82,88,99,98,94,91,99,98,98,88,87,88,91,86,79
Ambagan(Ctg),1999,8,83,84,83,81,84,87,87,87,89,92,96,99,93,90,92,93,86,85,87,84,85,89,85,86,83,89,81,79,82,94,89
Ambagan(Ctg),1999,9,96,93,99,88,89,90,87,89,95,92,92,91,89,86,86,84,96,93,91,92,89,85,87,89,92,91,92,87,92,85,
Ambagan(Ctg),1999,10,87,86,88,85,90,90,90,86,92,86,85,94,83,84,83,82,80,92,88,89,94,87,87,88,85,84,78,82,88,90,90
Ambagan(Ctg),1999,11,90,87,86,81,86,82,84,83,83,82,78,80,81,81,88,92,91,84,81,73,72,73,70,74,77,78,77,83,79,81,
Ambagan(Ctg),1999,12,82,76,78,79,77,80,73,86,97,88,97,88,85,76,68,82,82,88,88,91,87,89,82,85,86,83,82,84,79,79,80
Ambagan(Ctg),2000,1,80,81,77,77,79,77,81,77,78,77,76,80,76,86,77,77,78,73,76,73,71,70,72,69,66,63,62,65,72,70,61
Ambagan(Ctg),2000,2,57,60,65,62,66,67,62,66,66,68,68,63,65,65,59,55,62,59,66,61,55,57,57,60,68,69,61,47,,,
Ambagan(Ctg),2000,3,50,48,53,57,58,62,75,76,79,82,84,79,82,80,56,75,77,79,78,76,75,70,57,70,74,77,78,78,80,80,75
Ambagan(Ctg),2000,4,79,80,80,83,81,81,77,76,71,74,73,78,76,74,73,75,77,76,78,77,75,73,73,72,76,74,72,72,73,72,
Ambagan(Ctg),2000,5,68,76,73,72,77,88,88,87,81,77,79,77,84,83,89,82,83,79,74,79,74,80,92,78,83,79,81,80,96,91,83
Ambagan(Ctg),2000,6,84,91,84,86,85,85,78,86,83,81,91,95,85,79,84,81,77,79,89,92,93,97,97,94,96,96,88,88,95,93,
Ambagan(Ctg),2000,7,93,92,88,82,80,89,89,85,83,90,95,97,88,82,84,79,90,86,93,95,92,85,81,81,85,84,84,93,87,82,82
Ambagan(Ctg),2000,8,84,87,87,88,85,87,90,92,94,88,95,94,96,93,94,90,85,86,83,82,83,82,78,80,82,88,98,92,88,82,81
Ambagan(Ctg),2000,9,83,82,80,80,79,83,83,85,81,86,84,89,84,84,86,80,85,82,85,90,92,96,91,82,81,86,81,79,88,81,
Ambagan(Ctg),2000,10,81,78,83,78,76,76,83,91,92,82,78,88,83,78,77,78,87,94,95,88,77,80,80,81,80,80,87,89,91,90,85
Ambagan(Ctg),2000,11,83,83,83,82,82,80,78,78,82,77,79,73,74,72,73,74,74,74,75,74,76,74,72,77,76,75,75,76,75,77,
Ambagan(Ctg),2000,12,77,75,70,66,68,74,71,73,92,93,96,86,81,78,77,76,77,78,76,75,76,74,79,80,78,79,81,78,72,70,72
Ambagan(Ctg),2001,1,70,70,64,71,76,69,74,82,73,71,64,63,63,66,76,67,62,57,63,64,73,81,87,74,69,68,71,71,78,80,76
Ambagan(Ctg),2001,2,78,75,79,82,79,76,83,75,66,70,68,57,60,57,55,52,60,79,56,47,43,45,40,44,53,55,53,55,67,,
Ambagan(Ctg),2001,3,76,73,67,73,77,77,77,77,81,77,79,76,77,78,78,76,70,71,68,72,54,53,51,51,48,49,54,64,74,74,73
Ambagan(Ctg),2001,4,80,77,75,77,79,80,78,81,79,78,78,76,77,77,75,73,77,76,79,78,78,75,79,80,80,83,79,80,84,76,
Ambagan(Ctg),2001,5,81,77,67,77,78,79,90,83,82,78,81,75,82,76,81,88,80,82,91,83,93,80,95,98,95,92,92,94,87,85,85
Ambagan(Ctg),2001,6,83,90,83,86,84,75,83,90,91,93,92,100,88,85,86,83,88,82,84,92,79,87,89,98,87,84,82,85,78,78,
Ambagan(Ctg),2001,7,83,82,80,77,82,83,82,80,91,83,85,94,88,90,86,79,86,97,99,93,90,83,84,99,89,92,84,82,82,84,86
Ambagan(Ctg),2001,8,92,98,98,97,87,83,86,83,82,81,86,90,92,92,97,98,89,82,84,82,84,82,80,80,80,80,80,82,90,99,91
Ambagan(Ctg),2001,9,90,87,84,93,90,84,84,90,91,84,86,82,82,81,82,81,87,88,84,85,82,90,84,81,84,85,85,83,80,88,
Ambagan(Ctg),2001,10,99,94,91,85,85,89,85,89,84,82,83,81,82,81,81,83,93,88,84,85,84,82,81,82,78,85,99,94,86,86,85
Ambagan(Ctg),2001,11,81,82,79,79,79,78,78,79,81,79,81,80,74,76,74,81,78,84,78,76,78,77,73,77,75,73,73,97,86,78,
Ambagan(Ctg),2001,12,69,72,72,72,73,74,71,73,72,75,78,72,74,76,74,84,78,75,74,78,75,77,74,71,72,68,61,57,63,65,65
Ambagan(Ctg),2002,1,73,74,70,69,70,81,70,70,66,68,55,62,62,55,59,60,55,58,58,62,64,62,66,72,54,54,60,63,72,72,79
Ambagan(Ctg),2002,2,83,79,65,49,51,65,55,56,61,67,67,63,56,51,54,65,66,65,75,80,72,79,71,70,75,76,79,76,,,
Ambagan(Ctg),2002,3,58,61,50,40,49,59,48,49,61,64,41,43,51,54,63,75,72,64,65,47,55,71,74,70,75,77,75,76,78,79,75
Ambagan(Ctg),2002,4,70,68,74,65,59,61,67,76,78,76,78,78,77,77,73,73,71,72,69,75,77,74,72,73,79,74,73,76,76,82,
Ambagan(Ctg),2002,5,69,83,91,91,86,81,90,95,87,95,85,95,84,83,80,78,77,77,79,77,77,83,84,88,82,81,75,81,80,78,87
Ambagan(Ctg),2002,6,79,80,95,97,90,94,89,90,84,82,75,79,87,94,98,96,99,99,90,96,92,80,81,80,78,80,77,81,88,94,
Ambagan(Ctg),2002,7,99,88,81,82,79,78,73,72,90,89,89,82,85,95,82,84,85,82,94,99,97,90,86,88,90,88,94,87,85,90,98
Ambagan(Ctg),2002,8,96,91,83,88,84,85,89,95,83,83,83,86,90,89,84,83,83,76,75,76,80,79,77,84,90,86,88,79,87,78,78
Ambagan(Ctg),2002,9,82,82,82,82,85,84,84,83,83,83,90,85,83,80,87,94,91,93,93,83,80,92,89,83,87,84,85,85,73,86,
Ambagan(Ctg),2002,10,84,88,87,84,79,81,80,76,83,95,82,85,87,92,84,82,84,86,87,87,82,81,80,81,80,79,96,96,95,94,85
Ambagan(Ctg),2002,11,84,84,87,84,78,80,86,88,92,93,99,98,89,82,80,81,79,77,81,86,80,83,83,81,81,83,79,73,66,72,
Ambagan(Ctg),2002,12,73,73,78,82,81,82,84,79,77,69,68,72,77,81,77,76,74,77,77,82,83,81,80,81,78,79,77,78,77,70,67
Ambagan(Ctg),2003,1,72,73,69,71,77,78,79,83,78,73,75,72,71,74,73,73,76,86,86,80,71,71,85,84,60,66,57,64,71,84,69
Ambagan(Ctg),2003,2,66,59,59,59,59,58,58,57,54,53,55,55,62,63,54,61,69,74,69,62,62,63,71,69,59,59,62,54,,,
Ambagan(Ctg),2003,3,61,62,59,69,59,52,51,54,59,67,80,78,74,62,46,46,47,38,49,64,59,61,63,73,75,72,81,78,77,74,78
Ambagan(Ctg),2003,4,75,90,90,71,78,71,71,78,79,79,84,62,66,68,78,81,76,77,75,76,81,84,80,79,81,81,82,77,74,78,
Ambagan(Ctg),2003,5,77,70,68,82,87,94,76,90,78,82,83,80,93,81,78,74,79,83,87,80,79,85,81,81,83,91,92,92,76,78,81
Ambagan(Ctg),2003,6,79,77,82,77,81,77,90,85,80,85,86,91,96,91,82,80,79,79,83,86,83,89,84,83,86,83,80,82,89,92,
Ambagan(Ctg),2003,7,97,90,91,98,95,92,90,90,92,97,88,86,89,86,86,86,77,80,94,98,100,97,99,88,89,86,86,84,96,85,82
Ambagan(Ctg),2003,8,80,89,94,86,85,85,87,89,93,90,88,87,86,89,89,98,94,85,90,83,86,89,86,83,86,95,83,87,84,82,79
Ambagan(Ctg),2003,9,79,81,86,83,82,88,88,89,84,78,83,78,77,83,80,86,88,77,82,81,88,87,85,78,77,81,83,84,80,79,
Ambagan(Ctg),2003,10,84,85,80,79,79,81,80,78,90,80,78,79,83,96,97,90,84,85,84,94,83,77,73,73,76,74,76,78,78,79,80
Ambagan(Ctg),2003,11,86,84,79,81,80,79,81,84,78,77,94,99,97,84,78,77,75,75,77,76,75,74,74,77,74,90,83,81,92,98,
Ambagan(Ctg),2003,12,83,83,78,74,72,79,88,81,74,74,74,74,73,75,76,80,79,80,83,77,85,72,68,72,75,73,71,73,68,72,72
Ambagan(Ctg),2004,1,70,68,73,75,68,81,82,93,90,87,90,86,90,93,87,87,77,70,69,68,63,66,63,63,63,62,62,64,68,78,77
Ambagan(Ctg),2004,2,64,65,64,65,69,71,71,69,72,66,72,70,72,81,66,59,62,60,59,59,62,58,56,65,72,80,81,77,,,
Ambagan(Ctg),2004,3,70,63,72,83,66,63,52,63,54,57,73,75,75,75,83,78,88,88,78,73,70,76,75,75,83,84,74,72,75,73,85
Ambagan(Ctg),2004,4,83,80,80,79,73,69,70,76,76,81,79,77,75,77,77,77,76,81,79,79,74,74,72,77,78,78,79,86,74,74,
Ambagan(Ctg),2004,5,72,80,85,82,83,80,80,76,72,70,77,74,77,83,89,93,79,79,82,83,85,76,83,84,81,81,83,81,80,82,77
Ambagan(Ctg),2004,6,79,78,82,96,95,83,89,84,85,97,88,82,90,83,88,94,88,80,82,97,98,97,88,83,94,98,92,94,98,95,
Ambagan(Ctg),2004,7,86,83,87,81,81,82,85,84,80,84,93,90,82,83,78,81,81,82,83,86,91,88,83,90,79,78,82,88,96,94,86
Ambagan(Ctg),2004,8,89,86,82,83,82,83,80,80,91,92,95,92,83,82,85,83,83,85,85,80,86,81,76,82,81,79,78,83,86,85,89
Ambagan(Ctg),2004,9,91,95,86,82,78,83,86,90,84,84,91,84,80,80,81,81,80,81,80,86,81,86,89,87,82,81,86,87,85,81,
Ambagan(Ctg),2004,10,84,89,81,79,80,86,90,96,94,93,90,88,84,82,87,82,80,84,81,79,81,85,85,85,86,84,81,84,79,80,80
Ambagan(Ctg),2004,11,77,81,79,77,78,81,81,79,80,77,74,76,78,73,71,73,72,71,75,72,68,64,77,77,75,72,69,71,73,73,
Ambagan(Ctg),2004,12,73,74,75,72,75,76,72,73,77,71,73,77,81,79,75,76,88,88,80,88,86,84,73,71,68,73,75,78,80,85,86
Ambagan(Ctg),2005,1,90,93,88,86,84,84,84,78,80,88,81,78,82,73,80,91,89,90,84,84,76,70,75,71,70,78,69,61,57,67,60
Ambagan(Ctg),2005,2,62,60,60,59,61,65,54,53,57,67,65,58,51,54,60,71,65,60,65,71,78,71,77,71,73,79,83,83,83,,
Ambagan(Ctg),2005,3,83,78,73,64,71,74,75,65,67,88,73,61,59,59,69,75,85,84,82,81,81,82,78,79,82,83,83,80,80,84,83
Ambagan(Ctg),2005,4,80,77,79,83,81,83,84,76,74,84,76,77,75,76,79,80,80,81,83,78,82,84,87,85,80,73,72,74,74,71,
Ambagan(Ctg),2005,5,77,76,78,59,70,75,76,75,76,74,78,84,80,80,90,78,87,75,88,82,87,80,90,80,79,81,81,81,82,78,81
Ambagan(Ctg),2005,6,76,80,93,80,82,79,84,77,78,80,87,81,75,79,82,83,85,90,96,97,93,91,89,87,89,92,86,84,83,83,
Ambagan(Ctg),2005,7,87,90,84,86,88,93,96,98,96,96,97,86,85,89,85,84,92,87,95,96,86,88,76,80,83,80,79,80,80,79,80
Ambagan(Ctg),2005,8,80,82,77,86,89,91,86,82,85,80,79,94,94,88,86,83,84,83,80,79,78,78,82,82,87,93,82,84,88,91,89
Ambagan(Ctg),2005,9,87,87,89,84,86,85,82,86,88,87,97,97,96,95,85,89,84,82,84,88,83,90,87,86,86,82,88,83,84,82,
Ambagan(Ctg),2005,10,89,78,78,87,97,93,93,93,84,82,82,82,82,92,94,87,84,84,78,82,77,76,77,79,76,78,78,80,77,75,83
Ambagan(Ctg),2005,11,76,78,76,78,76,73,73,76,78,79,63,73,71,70,79,79,77,75,83,80,81,80,78,79,82,83,77,78,74,74,
Ambagan(Ctg),2005,12,76,73,75,77,68,75,76,77,79,80,77,77,78,80,76,77,77,77,72,77,79,85,81,71,73,67,55,68,71,76,75
Ambagan(Ctg),2006,1,75,77,73,77,67,73,74,70,70,69,83,76,70,78,74,75,66,63,79,63,61,67,70,69,75,67,63,57,63,60,55
Ambagan(Ctg),2006,2,63,66,63,63,67,61,59,54,58,57,65,63,72,56,75,77,80,77,77,83,80,63,63,61,60,66,64,61,,,
Ambagan(Ctg),2006,3,70,77,78,81,80,81,78,79,78,79,76,61,63,65,68,73,77,77,75,72,79,76,85,86,84,75,81,81,79,78,78
Ambagan(Ctg),2006,4,73,56,51,66,77,74,72,73,78,89,91,83,79,81,79,78,75,80,74,74,73,80,77,77,81,77,85,79,73,65,
Ambagan(Ctg),2006,5,72,69,71,77,83,74,74,78,80,82,78,72,78,72,75,78,80,75,77,70,79,83,79,88,79,80,78,78,76,76,76
Ambagan(Ctg),2006,6,75,77,79,76,78,74,76,77,77,78,83,80,80,83,82,86,81,79,77,79,79,82,92,94,92,87,95,94,97,98,
Ambagan(Ctg),2006,7,96,98,96,93,92,83,79,75,85,80,87,81,85,96,96,85,82,87,88,89,88,86,87,77,78,85,87,82,83,87,85
Ambagan(Ctg),2006,8,86,87,90,93,95,94,97,97,91,91,95,91,89,96,89,84,84,83,86,94,91,93,92,98,91,89,88,89,85,88,87
Ambagan(Ctg),2006,9,88,91,87,88,81,79,76,78,84,88,84,78,87,84,84,85,84,78,87,97,87,87,88,99,92,87,92,87,94,93,
Ambagan(Ctg),2006,10,95,83,84,87,88,85,83,86,84,84,87,84,83,84,90,85,87,85,86,90,93,91,90,89,85,82,83,86,83,82,88
Ambagan(Ctg),2006,11,90,79,81,82,75,76,82,89,91,87,83,77,77,79,82,79,82,85,81,81,82,83,84,86,83,85,81,80,80,81,
Ambagan(Ctg),2006,12,80,85,82,82,80,82,83,80,77,79,72,74,68,74,80,78,78,83,82,79,88,89,96,80,73,81,79,83,75,69,75
Ambagan(Ctg),2007,1,77,81,81,78,76,82,81,88,93,82,84,78,73,68,72,76,84,83,89,83,62,65,60,59,66,71,75,75,72,73,77
Ambagan(Ctg),2007,2,72,74,78,78,64,72,74,72,76,68,59,68,71,76,84,80,84,84,88,80,85,86,88,86,82,84,82,84,,,
Ambagan(Ctg),2007,3,86,79,67,59,77,79,84,64,57,59,65,66,64,57,66,75,63,50,47,54,68,80,82,76,75,70,81,63,41,40,69
Ambagan(Ctg),2007,4,76,74,76,72,73,76,78,78,75,72,74,75,76,78,80,78,81,82,75,60,62,67,74,76,80,81,75,81,69,75,
Ambagan(Ctg),2007,5,77,74,75,73,74,78,83,74,78,79,83,89,84,84,85,81,80,81,83,79,79,79,83,82,92,98,98,98,99,97,89
Ambagan(Ctg),2007,6,89,88,88,90,91,97,93,93,94,96,92,93,91,88,88,88,88,87,90,87,88,87,84,84,90,88,90,86,83,79,
Ambagan(Ctg),2007,7,80,80,93,98,88,93,96,98,99,97,97,92,86,83,82,78,77,84,90,80,83,84,83,85,81,93,91,82,86,82,84
Ambagan(Ctg),2007,8,77,73,76,84,82,82,87,85,83,85,74,76,79,82,74,75,78,82,85,86,83,90,83,89,85,82,84,79,81,79,80
Ambagan(Ctg),2007,9,84,87,77,78,79,81,83,82,81,87,88,82,84,79,83,77,82,85,82,96,94,97,90,82,84,84,85,93,89,85,
Ambagan(Ctg),2007,10,81,82,83,89,88,86,82,83,83,84,85,85,93,87,80,83,85,86,92,91,80,79,77,75,82,82,81,88,80,80,82
Ambagan(Ctg),2007,11,81,76,75,74,73,78,78,88,93,82,83,82,80,82,81,82,76,76,78,79,81,77,72,79,78,81,73,69,67,67,
Ambagan(Ctg),2007,12,72,69,70,71,73,74,76,76,77,77,77,78,78,67,73,75,75,81,76,76,80,83,76,72,71,74,75,79,76,84,90
Ambagan(Ctg),2008,1,79,73,67,72,80,84,90,83,80,80,78,73,68,67,63,51,67,49,71,76,69,67,53,70,72,75,79,75,80,88,89
Ambagan(Ctg),2008,2,88,86,86,87,94,93,79,79,74,68,71,78,77,97,77,66,68,62,54,55,63,70,72,73,69,64,60,57,,,
Ambagan(Ctg),2008,3,65,67,65,63,53,57,50,49,45,51,64,56,54,55,62,55,52,61,69,75,82,85,83,85,85,77,74,50,64,74,78
Ambagan(Ctg),2008,4,82,80,82,80,79,76,75,79,82,77,87,89,71,76,83,85,84,84,81,77,85,84,83,82,84,80,79,79,78,70,
Ambagan(Ctg),2008,5,66,72,69,74,80,78,80,78,80,82,82,79,77,96,90,86,83,84,92,96,88,85,88,87,85,84,84,85,86,85,83
Ambagan(Ctg),2008,6,84,83,82,89,93,89,84,90,92,93,99,98,89,89,99,98,91,88,84,85,79,79,79,77,78,79,79,82,93,94,
Ambagan(Ctg),2008,7,89,91,93,95,98,94,83,90,88,87,82,83,84,79,85,96,98,95,99,97,97,91,91,91,93,91,93,85,87,82,81
Ambagan(Ctg),2008,8,85,85,81,82,80,78,85,82,81,80,82,95,92,90,96,97,85,79,82,81,80,84,86,89,94,94,88,83,86,84,80
Ambagan(Ctg),2008,9,82,85,84,85,89,97,94,95,95,98,91,87,84,84,82,82,89,84,86,83,84,85,92,88,87,84,82,84,82,91,
Ambagan(Ctg),2008,10,84,78,79,82,90,91,94,94,89,87,88,85,86,87,98,98,96,89,88,84,80,82,79,81,80,79,79,80,76,76,80
Ambagan(Ctg),2008,11,76,82,92,83,85,81,83,84,85,93,85,80,79,94,94,92,86,89,86,81,80,81,83,80,76,75,80,84,82,82,
Ambagan(Ctg),2008,12,82,82,86,83,81,74,72,74,69,73,71,72,72,69,75,65,74,74,72,77,74,74,77,80,79,79,81,83,84,82,80
Ambagan(Ctg),2009,1,78,79,82,73,67,69,76,74,77,77,80,70,69,64,67,68,80,79,81,78,81,77,71,75,79,96,93,77,67,65,88
Ambagan(Ctg),2009,2,76,64,68,65,62,66,72,76,79,96,71,60,56,50,67,68,76,80,81,70,63,67,67,68,79,77,62,52,63,,
Ambagan(Ctg),2009,3,78,84,85,76,69,76,80,80,81,78,86,75,82,86,86,67,78,83,79,76,84,80,84,81,69,76,80,80,81,77,78
Ambagan(Ctg),2009,4,72,72,78,74,62,58,58,52,54,66,73,74,82,79,78,79,79,79,84,84,83,81,86,77,79,81,79,76,77,76,
Ambagan(Ctg),2009,5,77,76,79,72,79,77,76,76,79,76,74,71,75,78,78,85,88,81,74,76,79,81,80,76,85,82,82,81,80,83,77
Ambagan(Ctg),2009,6,75,80,84,85,91,79,76,78,82,80,81,81,81,78,74,91,97,94,93,82,90,83,81,78,78,87,82,85,95,97,
Ambagan(Ctg),2009,7,98,98,99,95,95,95,90,83,80,81,86,84,98,97,93,93,88,87,87,83,84,81,82,84,83,85,82,79,78,78,82
Ambagan(Ctg),2009,8,80,80,79,82,83,82,82,85,83,85,97,88,91,84,87,88,96,97,91,83,81,81,80,80,87,80,92,96,96,91,87
Ambagan(Ctg),2009,9,85,84,87,92,95,83,82,84,78,85,84,83,86,85,81,77,80,79,82,91,88,88,86,84,82,84,93,91,84,86,
Ambagan(Ctg),2009,10,83,91,84,84,85,87,89,84,84,87,84,83,84,87,82,81,75,80,76,83,85,84,86,90,95,91,92,84,84,82,79
Ambagan(Ctg),2009,11,80,83,75,90,96,83,82,79,80,80,78,77,79,83,83,79,72,71,74,79,81,80,73,79,79,82,80,82,82,81,
Ambagan(Ctg),2009,12,81,83,83,83,85,80,84,82,85,86,88,84,81,78,83,91,92,88,91,91,92,91,84,82,92,83,83,83,81,75,75
Ambagan(Ctg),2010,1,67,66,69,73,75,74,74,69,69,67,65,64,71,80,81,76,74,75,77,78,67,71,80,88,87,86,86,78,55,63,66
Ambagan(Ctg),2010,2,60,53,53,59,62,64,65,55,49,54,63,70,68,61,53,48,51,55,60,48,56,72,76,77,78,81,81,81,,,
Ambagan(Ctg),2010,3,60,52,72,81,80,78,78,76,68,55,61,69,42,55,71,69,61,62,71,80,83,74,71,63,72,79,77,79,80,81,84
Ambagan(Ctg),2010,4,77,81,81,80,76,77,80,83,75,78,81,81,79,80,76,82,91,83,80,78,80,79,82,80,77,74,78,76,74,72,
Ambagan(Ctg),2010,5,76,74,81,71,78,77,78,77,76,69,64,72,68,79,64,79,77,87,80,74,73,73,77,77,92,87,85,80,79,81,88
Ambagan(Ctg),2010,6,84,88,86,84,82,86,83,87,81,79,79,81,80,80,80,81,78,79,79,78,76,77,76,78,73,75,83,91,92,92,
Ambagan(Ctg),2010,7,96,93,87,80,82,90,94,89,94,89,90,82,78,77,84,92,80,81,72,76,80,85,81,82,80,85,96,96,97,96,95
Ambagan(Ctg),2010,8,88,87,81,82,86,88,88,84,83,82,82,88,92,86,92,82,82,85,94,97,97,93,90,84,76,88,87,82,82,94,83
Ambagan(Ctg),2010,9,83,79,75,77,83,81,83,89,87,85,82,83,84,89,91,90,84,82,83,92,90,85,84,84,84,84,87,85,81,79,
Ambagan(Ctg),2010,10,84,84,89,88,74,83,82,86,97,87,89,80,79,82,89,90,86,83,85,74,75,79,77,76,74,73,77,76,79,76,78
Ambagan(Ctg),2010,11,79,78,79,81,82,79,75,71,65,68,73,71,71,76,85,86,83,89,95,72,70,70,75,76,76,76,74,70,73,75,
Ambagan(Ctg),2010,12,77,78,77,78,78,76,81,78,75,84,88,88,86,80,77,64,74,67,68,60,63,70,73,70,63,68,69,76,70,78,72
Ambagan(Ctg),2011,1,72,84,78,88,77,78,78,66,60,61,68,67,72,69,65,74,88,90,84,82,81,71,67,62,69,67,57,51,56,58,53
Ambagan(Ctg),2011,2,49,49,48,47,40,49,61,66,71,64,54,46,61,61,70,60,73,60,41,58,55,48,62,81,82,79,66,75,,,
Ambagan(Ctg),2011,3,75,80,81,77,77,80,82,77,42,39,46,54,73,79,74,57,56,58,54,50,60,75,77,76,77,76,75,74,76,86,87
Ambagan(Ctg),2011,4,82,85,79,79,78,78,80,83,81,77,74,73,74,73,77,70,74,72,75,76,73,74,74,73,80,75,73,76,76,79,
Ambagan(Ctg),2011,5,75,73,72,79,71,71,71,72,75,76,77,75,72,73,70,73,74,71,73,79,92,93,94,96,78,86,78,82,86,82,87
Ambagan(Ctg),2011,6,80,84,86,89,82,83,82,80,78,82,79,83,91,97,95,90,85,91,93,87,85,90,81,83,94,90,82,85,91,85,
Ambagan(Ctg),2011,7,78,81,80,77,79,78,78,82,87,86,93,96,89,83,80,81,81,80,83,81,85,81,82,76,81,81,77,82,87,90,90
Ambagan(Ctg),2011,8,82,79,80,81,79,79,78,80,82,88,86,82,87,94,88,83,86,89,89,82,84,84,82,87,81,88,91,85,83,85,81
Ambagan(Ctg),2011,9,79,77,83,80,81,78,79,82,81,83,85,81,86,83,88,83,83,82,84,85,87,86,82,86,90,88,83,85,81,75,
Ambagan(Ctg),2011,10,79,80,76,81,82,96,96,95,88,87,81,84,81,91,78,79,80,83,82,81,83,84,85,91,84,83,84,78,77,79,80
Ambagan(Ctg),2011,11,86,80,80,77,82,83,74,77,79,75,80,80,79,78,76,76,82,80,81,82,87,74,72,83,76,79,81,79,78,72,
Ambagan(Ctg),2011,12,69,77,82,77,80,75,78,72,91,91,75,71,68,70,66,76,75,72,69,62,74,77,76,71,67,75,75,78,76,77,80
Ambagan(Ctg),2012,1,83,80,73,84,78,72,73,75,74,62,76,82,79,78,68,65,57,68,64,61,61,65,71,66,58,47,55,47,49,54,65
Ambagan(Ctg),2012,2,67,59,69,69,67,65,75,81,84,59,52,59,69,85,84,90,78,84,66,64,66,54,50,58,65,52,48,45,,,
Ambagan(Ctg),2012,3,46,51,51,51,64,63,54,64,61,60,76,72,73,75,58,71,72,74,75,76,77,79,82,78,82,73,78,74,85,81,81
Ambagan(Ctg),2012,4,80,82,82,77,66,58,62,74,79,82,81,78,83,81,80,78,76,79,74,78,78,74,71,87,72,76,84,79,81,77,
Ambagan(Ctg),2012,5,75,77,77,76,76,82,78,77,79,78,79,69,78,77,78,79,77,84,82,77,80,87,82,82,85,79,78,84,79,89,88
Ambagan(Ctg),2012,6,78,80,79,77,78,76,82,87,96,85,82,77,85,86,77,89,92,92,82,84,83,84,84,91,89,94,92,95,94,97,
Ambagan(Ctg),2012,7,96,94,86,85,79,78,81,81,80,83,85,82,79,84,82,86,84,90,96,90,97,88,90,85,82,83,81,83,80,79,82
Ambagan(Ctg),2012,8,88,92,87,96,97,94,94,95,98,94,86,81,88,83,85,87,95,87,84,84,88,88,87,89,82,86,86,80,86,84,81
Ambagan(Ctg),2012,9,81,91,80,79,80,85,98,97,90,84,85,86,88,91,94,97,95,84,83,90,84,79,83,82,80,82,83,84,87,87,
Ambagan(Ctg),2012,10,87,87,86,88,84,85,85,84,85,85,82,79,78,78,84,84,87,86,90,82,83,86,88,81,78,77,75,74,80,78,79
Ambagan(Ctg),2012,11,81,72,79,82,79,80,84,80,81,84,82,81,77,79,74,79,79,75,78,77,77,73,71,70,67,72,74,82,82,75,
Ambagan(Ctg),2012,12,79,79,86,83,83,83,79,78,80,77,71,66,67,74,78,84,89,93,93,94,91,94,97,93,89,76,77,92,89,61,61
Ambagan(Ctg),2013,1,64,79,81,80,78,79,83,86,84,82,84,83,75,76,72,71,78,83,88,90,87,72,72,68,69,66,66,60,54,52,61
Ambagan(Ctg),2013,2,61,52,59,65,65,65,66,68,72,69,52,53,48,49,57,59,61,61,53,60,68,81,85,78,67,72,75,71,86,,
Ambagan(Ctg),2013,3,91,89,90,88,88,88,90,86,87,73,45,41,46,65,63,59,62,73,80,80,86,83,84,79,84,80,84,83,81,83,83
Ambagan(Ctg),2013,4,70,83,85,84,83,84,84,85,81,86,80,85,90,77,84,81,82,85,82,82,83,83,86,81,77,77,84,84,85,84,
Ambagan(Ctg),2013,5,88,81,71,76,71,73,72,81,80,79,76,78,85,83,79,87,81,81,78,77,80,81,80,81,82,79,80,83,82,83,84
Ambagan(Ctg),2013,6,95,84,85,84,81,82,80,81,83,83,80,78,85,88,93,99,86,81,85,88,88,93,96,99,94,99,92,88,86,87,
Ambagan(Ctg),2013,7,78,76,89,86,87,85,82,86,80,86,87,95,93,95,90,88,96,98,90,79,82,91,94,91,83,89,95,96,94,93,95
Ambagan(Ctg),2013,8,88,84,83,82,86,90,90,89,81,84,88,98,91,86,86,82,78,78,85,94,84,87,85,83,85,84,79,85,84,81,81
Ambagan(Ctg),2013,9,81,81,81,87,84,86,81,83,80,80,87,90,88,82,77,79,79,79,79,80,79,79,84,90,87,80,82,83,79,90,
Ambagan(Ctg),2013,10,81,88,94,93,98,82,85,83,83,90,93,88,86,86,87,85,84,83,87,85,83,81,81,79,76,76,78,78,82,84,82
Ambagan(Ctg),2013,11,85,83,85,86,80,80,88,84,70,70,80,80,77,74,74,83,81,77,76,84,79,64,68,74,70,68,65,69,79,82,
Ambagan(Ctg),2013,12,77,72,79,78,77,77,79,82,83,82,80,83,83,78,72,71,75,81,89,80,74,77,86,85,92,77,86,91,91,77,72
Ambagan(Ctg),2014,1,74,75,82,73,68,64,63,68,73,76,73,84,77,78,71,65,64,64,70,69,63,60,63,64,55,58,63,67,74,70,72
