Date,District,Latitude,Longitude,Avg_Temperature_C,Rainfall_mm,Max_Wind_Speed_kmh,PM10,PM2.5,AQI_Level
2023-01-01,Brahmanbaria,23.9608181,91.1115014,16.7,0.0,8.6,130.78,90.8,178.04
2023-01-02,Brahmanbaria,23.9608181,91.1115014,17.3,0.0,8.2,107.88,74.54,162.58
2023-01-03,Brahmanbaria,23.9608181,91.1115014,17.0,0.0,9.5,94.41,65.35,159.33
2023-01-04,Brahmanbaria,23.9608181,91.1115014,17.0,0.0,10.2,91.3,63.5,155.12
2023-01-05,Brahmanbaria,23.9608181,91.1115014,17.0,0.0,11.1,68.39,47.6,145.71
2023-01-06,Brahmanbaria,23.9608181,91.1115014,16.5,0.0,9.4,66.13,46.06,123.42
2023-01-07,Brahmanbaria,23.9608181,91.1115014,16.5,0.0,9.6,73.42,51.27,133.38
2023-01-08,Brahmanbaria,23.9608181,91.1115014,18.0,0.0,8.8,74.82,52.27,144.92
2023-01-09,Brahmanbaria,23.9608181,91.1115014,18.7,0.0,9.4,67.67,47.28,132.38
2023-01-10,Brahmanbaria,23.9608181,91.1115014,18.5,0.0,10.0,79.07,55.23,137.58
2023-01-11,Brahmanbaria,23.9608181,91.1115014,17.6,0.0,10.0,96.94,67.63,152.12
2023-01-12,Brahmanbaria,23.9608181,91.1115014,16.2,0.0,8.9,140.69,97.88,162.83
2023-01-13,Brahmanbaria,23.9608181,91.1115014,16.3,0.0,9.3,176.86,122.7,182.46
2023-01-14,Brahmanbaria,23.9608181,91.1115014,18.3,0.1,7.4,146.76,100.99,177.83
2023-01-15,Brahmanbaria,23.9608181,91.1115014,19.3,0.0,12.8,146.81,101.42,177.38
2023-01-16,Brahmanbaria,23.9608181,91.1115014,17.5,0.0,9.7,124.78,86.07,166.33
2023-01-17,Brahmanbaria,23.9608181,91.1115014,17.5,0.0,9.9,136.88,94.88,168.21
2023-01-18,Brahmanbaria,23.9608181,91.1115014,16.3,0.0,8.8,147.31,102.28,172.88
2023-01-19,Brahmanbaria,23.9608181,91.1115014,15.7,0.0,10.0,148.78,102.89,175.12
2023-01-20,Brahmanbaria,23.9608181,91.1115014,16.4,0.0,10.1,169.46,117.35,179.08
2023-01-21,Brahmanbaria,23.9608181,91.1115014,17.1,0.0,10.0,178.22,123.85,184.62
2023-01-22,Brahmanbaria,23.9608181,91.1115014,18.0,0.0,8.6,160.01,111.23,181.83
2023-01-23,Brahmanbaria,23.9608181,91.1115014,18.8,0.0,8.1,178.44,124.13,181.58
2023-01-24,Brahmanbaria,23.9608181,91.1115014,19.7,0.0,8.7,151.33,105.34,182.54
2023-01-25,Brahmanbaria,23.9608181,91.1115014,19.8,0.0,8.8,169.25,118.12,178.04
2023-01-26,Brahmanbaria,23.9608181,91.1115014,20.2,0.0,8.5,210.12,146.78,190.92
2023-01-27,Brahmanbaria,23.9608181,91.1115014,20.3,0.0,8.2,215.62,150.44,209.25
2023-01-28,Brahmanbaria,23.9608181,91.1115014,20.2,0.0,9.2,134.73,93.75,181.79
2023-01-29,Brahmanbaria,23.9608181,91.1115014,19.4,0.0,9.0,119.01,82.78,166.58
2023-01-30,Brahmanbaria,23.9608181,91.1115014,19.2,0.0,8.8,122.86,85.29,165.46
2023-01-31,Brahmanbaria,23.9608181,91.1115014,20.1,0.0,9.0,145.35,100.86,169.29
2023-02-01,Brahmanbaria,23.9608181,91.1115014,19.7,0.0,10.0,143.84,100.36,175.08
2023-02-02,Brahmanbaria,23.9608181,91.1115014,18.8,0.0,9.7,69.49,48.15,158.21
2023-02-03,Brahmanbaria,23.9608181,91.1115014,18.1,0.0,10.2,85.92,59.84,134.5
2023-02-04,Brahmanbaria,23.9608181,91.1115014,18.9,0.0,10.5,115.29,80.5,158.38
2023-02-05,Brahmanbaria,23.9608181,91.1115014,19.0,0.0,9.3,147.57,102.73,169.38
2023-02-06,Brahmanbaria,23.9608181,91.1115014,18.5,0.0,9.7,150.96,104.72,179.71
2023-02-07,Brahmanbaria,23.9608181,91.1115014,19.3,0.1,19.4,97.37,66.72,163.42
2023-02-08,Brahmanbaria,23.9608181,91.1115014,21.5,0.0,11.1,71.51,47.4,143.0
2023-02-09,Brahmanbaria,23.9608181,91.1115014,21.0,0.7,8.4,88.85,60.08,139.54
2023-02-10,Brahmanbaria,23.9608181,91.1115014,21.0,0.0,11.9,93.03,63.92,155.79
2023-02-11,Brahmanbaria,23.9608181,91.1115014,21.3,0.0,8.4,121.56,84.23,157.38
2023-02-12,Brahmanbaria,23.9608181,91.1115014,22.0,0.0,11.5,96.29,66.24,162.88
2023-02-13,Brahmanbaria,23.9608181,91.1115014,20.7,0.0,12.1,62.65,42.52,140.88
2023-02-14,Brahmanbaria,23.9608181,91.1115014,17.8,0.0,10.5,71.71,49.4,120.25
2023-02-15,Brahmanbaria,23.9608181,91.1115014,18.8,0.0,10.3,105.74,73.72,151.42
2023-02-16,Brahmanbaria,23.9608181,91.1115014,19.7,0.0,11.2,119.68,83.4,162.75
2023-02-17,Brahmanbaria,23.9608181,91.1115014,20.0,0.0,9.5,132.87,92.42,168.29
2023-02-18,Brahmanbaria,23.9608181,91.1115014,21.8,0.0,10.7,124.65,85.92,166.42
2023-02-19,Brahmanbaria,23.9608181,91.1115014,22.9,0.2,8.8,141.25,96.86,169.54
2023-02-20,Brahmanbaria,23.9608181,91.1115014,22.8,0.0,8.7,158.02,108.83,173.17
2023-02-21,Brahmanbaria,23.9608181,91.1115014,23.5,0.0,12.6,126.99,87.5,176.12
2023-02-22,Brahmanbaria,23.9608181,91.1115014,25.2,0.0,19.7,64.1,42.7,146.12
2023-02-23,Brahmanbaria,23.9608181,91.1115014,25.1,0.3,18.1,60.41,39.64,113.12
2023-02-24,Brahmanbaria,23.9608181,91.1115014,24.7,0.0,13.2,71.26,47.44,116.46
2023-02-25,Brahmanbaria,23.9608181,91.1115014,24.2,0.0,10.4,75.4,51.58,143.08
2023-02-26,Brahmanbaria,23.9608181,91.1115014,22.7,0.0,9.7,69.83,48.38,128.67
2023-02-27,Brahmanbaria,23.9608181,91.1115014,23.0,0.0,12.6,91.07,63.28,146.04
2023-02-28,Brahmanbaria,23.9608181,91.1115014,23.4,0.0,12.0,100.01,69.56,157.75
2023-03-01,Brahmanbaria,23.9608181,91.1115014,23.5,0.0,9.5,88.49,60.77,153.46
2023-03-02,Brahmanbaria,23.9608181,91.1115014,23.4,0.0,10.4,105.07,72.54,156.54
2023-03-03,Brahmanbaria,23.9608181,91.1115014,23.9,0.0,9.7,103.41,71.36,159.79
2023-03-04,Brahmanbaria,23.9608181,91.1115014,24.3,0.0,11.1,91.17,62.63,154.58
2023-03-05,Brahmanbaria,23.9608181,91.1115014,24.4,0.0,10.3,100.9,69.65,154.42
2023-03-06,Brahmanbaria,23.9608181,91.1115014,24.6,0.0,11.2,117.98,81.4,165.33
2023-03-07,Brahmanbaria,23.9608181,91.1115014,24.8,0.0,9.5,93.35,64.85,157.46
2023-03-08,Brahmanbaria,23.9608181,91.1115014,23.8,0.0,10.2,54.63,38.03,133.88
2023-03-09,Brahmanbaria,23.9608181,91.1115014,24.5,0.0,13.2,77.06,53.58,120.83
2023-03-10,Brahmanbaria,23.9608181,91.1115014,25.0,0.0,10.4,82.97,57.77,149.04
2023-03-11,Brahmanbaria,23.9608181,91.1115014,25.2,0.0,11.7,94.2,65.65,156.08
2023-03-12,Brahmanbaria,23.9608181,91.1115014,25.4,0.0,11.1,71.92,50.1,141.62
2023-03-13,Brahmanbaria,23.9608181,91.1115014,25.5,0.0,11.8,87.63,60.95,147.42
2023-03-14,Brahmanbaria,23.9608181,91.1115014,25.0,0.0,11.4,98.41,68.6,155.21
2023-03-15,Brahmanbaria,23.9608181,91.1115014,23.7,14.4,25.7,106.28,73.88,156.38
2023-03-16,Brahmanbaria,23.9608181,91.1115014,22.7,0.4,14.1,126.64,87.51,165.92
2023-03-17,Brahmanbaria,23.9608181,91.1115014,23.9,0.0,17.3,105.45,72.71,161.5
2023-03-18,Brahmanbaria,23.9608181,91.1115014,24.3,0.0,10.2,107.57,74.35,159.92
2023-03-19,Brahmanbaria,23.9608181,91.1115014,22.0,27.2,11.2,101.4,70.35,160.96
2023-03-20,Brahmanbaria,23.9608181,91.1115014,21.2,21.7,12.4,42.44,29.31,129.17
2023-03-21,Brahmanbaria,23.9608181,91.1115014,21.1,10.0,17.2,38.46,26.21,70.58
2023-03-22,Brahmanbaria,23.9608181,91.1115014,22.1,7.7,13.0,64.46,44.44,103.04
2023-03-23,Brahmanbaria,23.9608181,91.1115014,22.5,5.3,11.8,67.65,46.81,132.12
2023-03-24,Brahmanbaria,23.9608181,91.1115014,23.7,0.0,9.2,73.11,50.35,123.33
2023-03-25,Brahmanbaria,23.9608181,91.1115014,24.1,2.8,12.0,81.7,56.45,145.88
2023-03-26,Brahmanbaria,23.9608181,91.1115014,25.6,0.5,24.5,77.05,52.79,150.5
2023-03-27,Brahmanbaria,23.9608181,91.1115014,25.1,8.3,16.4,83.95,57.08,144.62
2023-03-28,Brahmanbaria,23.9608181,91.1115014,24.3,5.2,10.5,83.12,56.91,147.38
2023-03-29,Brahmanbaria,23.9608181,91.1115014,24.5,0.4,13.1,83.37,57.06,152.12
2023-03-30,Brahmanbaria,23.9608181,91.1115014,23.4,29.4,21.0,84.75,57.92,151.0
2023-03-31,Brahmanbaria,23.9608181,91.1115014,24.0,20.0,13.5,61.9,41.76,134.46
2023-04-01,Brahmanbaria,23.9608181,91.1115014,22.3,28.3,19.2,53.5,36.88,106.42
2023-04-02,Brahmanbaria,23.9608181,91.1115014,23.4,3.1,13.3,48.43,33.53,100.33
2023-04-03,Brahmanbaria,23.9608181,91.1115014,23.6,3.8,14.5,43.5,29.85,92.83
2023-04-04,Brahmanbaria,23.9608181,91.1115014,25.9,0.1,18.8,44.66,29.62,86.96
2023-04-05,Brahmanbaria,23.9608181,91.1115014,25.9,7.8,16.3,42.59,28.44,83.21
2023-04-06,Brahmanbaria,23.9608181,91.1115014,26.4,0.2,11.2,65.86,44.68,103.21
2023-04-07,Brahmanbaria,23.9608181,91.1115014,25.9,0.0,8.2,78.61,54.08,138.88
2023-04-08,Brahmanbaria,23.9608181,91.1115014,26.6,0.0,8.9,74.77,51.8,143.29
2023-04-09,Brahmanbaria,23.9608181,91.1115014,27.4,0.0,10.0,112.78,78.54,158.54
2023-04-10,Brahmanbaria,23.9608181,91.1115014,27.7,0.0,10.1,130.81,91.13,175.17
2023-04-11,Brahmanbaria,23.9608181,91.1115014,28.1,0.0,12.1,101.45,70.61,164.12
2023-04-12,Brahmanbaria,23.9608181,91.1115014,28.0,0.0,12.0,196.98,137.62,186.21
2023-04-13,Brahmanbaria,23.9608181,91.1115014,28.8,0.0,12.3,104.41,72.8,176.79
2023-04-14,Brahmanbaria,23.9608181,91.1115014,30.0,0.0,12.3,90.59,62.84,156.75
2023-04-15,Brahmanbaria,23.9608181,91.1115014,29.9,0.0,8.8,108.53,75.38,159.29
2023-04-16,Brahmanbaria,23.9608181,91.1115014,31.2,0.0,14.7,109.62,76.3,166.04
2023-04-17,Brahmanbaria,23.9608181,91.1115014,29.5,6.3,21.1,77.5,53.05,155.0
2023-04-18,Brahmanbaria,23.9608181,91.1115014,31.1,0.5,34.6,70.43,47.07,138.0
2023-04-19,Brahmanbaria,23.9608181,91.1115014,31.3,0.0,16.2,51.61,34.2,108.12
2023-04-20,Brahmanbaria,23.9608181,91.1115014,29.5,12.0,20.7,54.95,35.78,99.83
2023-04-21,Brahmanbaria,23.9608181,91.1115014,25.8,12.1,20.2,58.21,37.13,96.29
2023-04-22,Brahmanbaria,23.9608181,91.1115014,25.5,9.7,19.4,67.99,45.53,119.58
2023-04-23,Brahmanbaria,23.9608181,91.1115014,25.5,10.7,23.3,62.64,42.64,124.62
2023-04-24,Brahmanbaria,23.9608181,91.1115014,26.2,0.0,8.4,61.21,42.09,119.25
2023-04-25,Brahmanbaria,23.9608181,91.1115014,27.3,0.0,10.1,73.29,50.68,131.62
2023-04-26,Brahmanbaria,23.9608181,91.1115014,28.2,0.0,9.6,89.09,61.97,152.67
2023-04-27,Brahmanbaria,23.9608181,91.1115014,28.7,0.0,14.4,82.58,57.44,159.17
2023-04-28,Brahmanbaria,23.9608181,91.1115014,28.1,0.0,8.9,90.06,62.39,157.17
2023-04-29,Brahmanbaria,23.9608181,91.1115014,28.8,0.3,15.0,93.3,64.62,161.04
2023-04-30,Brahmanbaria,23.9608181,91.1115014,28.8,0.0,9.1,83.95,58.04,157.42
2023-05-01,Brahmanbaria,23.9608181,91.1115014,28.5,0.0,19.8,68.52,47.62,141.92
2023-05-02,Brahmanbaria,23.9608181,91.1115014,29.0,0.0,13.0,83.02,57.79,146.17
2023-05-03,Brahmanbaria,23.9608181,91.1115014,27.6,2.6,17.7,82.76,57.38,152.96
2023-05-04,Brahmanbaria,23.9608181,91.1115014,26.6,11.2,15.9,41.58,28.71,108.71
2023-05-05,Brahmanbaria,23.9608181,91.1115014,27.1,5.8,9.9,48.72,33.83,91.88
2023-05-06,Brahmanbaria,23.9608181,91.1115014,28.6,0.9,7.5,79.37,55.27,118.33
2023-05-07,Brahmanbaria,23.9608181,91.1115014,29.5,0.0,10.8,98.65,68.47,155.75
2023-05-08,Brahmanbaria,23.9608181,91.1115014,30.8,0.0,14.1,96.07,66.54,162.04
2023-05-09,Brahmanbaria,23.9608181,91.1115014,31.4,0.0,17.0,105.79,73.23,164.0
2023-05-10,Brahmanbaria,23.9608181,91.1115014,31.0,1.1,15.4,86.0,59.4,159.5
2023-05-11,Brahmanbaria,23.9608181,91.1115014,32.1,0.0,13.8,48.96,33.35,112.42
2023-05-12,Brahmanbaria,23.9608181,91.1115014,30.5,1.9,16.5,61.27,41.91,107.96
2023-05-13,Brahmanbaria,23.9608181,91.1115014,30.3,0.0,12.1,77.02,53.2,135.29
2023-05-14,Brahmanbaria,23.9608181,91.1115014,26.4,2.9,27.7,31.78,22.22,113.04
2023-05-15,Brahmanbaria,23.9608181,91.1115014,28.0,1.0,23.1,25.42,17.69,62.25
2023-05-16,Brahmanbaria,23.9608181,91.1115014,29.3,1.5,23.8,35.87,22.96,67.0
2023-05-17,Brahmanbaria,23.9608181,91.1115014,27.6,31.6,21.7,35.46,22.17,73.08
2023-05-18,Brahmanbaria,23.9608181,91.1115014,26.9,15.5,18.0,25.39,16.48,67.08
2023-05-19,Brahmanbaria,23.9608181,91.1115014,27.7,2.4,16.9,46.14,28.47,65.58
2023-05-20,Brahmanbaria,23.9608181,91.1115014,28.7,20.4,19.8,36.0,22.73,86.46
2023-05-21,Brahmanbaria,23.9608181,91.1115014,27.6,8.4,28.7,38.89,24.47,68.29
2023-05-22,Brahmanbaria,23.9608181,91.1115014,28.7,6.5,14.9,49.89,32.0,85.33
2023-05-23,Brahmanbaria,23.9608181,91.1115014,26.6,9.7,20.0,42.17,27.87,93.29
2023-05-24,Brahmanbaria,23.9608181,91.1115014,26.5,0.4,10.7,36.55,24.3,78.5
2023-05-25,Brahmanbaria,23.9608181,91.1115014,27.4,3.1,18.4,28.85,18.87,67.38
2023-05-26,Brahmanbaria,23.9608181,91.1115014,27.2,6.3,17.8,41.47,27.57,71.46
2023-05-27,Brahmanbaria,23.9608181,91.1115014,26.5,3.2,20.4,40.25,26.05,84.96
2023-05-28,Brahmanbaria,23.9608181,91.1115014,27.6,0.0,8.0,66.96,45.45,102.83
2023-05-29,Brahmanbaria,23.9608181,91.1115014,29.1,0.0,7.7,85.08,58.18,147.58
2023-05-30,Brahmanbaria,23.9608181,91.1115014,30.0,0.0,6.4,93.5,64.25,153.29
2023-05-31,Brahmanbaria,23.9608181,91.1115014,30.5,0.0,8.4,123.96,85.34,167.21
2023-06-01,Brahmanbaria,23.9608181,91.1115014,30.7,4.0,12.5,68.42,45.65,149.25
2023-06-02,Brahmanbaria,23.9608181,91.1115014,31.3,1.9,14.8,65.95,43.32,114.71
2023-06-03,Brahmanbaria,23.9608181,91.1115014,31.2,1.1,23.4,63.68,41.81,118.71
2023-06-04,Brahmanbaria,23.9608181,91.1115014,30.5,2.5,11.5,71.08,46.63,118.79
2023-06-05,Brahmanbaria,23.9608181,91.1115014,31.7,0.1,9.4,98.92,66.72,152.08
2023-06-06,Brahmanbaria,23.9608181,91.1115014,32.1,0.0,9.7,100.93,68.61,161.38
2023-06-07,Brahmanbaria,23.9608181,91.1115014,31.6,12.2,12.5,101.1,69.01,156.46
2023-06-08,Brahmanbaria,23.9608181,91.1115014,28.8,17.2,12.4,115.65,79.9,160.38
2023-06-09,Brahmanbaria,23.9608181,91.1115014,28.3,11.2,16.8,45.5,31.72,134.33
2023-06-10,Brahmanbaria,23.9608181,91.1115014,27.7,22.4,11.9,38.52,26.89,88.54
2023-06-11,Brahmanbaria,23.9608181,91.1115014,28.0,12.6,13.8,32.74,22.64,82.88
2023-06-12,Brahmanbaria,23.9608181,91.1115014,28.3,1.0,13.9,36.31,24.74,67.46
2023-06-13,Brahmanbaria,23.9608181,91.1115014,29.5,0.9,18.1,40.93,27.65,87.62
2023-06-14,Brahmanbaria,23.9608181,91.1115014,30.0,5.4,29.9,33.86,22.21,76.0
2023-06-15,Brahmanbaria,23.9608181,91.1115014,30.0,2.7,37.4,30.2,19.16,67.29
2023-06-16,Brahmanbaria,23.9608181,91.1115014,29.3,19.0,28.6,28.99,18.3,65.71
2023-06-17,Brahmanbaria,23.9608181,91.1115014,30.0,5.6,28.2,29.1,18.09,61.71
2023-06-18,Brahmanbaria,23.9608181,91.1115014,28.9,8.3,20.5,28.1,17.43,64.0
2023-06-19,Brahmanbaria,23.9608181,91.1115014,29.3,1.1,19.1,24.92,16.18,58.88
2023-06-20,Brahmanbaria,23.9608181,91.1115014,28.7,2.4,18.4,19.49,12.88,57.12
2023-06-21,Brahmanbaria,23.9608181,91.1115014,29.0,8.7,20.3,16.85,11.36,46.46
2023-06-22,Brahmanbaria,23.9608181,91.1115014,28.5,9.6,15.9,15.69,10.75,47.46
2023-06-23,Brahmanbaria,23.9608181,91.1115014,27.9,11.4,19.9,13.0,8.9,40.46
2023-06-24,Brahmanbaria,23.9608181,91.1115014,28.8,0.8,19.5,12.89,8.84,36.96
2023-06-25,Brahmanbaria,23.9608181,91.1115014,29.2,0.8,20.6,14.64,10.0,40.75
2023-06-26,Brahmanbaria,23.9608181,91.1115014,28.6,1.7,21.0,11.58,7.99,39.29
2023-06-27,Brahmanbaria,23.9608181,91.1115014,26.8,11.4,27.7,9.5,6.6,27.92
2023-06-28,Brahmanbaria,23.9608181,91.1115014,27.2,16.1,20.5,14.75,9.01,30.04
2023-06-29,Brahmanbaria,23.9608181,91.1115014,27.4,53.6,22.4,18.36,11.52,47.5
2023-06-30,Brahmanbaria,23.9608181,91.1115014,28.1,18.0,23.4,19.27,12.2,47.79
2023-07-01,Brahmanbaria,23.9608181,91.1115014,28.0,25.8,18.2,24.21,15.8,52.79
2023-07-02,Brahmanbaria,23.9608181,91.1115014,28.9,10.8,16.2,24.11,16.14,61.0
2023-07-03,Brahmanbaria,23.9608181,91.1115014,29.2,15.7,15.4,20.93,13.54,53.71
2023-07-04,Brahmanbaria,23.9608181,91.1115014,29.5,9.0,12.9,20.43,13.61,54.17
2023-07-05,Brahmanbaria,23.9608181,91.1115014,28.6,16.1,17.0,12.64,8.71,49.38
2023-07-06,Brahmanbaria,23.9608181,91.1115014,28.5,6.2,23.4,7.43,4.93,29.04
2023-07-07,Brahmanbaria,23.9608181,91.1115014,28.6,7.0,21.3,8.4,5.51,24.62
2023-07-08,Brahmanbaria,23.9608181,91.1115014,29.0,2.7,19.5,10.15,6.72,28.12
2023-07-09,Brahmanbaria,23.9608181,91.1115014,29.1,5.2,13.6,17.1,11.12,36.75
2023-07-10,Brahmanbaria,23.9608181,91.1115014,28.7,9.8,16.7,18.74,11.65,49.25
2023-07-11,Brahmanbaria,23.9608181,91.1115014,29.1,1.5,20.0,13.08,8.58,42.25
2023-07-12,Brahmanbaria,23.9608181,91.1115014,29.0,6.3,19.9,10.57,6.81,32.17
2023-07-13,Brahmanbaria,23.9608181,91.1115014,28.4,8.1,20.1,9.45,6.27,27.92
2023-07-14,Brahmanbaria,23.9608181,91.1115014,28.4,4.9,17.8,10.22,7.21,29.71
2023-07-15,Brahmanbaria,23.9608181,91.1115014,28.8,1.5,23.0,8.3,5.65,30.29
2023-07-16,Brahmanbaria,23.9608181,91.1115014,29.1,1.1,18.1,10.53,7.12,27.96
2023-07-17,Brahmanbaria,23.9608181,91.1115014,28.6,3.1,11.2,18.4,12.58,37.12
2023-07-18,Brahmanbaria,23.9608181,91.1115014,29.9,6.7,10.7,16.8,11.42,53.62
2023-07-19,Brahmanbaria,23.9608181,91.1115014,30.5,0.9,12.8,14.04,9.56,43.54
2023-07-20,Brahmanbaria,23.9608181,91.1115014,30.6,1.9,15.7,14.51,9.88,38.21
2023-07-21,Brahmanbaria,23.9608181,91.1115014,30.0,4.1,15.0,17.3,12.11,47.0
2023-07-22,Brahmanbaria,23.9608181,91.1115014,30.6,1.3,12.0,22.88,15.6,54.33
2023-07-23,Brahmanbaria,23.9608181,91.1115014,30.5,0.5,10.5,21.05,14.25,55.29
2023-07-24,Brahmanbaria,23.9608181,91.1115014,30.6,1.1,9.7,22.73,15.47,57.58
2023-07-25,Brahmanbaria,23.9608181,91.1115014,30.2,2.9,13.0,21.2,14.33,56.46
2023-07-26,Brahmanbaria,23.9608181,91.1115014,29.8,6.5,19.1,13.09,8.79,45.67
2023-07-27,Brahmanbaria,23.9608181,91.1115014,29.3,4.7,18.1,11.28,7.33,34.04
2023-07-28,Brahmanbaria,23.9608181,91.1115014,29.6,2.7,17.3,12.78,8.17,32.67
2023-07-29,Brahmanbaria,23.9608181,91.1115014,30.1,1.0,16.2,14.82,9.59,35.5
2023-07-30,Brahmanbaria,23.9608181,91.1115014,30.6,10.5,10.5,23.67,15.82,50.42
2023-07-31,Brahmanbaria,23.9608181,91.1115014,30.8,21.5,16.7,32.83,22.36,72.29
2023-08-01,Brahmanbaria,23.9608181,91.1115014,30.4,6.5,28.9,13.74,9.64,61.5
2023-08-02,Brahmanbaria,23.9608181,91.1115014,28.5,12.6,26.2,5.24,3.55,33.17
2023-08-03,Brahmanbaria,23.9608181,91.1115014,28.3,6.2,19.9,12.31,7.92,29.71
2023-08-04,Brahmanbaria,23.9608181,91.1115014,28.1,7.8,17.3,18.15,11.98,40.71
2023-08-05,Brahmanbaria,23.9608181,91.1115014,28.1,7.1,20.1,20.75,12.24,52.42
2023-08-06,Brahmanbaria,23.9608181,91.1115014,26.9,65.1,18.6,20.96,14.39,47.79
2023-08-07,Brahmanbaria,23.9608181,91.1115014,26.3,55.7,16.3,15.25,10.77,51.92
2023-08-08,Brahmanbaria,23.9608181,91.1115014,26.4,61.7,17.2,33.13,23.36,60.33
2023-08-09,Brahmanbaria,23.9608181,91.1115014,28.3,7.6,14.8,37.06,22.88,74.04
2023-08-10,Brahmanbaria,23.9608181,91.1115014,28.3,10.7,13.3,50.26,33.33,79.04
2023-08-11,Brahmanbaria,23.9608181,91.1115014,28.5,8.2,13.1,46.58,28.65,96.12
2023-08-12,Brahmanbaria,23.9608181,91.1115014,28.5,9.3,19.9,62.05,34.05,92.25
2023-08-13,Brahmanbaria,23.9608181,91.1115014,27.7,15.1,14.7,27.3,18.71,79.12
2023-08-14,Brahmanbaria,23.9608181,91.1115014,28.4,9.2,9.6,26.18,18.52,69.38
2023-08-15,Brahmanbaria,23.9608181,91.1115014,28.9,4.5,12.1,39.22,27.52,75.71
2023-08-16,Brahmanbaria,23.9608181,91.1115014,28.5,27.9,11.9,32.78,22.43,81.58
2023-08-17,Brahmanbaria,23.9608181,91.1115014,29.8,3.6,11.5,33.12,22.73,78.88
2023-08-18,Brahmanbaria,23.9608181,91.1115014,29.7,1.1,17.1,19.55,13.69,66.25
2023-08-19,Brahmanbaria,23.9608181,91.1115014,29.3,2.0,16.5,17.89,12.21,45.25
2023-08-20,Brahmanbaria,23.9608181,91.1115014,29.4,1.1,12.4,34.33,20.65,58.46
2023-08-21,Brahmanbaria,23.9608181,91.1115014,30.0,0.0,12.1,38.99,22.05,71.96
2023-08-22,Brahmanbaria,23.9608181,91.1115014,27.6,7.9,14.0,25.73,16.2,67.79
2023-08-23,Brahmanbaria,23.9608181,91.1115014,27.6,13.1,15.2,16.69,11.08,49.71
2023-08-24,Brahmanbaria,23.9608181,91.1115014,28.0,14.5,17.3,13.5,9.55,42.38
2023-08-25,Brahmanbaria,23.9608181,91.1115014,27.1,29.5,15.9,11.28,7.97,41.0
2023-08-26,Brahmanbaria,23.9608181,91.1115014,27.4,18.5,17.0,25.94,17.7,47.92
2023-08-27,Brahmanbaria,23.9608181,91.1115014,28.0,6.9,18.4,39.52,23.15,66.08
2023-08-28,Brahmanbaria,23.9608181,91.1115014,27.9,7.2,15.1,84.2,40.9,89.46
2023-08-29,Brahmanbaria,23.9608181,91.1115014,29.0,0.6,10.7,133.11,60.68,138.25
2023-08-30,Brahmanbaria,23.9608181,91.1115014,30.7,0.0,7.2,142.83,70.07,158.71
2023-08-31,Brahmanbaria,23.9608181,91.1115014,29.8,8.2,12.2,68.68,38.99,138.33
2023-09-01,Brahmanbaria,23.9608181,91.1115014,28.7,1.5,11.8,49.46,30.67,102.12
2023-09-02,Brahmanbaria,23.9608181,91.1115014,28.4,9.8,9.7,61.08,38.72,101.04
2023-09-03,Brahmanbaria,23.9608181,91.1115014,29.2,8.5,13.2,24.8,17.08,99.5
2023-09-04,Brahmanbaria,23.9608181,91.1115014,29.9,0.7,9.0,25.67,18.11,55.92
2023-09-05,Brahmanbaria,23.9608181,91.1115014,30.4,4.1,10.5,44.39,30.93,102.33
2023-09-06,Brahmanbaria,23.9608181,91.1115014,29.2,17.9,15.2,18.55,12.96,69.92
2023-09-07,Brahmanbaria,23.9608181,91.1115014,27.7,25.8,18.1,12.59,8.81,46.75
2023-09-08,Brahmanbaria,23.9608181,91.1115014,27.5,23.4,24.8,10.38,7.18,33.58
2023-09-09,Brahmanbaria,23.9608181,91.1115014,29.1,0.3,11.8,32.38,20.07,44.33
2023-09-10,Brahmanbaria,23.9608181,91.1115014,29.4,2.9,12.8,45.36,29.39,77.92
2023-09-11,Brahmanbaria,23.9608181,91.1115014,28.9,22.8,11.1,38.91,25.32,94.25
2023-09-12,Brahmanbaria,23.9608181,91.1115014,28.1,13.6,13.0,16.7,11.66,67.79
2023-09-13,Brahmanbaria,23.9608181,91.1115014,28.9,9.8,15.8,14.31,9.95,47.42
2023-09-14,Brahmanbaria,23.9608181,91.1115014,28.5,3.6,18.5,18.71,12.54,47.62
2023-09-15,Brahmanbaria,23.9608181,91.1115014,28.7,3.3,15.6,20.11,13.15,51.62
2023-09-16,Brahmanbaria,23.9608181,91.1115014,29.6,0.1,9.9,27.33,17.7,53.46
2023-09-17,Brahmanbaria,23.9608181,91.1115014,30.1,11.2,12.3,39.14,26.34,89.96
2023-09-18,Brahmanbaria,23.9608181,91.1115014,27.7,7.5,15.3,21.52,15.02,72.88
2023-09-19,Brahmanbaria,23.9608181,91.1115014,26.6,27.9,13.6,18.45,12.84,54.17
2023-09-20,Brahmanbaria,23.9608181,91.1115014,27.1,18.0,18.9,13.01,9.0,47.75
2023-09-21,Brahmanbaria,23.9608181,91.1115014,27.4,9.7,19.7,11.56,7.58,29.0
2023-09-22,Brahmanbaria,23.9608181,91.1115014,27.3,7.2,18.5,19.3,12.41,42.25
2023-09-23,Brahmanbaria,23.9608181,91.1115014,27.6,21.0,20.6,19.32,12.67,51.5
2023-09-24,Brahmanbaria,23.9608181,91.1115014,28.1,2.4,12.0,24.22,15.59,54.62
2023-09-25,Brahmanbaria,23.9608181,91.1115014,28.3,4.3,8.3,24.2,15.86,57.67
2023-09-26,Brahmanbaria,23.9608181,91.1115014,29.5,0.0,8.7,43.31,29.19,76.33
2023-09-27,Brahmanbaria,23.9608181,91.1115014,29.5,6.1,11.3,54.22,37.17,109.88
2023-09-28,Brahmanbaria,23.9608181,91.1115014,30.8,0.1,8.7,53.47,36.93,111.79
2023-09-29,Brahmanbaria,23.9608181,91.1115014,29.2,13.4,17.7,37.09,25.8,90.83
2023-09-30,Brahmanbaria,23.9608181,91.1115014,27.8,24.6,14.1,17.24,12.05,65.42
2023-10-01,Brahmanbaria,23.9608181,91.1115014,28.4,3.9,13.6,12.0,8.23,39.17
2023-10-02,Brahmanbaria,23.9608181,91.1115014,28.1,7.6,17.1,13.3,9.07,35.79
2023-10-03,Brahmanbaria,23.9608181,91.1115014,27.1,24.2,21.4,10.26,6.99,33.96
2023-10-04,Brahmanbaria,23.9608181,91.1115014,26.4,17.8,20.1,11.28,7.7,30.38
2023-10-05,Brahmanbaria,23.9608181,91.1115014,26.7,21.3,21.4,14.11,9.56,36.71
2023-10-06,Brahmanbaria,23.9608181,91.1115014,26.5,24.1,25.8,23.14,15.1,42.83
2023-10-07,Brahmanbaria,23.9608181,91.1115014,26.5,34.0,10.7,37.53,24.56,68.75
2023-10-08,Brahmanbaria,23.9608181,91.1115014,26.9,3.9,14.1,32.35,22.14,72.67
2023-10-09,Brahmanbaria,23.9608181,91.1115014,26.9,18.6,10.5,49.28,32.95,84.04
2023-10-10,Brahmanbaria,23.9608181,91.1115014,28.0,0.5,9.5,80.0,50.45,112.71
2023-10-11,Brahmanbaria,23.9608181,91.1115014,27.7,0.6,7.8,131.5,77.81,163.46
2023-10-12,Brahmanbaria,23.9608181,91.1115014,27.6,0.1,10.4,129.5,76.73,164.83
2023-10-13,Brahmanbaria,23.9608181,91.1115014,27.3,0.0,8.8,78.15,47.82,147.21
2023-10-14,Brahmanbaria,23.9608181,91.1115014,27.1,0.0,8.0,102.2,63.45,156.0
2023-10-15,Brahmanbaria,23.9608181,91.1115014,26.8,0.0,7.0,120.8,72.12,164.58
2023-10-16,Brahmanbaria,23.9608181,91.1115014,27.1,0.0,8.4,104.75,64.62,160.83
2023-10-17,Brahmanbaria,23.9608181,91.1115014,27.2,0.0,7.9,97.95,61.99,156.96
2023-10-18,Brahmanbaria,23.9608181,91.1115014,26.7,0.0,7.9,94.57,61.6,157.21
2023-10-19,Brahmanbaria,23.9608181,91.1115014,26.7,0.0,8.0,84.75,56.13,152.96
2023-10-20,Brahmanbaria,23.9608181,91.1115014,26.2,0.0,7.9,70.08,46.19,139.96
2023-10-21,Brahmanbaria,23.9608181,91.1115014,26.2,0.0,8.1,58.12,38.82,121.54
2023-10-22,Brahmanbaria,23.9608181,91.1115014,27.1,0.0,8.0,56.91,37.91,108.58
2023-10-23,Brahmanbaria,23.9608181,91.1115014,26.7,12.6,15.2,45.6,31.33,105.88
2023-10-24,Brahmanbaria,23.9608181,91.1115014,25.3,1.2,11.5,24.35,17.1,71.5
2023-10-25,Brahmanbaria,23.9608181,91.1115014,26.1,0.0,13.4,36.09,25.2,71.88
2023-10-26,Brahmanbaria,23.9608181,91.1115014,25.8,0.1,9.1,47.58,33.06,94.21
2023-10-27,Brahmanbaria,23.9608181,91.1115014,25.8,0.1,8.6,54.63,37.99,117.58
2023-10-28,Brahmanbaria,23.9608181,91.1115014,25.3,0.0,8.8,54.45,36.96,103.58
2023-10-29,Brahmanbaria,23.9608181,91.1115014,24.8,0.0,9.0,60.61,41.2,112.33
2023-10-30,Brahmanbaria,23.9608181,91.1115014,25.5,0.0,9.0,59.46,40.89,116.88
2023-10-31,Brahmanbaria,23.9608181,91.1115014,26.6,0.0,7.3,39.89,27.63,106.92
2023-11-01,Brahmanbaria,23.9608181,91.1115014,27.0,0.0,8.4,39.61,27.44,80.88
2023-11-02,Brahmanbaria,23.9608181,91.1115014,26.8,0.0,8.3,55.78,38.92,96.29
2023-11-03,Brahmanbaria,23.9608181,91.1115014,26.2,0.0,8.4,73.65,51.16,125.46
2023-11-04,Brahmanbaria,23.9608181,91.1115014,26.1,0.0,7.7,84.74,58.72,149.08
2023-11-05,Brahmanbaria,23.9608181,91.1115014,25.8,0.0,8.2,63.88,43.9,140.62
2023-11-06,Brahmanbaria,23.9608181,91.1115014,24.5,0.0,9.6,71.02,47.2,121.42
2023-11-07,Brahmanbaria,23.9608181,91.1115014,24.1,0.0,9.1,67.27,45.92,124.58
2023-11-08,Brahmanbaria,23.9608181,91.1115014,24.0,0.0,8.9,85.57,58.8,147.17
2023-11-09,Brahmanbaria,23.9608181,91.1115014,24.0,0.0,8.7,73.7,50.32,144.42
2023-11-10,Brahmanbaria,23.9608181,91.1115014,23.8,0.0,9.9,67.03,45.87,136.0
2023-11-11,Brahmanbaria,23.9608181,91.1115014,24.0,0.0,8.6,58.07,39.83,116.96
2023-11-12,Brahmanbaria,23.9608181,91.1115014,24.4,0.0,10.1,49.13,34.02,108.58
2023-11-13,Brahmanbaria,23.9608181,91.1115014,24.3,0.0,9.5,35.09,24.3,87.96
2023-11-14,Brahmanbaria,23.9608181,91.1115014,24.4,0.0,9.1,32.01,22.1,73.21
2023-11-15,Brahmanbaria,23.9608181,91.1115014,25.5,0.0,8.3,29.92,20.64,74.96
2023-11-16,Brahmanbaria,23.9608181,91.1115014,25.4,2.3,8.0,26.99,18.53,63.42
2023-11-17,Brahmanbaria,23.9608181,91.1115014,22.1,100.8,35.5,18.01,12.62,62.92
2023-11-18,Brahmanbaria,23.9608181,91.1115014,23.3,1.2,15.0,15.45,10.78,37.75
2023-11-19,Brahmanbaria,23.9608181,91.1115014,23.4,0.3,8.1,26.95,18.7,55.92
2023-11-20,Brahmanbaria,23.9608181,91.1115014,24.0,0.0,8.7,41.03,28.59,74.33
2023-11-21,Brahmanbaria,23.9608181,91.1115014,23.6,0.0,8.1,59.43,41.29,101.58
2023-11-22,Brahmanbaria,23.9608181,91.1115014,22.4,0.0,8.4,97.18,65.58,134.58
2023-11-23,Brahmanbaria,23.9608181,91.1115014,21.8,0.0,9.2,98.78,66.04,158.92
2023-11-24,Brahmanbaria,23.9608181,91.1115014,22.4,0.1,8.7,64.97,45.17,142.75
2023-11-25,Brahmanbaria,23.9608181,91.1115014,22.3,0.0,8.6,35.39,24.72,98.88
2023-11-26,Brahmanbaria,23.9608181,91.1115014,21.7,0.0,9.8,25.67,17.93,64.29
2023-11-27,Brahmanbaria,23.9608181,91.1115014,22.4,0.0,8.2,28.72,20.08,66.17
2023-11-28,Brahmanbaria,23.9608181,91.1115014,23.1,0.0,8.2,42.01,29.38,74.38
2023-11-29,Brahmanbaria,23.9608181,91.1115014,22.5,0.0,7.7,39.65,27.73,92.83
2023-11-30,Brahmanbaria,23.9608181,91.1115014,22.3,0.0,9.8,33.65,23.44,74.88
2023-12-01,Brahmanbaria,23.9608181,91.1115014,22.4,0.0,9.1,42.26,29.53,84.17
2023-12-02,Brahmanbaria,23.9608181,91.1115014,22.6,0.0,9.2,54.33,38.0,97.96
2023-12-03,Brahmanbaria,23.9608181,91.1115014,22.9,0.0,8.8,57.45,40.15,112.21
2023-12-04,Brahmanbaria,23.9608181,91.1115014,22.7,0.0,8.0,61.33,42.76,113.75
2023-12-05,Brahmanbaria,23.9608181,91.1115014,22.1,1.1,8.7,72.7,50.46,131.5
2023-12-06,Brahmanbaria,23.9608181,91.1115014,22.8,0.8,12.9,56.06,39.04,124.17
2023-12-07,Brahmanbaria,23.9608181,91.1115014,20.7,42.6,12.5,30.56,21.34,88.54
2023-12-08,Brahmanbaria,23.9608181,91.1115014,21.1,16.0,9.3,36.86,25.78,71.33
2023-12-09,Brahmanbaria,23.9608181,91.1115014,20.8,0.1,8.8,37.78,26.35,79.54
2023-12-10,Brahmanbaria,23.9608181,91.1115014,19.6,0.0,9.4,86.05,59.49,112.58
2023-12-11,Brahmanbaria,23.9608181,91.1115014,19.5,0.0,8.4,87.92,60.63,156.21
2023-12-12,Brahmanbaria,23.9608181,91.1115014,18.8,0.0,9.5,75.48,52.53,138.46
2023-12-13,Brahmanbaria,23.9608181,91.1115014,19.0,0.0,10.5,109.82,76.32,155.88
2023-12-14,Brahmanbaria,23.9608181,91.1115014,17.9,0.0,10.1,103.68,61.58,156.0
2023-12-15,Brahmanbaria,23.9608181,91.1115014,18.3,0.0,9.5,101.0,66.12,153.75
2023-12-16,Brahmanbaria,23.9608181,91.1115014,18.5,0.0,9.4,108.74,75.74,159.0
2023-12-17,Brahmanbaria,23.9608181,91.1115014,18.7,0.0,6.5,94.36,65.89,160.0
2023-12-18,Brahmanbaria,23.9608181,91.1115014,18.3,0.0,10.0,79.45,55.48,151.29
2023-12-19,Brahmanbaria,23.9608181,91.1115014,18.4,0.0,10.2,54.11,37.79,127.92
2023-12-20,Brahmanbaria,23.9608181,91.1115014,18.5,0.0,9.7,38.41,26.83,92.38
2023-12-21,Brahmanbaria,23.9608181,91.1115014,19.9,0.0,8.9,34.05,23.65,77.0
2023-12-22,Brahmanbaria,23.9608181,91.1115014,20.4,0.0,9.4,34.12,23.48,72.58
2023-12-23,Brahmanbaria,23.9608181,91.1115014,20.3,0.0,7.9,25.41,17.56,71.54
2023-12-24,Brahmanbaria,23.9608181,91.1115014,20.4,0.0,8.7,47.36,32.3,71.96
2023-12-25,Brahmanbaria,23.9608181,91.1115014,20.2,0.0,7.9,64.26,44.02,98.21
2023-12-26,Brahmanbaria,23.9608181,91.1115014,20.3,0.0,7.9,77.5,53.19,146.25
2023-12-27,Brahmanbaria,23.9608181,91.1115014,20.2,0.0,8.0,53.1,36.55,119.88
2023-12-28,Brahmanbaria,23.9608181,91.1115014,20.4,0.1,8.9,41.72,28.82,94.0
2023-12-29,Brahmanbaria,23.9608181,91.1115014,20.2,0.0,8.7,32.57,22.67,75.21
2023-12-30,Brahmanbaria,23.9608181,91.1115014,20.2,0.0,9.3,44.2,30.73,86.38
2023-12-31,Brahmanbaria,23.9608181,91.1115014,20.1,0.0,8.7,50.85,35.4,94.54
2024-01-01,Brahmanbaria,23.9608181,91.1115014,19.2,0.0,9.4,67.02,46.56,108.88
2024-01-02,Brahmanbaria,23.9608181,91.1115014,18.4,0.0,9.2,73.51,51.12,139.71
2024-01-03,Brahmanbaria,23.9608181,91.1115014,18.0,0.0,9.2,74.88,51.95,136.71
2024-01-04,Brahmanbaria,23.9608181,91.1115014,18.0,0.0,10.4,92.23,63.75,150.62
2024-01-05,Brahmanbaria,23.9608181,91.1115014,17.7,0.0,9.6,84.65,58.61,154.33
2024-01-06,Brahmanbaria,23.9608181,91.1115014,18.3,0.0,10.3,80.75,55.37,146.25
2024-01-07,Brahmanbaria,23.9608181,91.1115014,18.7,0.0,9.8,78.88,54.15,151.17
2024-01-08,Brahmanbaria,23.9608181,91.1115014,18.5,0.0,10.3,70.5,47.82,123.29
2024-01-09,Brahmanbaria,23.9608181,91.1115014,18.0,0.0,10.0,112.7,75.8,153.17
2024-01-10,Brahmanbaria,23.9608181,91.1115014,17.2,0.0,10.2,110.63,74.65,160.0
2024-01-11,Brahmanbaria,23.9608181,91.1115014,16.7,0.0,10.1,102.88,70.08,159.33
2024-01-12,Brahmanbaria,23.9608181,91.1115014,15.5,0.0,10.0,77.31,53.13,153.67
2024-01-13,Brahmanbaria,23.9608181,91.1115014,15.5,0.0,9.7,72.83,50.28,136.5
2024-01-14,Brahmanbaria,23.9608181,91.1115014,15.7,0.0,9.1,87.06,60.53,147.08
2024-01-15,Brahmanbaria,23.9608181,91.1115014,16.0,0.0,9.2,95.16,65.9,154.46
2024-01-16,Brahmanbaria,23.9608181,91.1115014,14.8,0.0,9.5,109.23,74.6,158.08
2024-01-17,Brahmanbaria,23.9608181,91.1115014,14.3,0.0,8.2,105.04,71.18,157.92
2024-01-18,Brahmanbaria,23.9608181,91.1115014,15.8,0.0,7.8,100.03,67.73,158.58
2024-01-19,Brahmanbaria,23.9608181,91.1115014,17.5,0.0,10.0,88.09,59.41,153.58
2024-01-20,Brahmanbaria,23.9608181,91.1115014,17.0,0.0,10.0,89.25,59.76,151.38
2024-01-21,Brahmanbaria,23.9608181,91.1115014,16.7,0.0,10.6,120.77,78.26,157.0
2024-01-22,Brahmanbaria,23.9608181,91.1115014,15.1,0.0,8.8,121.84,77.96,161.96
2024-01-23,Brahmanbaria,23.9608181,91.1115014,14.9,0.0,9.8,150.47,97.82,167.38
2024-01-24,Brahmanbaria,23.9608181,91.1115014,16.8,0.1,10.0,141.53,92.31,173.62
2024-01-25,Brahmanbaria,23.9608181,91.1115014,17.5,0.0,8.7,130.98,85.9,164.79
2024-01-26,Brahmanbaria,23.9608181,91.1115014,18.1,0.0,9.7,118.41,77.7,165.88
2024-01-27,Brahmanbaria,23.9608181,91.1115014,16.6,0.0,10.5,94.76,63.02,155.0
2024-01-28,Brahmanbaria,23.9608181,91.1115014,16.6,0.0,9.7,103.7,68.4,156.46
2024-01-29,Brahmanbaria,23.9608181,91.1115014,16.8,0.0,10.1,114.02,75.12,157.71
2024-01-30,Brahmanbaria,23.9608181,91.1115014,17.2,0.0,8.2,143.09,88.78,164.04
2024-01-31,Brahmanbaria,23.9608181,91.1115014,19.0,0.1,9.0,148.79,89.97,166.83
2024-02-01,Brahmanbaria,23.9608181,91.1115014,20.3,0.8,12.8,158.83,96.63,172.29
2024-02-02,Brahmanbaria,23.9608181,91.1115014,20.2,0.4,11.6,103.5,67.29,163.92
2024-02-03,Brahmanbaria,23.9608181,91.1115014,19.1,0.1,13.2,110.24,70.8,158.21
2024-02-04,Brahmanbaria,23.9608181,91.1115014,18.0,0.0,9.5,96.57,59.49,153.88
2024-02-05,Brahmanbaria,23.9608181,91.1115014,19.2,0.0,8.9,103.49,61.51,151.71
2024-02-06,Brahmanbaria,23.9608181,91.1115014,19.4,1.1,10.8,131.14,73.11,154.08
2024-02-07,Brahmanbaria,23.9608181,91.1115014,19.9,0.4,9.6,102.18,62.72,162.33
2024-02-08,Brahmanbaria,23.9608181,91.1115014,17.5,0.0,9.9,82.96,56.05,140.54
2024-02-09,Brahmanbaria,23.9608181,91.1115014,16.7,0.0,9.7,88.59,59.3,152.46
2024-02-10,Brahmanbaria,23.9608181,91.1115014,18.3,0.0,9.8,88.75,60.68,151.62
2024-02-11,Brahmanbaria,23.9608181,91.1115014,19.2,0.0,10.2,96.34,66.73,154.46
2024-02-12,Brahmanbaria,23.9608181,91.1115014,20.0,0.0,10.1,108.86,75.42,158.12
2024-02-13,Brahmanbaria,23.9608181,91.1115014,20.0,0.0,10.5,87.22,59.14,157.96
2024-02-14,Brahmanbaria,23.9608181,91.1115014,21.4,0.0,8.1,99.0,64.1,149.21
2024-02-15,Brahmanbaria,23.9608181,91.1115014,22.5,0.0,9.0,128.87,80.6,159.54
2024-02-16,Brahmanbaria,23.9608181,91.1115014,22.0,0.0,9.3,116.26,72.64,163.67
2024-02-17,Brahmanbaria,23.9608181,91.1115014,20.7,0.0,8.9,84.99,56.48,151.12
2024-02-18,Brahmanbaria,23.9608181,91.1115014,20.6,0.0,9.6,105.5,70.84,154.17
2024-02-19,Brahmanbaria,23.9608181,91.1115014,20.5,0.0,8.2,107.36,71.32,156.75
2024-02-20,Brahmanbaria,23.9608181,91.1115014,21.9,0.6,14.8,101.62,66.3,161.17
2024-02-21,Brahmanbaria,23.9608181,91.1115014,24.1,0.7,16.7,59.05,39.07,130.04
2024-02-22,Brahmanbaria,23.9608181,91.1115014,22.5,14.0,20.8,34.47,23.68,91.0
2024-02-23,Brahmanbaria,23.9608181,91.1115014,20.7,2.4,14.7,50.63,32.22,78.08
2024-02-24,Brahmanbaria,23.9608181,91.1115014,21.2,0.0,12.2,77.38,47.31,117.5
2024-02-25,Brahmanbaria,23.9608181,91.1115014,20.7,0.1,17.8,105.05,64.24,142.12
2024-02-26,Brahmanbaria,23.9608181,91.1115014,20.2,0.0,11.9,94.98,59.85,156.92
2024-02-27,Brahmanbaria,23.9608181,91.1115014,20.5,0.0,11.1,84.09,56.07,146.96
2024-02-28,Brahmanbaria,23.9608181,91.1115014,21.4,0.0,8.8,113.04,76.25,158.38
2024-02-29,Brahmanbaria,23.9608181,91.1115014,22.2,0.0,10.2,125.8,82.01,171.71
2024-03-01,Brahmanbaria,23.9608181,91.1115014,21.7,0.0,10.5,86.29,54.33,155.79
2024-03-02,Brahmanbaria,23.9608181,91.1115014,21.6,0.0,10.7,76.7,50.75,135.79
2024-03-03,Brahmanbaria,23.9608181,91.1115014,22.6,0.0,9.8,108.88,71.7,162.62
2024-03-04,Brahmanbaria,23.9608181,91.1115014,22.8,0.0,11.8,101.67,64.44,156.5
2024-03-05,Brahmanbaria,23.9608181,91.1115014,23.5,0.0,13.2,80.48,52.02,150.67
2024-03-06,Brahmanbaria,23.9608181,91.1115014,21.4,0.0,10.5,68.09,46.3,143.38
2024-03-07,Brahmanbaria,23.9608181,91.1115014,20.9,0.0,9.9,69.65,48.0,130.62
2024-03-08,Brahmanbaria,23.9608181,91.1115014,21.9,0.0,11.4,71.04,47.04,135.38
2024-03-09,Brahmanbaria,23.9608181,91.1115014,21.7,0.0,12.4,54.79,35.2,114.5
2024-03-10,Brahmanbaria,23.9608181,91.1115014,21.5,0.0,10.0,55.76,37.6,114.38
2024-03-11,Brahmanbaria,23.9608181,91.1115014,22.7,0.0,10.7,67.93,46.65,122.0
2024-03-12,Brahmanbaria,23.9608181,91.1115014,23.9,0.0,12.2,85.49,57.98,155.67
2024-03-13,Brahmanbaria,23.9608181,91.1115014,25.8,0.6,13.0,73.95,46.8,140.33
2024-03-14,Brahmanbaria,23.9608181,91.1115014,25.2,0.6,13.2,81.75,51.04,136.25
2024-03-15,Brahmanbaria,23.9608181,91.1115014,25.4,1.7,13.0,74.73,45.44,126.54
2024-03-16,Brahmanbaria,23.9608181,91.1115014,25.9,0.0,15.5,95.6,58.71,146.0
2024-03-17,Brahmanbaria,23.9608181,91.1115014,26.2,0.0,10.8,107.7,65.68,154.75
2024-03-18,Brahmanbaria,23.9608181,91.1115014,27.0,0.0,10.0,99.77,61.93,154.21
2024-03-19,Brahmanbaria,23.9608181,91.1115014,25.7,0.0,17.9,107.71,67.73,155.04
2024-03-20,Brahmanbaria,23.9608181,91.1115014,24.3,0.5,15.0,93.02,60.37,156.67
2024-03-21,Brahmanbaria,23.9608181,91.1115014,21.6,5.6,17.9,71.35,47.38,139.67
2024-03-22,Brahmanbaria,23.9608181,91.1115014,21.7,0.4,11.3,45.83,31.14,108.04
2024-03-23,Brahmanbaria,23.9608181,91.1115014,23.9,10.4,13.0,59.08,39.03,103.5
2024-03-24,Brahmanbaria,23.9608181,91.1115014,23.6,0.9,24.7,51.74,33.67,103.83
2024-03-25,Brahmanbaria,23.9608181,91.1115014,24.7,2.8,16.9,51.14,32.5,87.67
2024-03-26,Brahmanbaria,23.9608181,91.1115014,25.6,0.0,14.9,83.1,52.2,125.08
2024-03-27,Brahmanbaria,23.9608181,91.1115014,25.3,0.5,19.1,84.32,52.33,142.21
2024-03-28,Brahmanbaria,23.9608181,91.1115014,24.3,19.8,20.2,85.41,52.91,146.38
2024-03-29,Brahmanbaria,23.9608181,91.1115014,25.6,0.0,10.6,94.51,57.14,146.75
2024-03-30,Brahmanbaria,23.9608181,91.1115014,26.1,16.7,13.4,62.21,39.44,133.67
2024-03-31,Brahmanbaria,23.9608181,91.1115014,27.0,24.9,24.2,32.5,20.59,91.33
2024-04-01,Brahmanbaria,23.9608181,91.1115014,29.0,0.2,21.5,44.27,27.33,84.21
2024-04-02,Brahmanbaria,23.9608181,91.1115014,28.9,0.0,19.9,34.5,21.36,80.0
2024-04-03,Brahmanbaria,23.9608181,91.1115014,29.4,0.3,17.1,48.7,29.05,88.29
2024-04-04,Brahmanbaria,23.9608181,91.1115014,29.7,0.2,18.0,55.82,32.83,92.88
2024-04-05,Brahmanbaria,23.9608181,91.1115014,29.8,0.7,15.2,65.11,39.7,100.79
2024-04-06,Brahmanbaria,23.9608181,91.1115014,30.5,0.4,16.9,56.34,34.48,106.88
2024-04-07,Brahmanbaria,23.9608181,91.1115014,29.0,6.4,14.0,71.32,43.22,111.62
2024-04-08,Brahmanbaria,23.9608181,91.1115014,27.7,0.0,14.4,129.02,79.91,145.25
2024-04-09,Brahmanbaria,23.9608181,91.1115014,27.7,0.0,8.6,140.0,89.0,175.62
2024-04-10,Brahmanbaria,23.9608181,91.1115014,28.3,0.0,9.9,122.75,78.07,174.38
2024-04-11,Brahmanbaria,23.9608181,91.1115014,28.2,0.0,12.2,78.61,49.81,151.88
2024-04-12,Brahmanbaria,23.9608181,91.1115014,29.7,0.0,15.5,94.09,58.78,149.0
2024-04-13,Brahmanbaria,23.9608181,91.1115014,28.9,0.0,9.5,93.4,58.79,159.54
2024-04-14,Brahmanbaria,23.9608181,91.1115014,28.2,0.1,13.9,91.83,58.58,161.62
2024-04-15,Brahmanbaria,23.9608181,91.1115014,29.6,0.0,12.7,106.7,68.37,169.33
2024-04-16,Brahmanbaria,23.9608181,91.1115014,29.7,1.1,15.4,108.95,69.87,162.12
2024-04-17,Brahmanbaria,23.9608181,91.1115014,29.3,0.2,21.6,71.52,45.43,149.21
2024-04-18,Brahmanbaria,23.9608181,91.1115014,27.5,7.9,19.5,54.12,33.77,104.58
2024-04-19,Brahmanbaria,23.9608181,91.1115014,29.4,0.0,20.2,56.61,33.26,101.54
2024-04-20,Brahmanbaria,23.9608181,91.1115014,30.7,0.0,26.6,45.5,25.07,94.96
2024-04-21,Brahmanbaria,23.9608181,91.1115014,30.5,1.2,21.8,35.85,20.66,68.58
2024-04-22,Brahmanbaria,23.9608181,91.1115014,30.9,0.3,19.2,51.7,28.98,87.96
2024-04-23,Brahmanbaria,23.9608181,91.1115014,30.6,0.7,18.4,52.28,32.55,104.38
2024-04-24,Brahmanbaria,23.9608181,91.1115014,30.4,0.7,17.2,54.5,34.13,107.96
2024-04-25,Brahmanbaria,23.9608181,91.1115014,30.4,0.9,18.1,50.58,31.9,105.21
2024-04-26,Brahmanbaria,23.9608181,91.1115014,30.5,0.5,22.3,44.91,28.45,102.0
2024-04-27,Brahmanbaria,23.9608181,91.1115014,30.2,10.4,20.7,45.34,28.21,94.79
2024-04-28,Brahmanbaria,23.9608181,91.1115014,31.4,0.2,20.8,49.05,29.31,91.17
2024-04-29,Brahmanbaria,23.9608181,91.1115014,31.7,1.1,19.8,52.65,32.37,100.58
2024-04-30,Brahmanbaria,23.9608181,91.1115014,31.3,2.0,24.3,45.35,28.64,91.12
2024-05-01,Brahmanbaria,23.9608181,91.1115014,31.8,0.5,20.3,33.32,19.9,82.71
2024-05-02,Brahmanbaria,23.9608181,91.1115014,27.4,26.6,22.4,28.79,18.44,64.75
2024-05-03,Brahmanbaria,23.9608181,91.1115014,28.3,3.0,14.8,29.5,17.78,65.38
2024-05-04,Brahmanbaria,23.9608181,91.1115014,28.8,0.1,14.5,44.15,26.59,76.0
2024-05-05,Brahmanbaria,23.9608181,91.1115014,26.3,18.1,19.9,35.6,22.16,86.21
2024-05-06,Brahmanbaria,23.9608181,91.1115014,24.7,14.8,23.3,27.94,18.31,63.04
2024-05-07,Brahmanbaria,23.9608181,91.1115014,26.6,0.0,15.9,54.73,36.5,93.25
2024-05-08,Brahmanbaria,23.9608181,91.1115014,25.4,2.3,10.7,72.61,47.0,123.25
2024-05-09,Brahmanbaria,23.9608181,91.1115014,27.2,0.2,7.1,95.32,61.5,141.21
2024-05-10,Brahmanbaria,23.9608181,91.1115014,26.8,11.2,16.9,85.39,54.75,152.46
2024-05-11,Brahmanbaria,23.9608181,91.1115014,26.9,1.9,18.1,95.34,60.68,154.67
2024-05-12,Brahmanbaria,23.9608181,91.1115014,28.1,2.4,10.9,70.79,45.13,139.38
2024-05-13,Brahmanbaria,23.9608181,91.1115014,28.8,0.0,6.5,63.26,41.6,122.58
2024-05-14,Brahmanbaria,23.9608181,91.1115014,29.5,1.0,6.9,76.84,50.1,136.5
2024-05-15,Brahmanbaria,23.9608181,91.1115014,31.1,0.0,8.2,87.33,53.47,148.42
2024-05-16,Brahmanbaria,23.9608181,91.1115014,31.4,0.0,8.0,91.8,54.03,151.25
2024-05-17,Brahmanbaria,23.9608181,91.1115014,31.6,0.4,10.9,66.58,40.43,126.54
2024-05-18,Brahmanbaria,23.9608181,91.1115014,30.9,0.2,14.4,41.37,25.91,91.21
2024-05-19,Brahmanbaria,23.9608181,91.1115014,29.4,0.9,13.0,52.33,33.86,92.46
2024-05-20,Brahmanbaria,23.9608181,91.1115014,29.1,0.5,8.6,44.83,29.88,92.58
2024-05-21,Brahmanbaria,23.9608181,91.1115014,30.2,0.2,7.7,62.9,40.78,97.21
2024-05-22,Brahmanbaria,23.9608181,91.1115014,30.2,0.4,12.4,75.91,49.24,129.96
2024-05-23,Brahmanbaria,23.9608181,91.1115014,31.7,0.0,16.0,59.65,39.0,121.17
2024-05-24,Brahmanbaria,23.9608181,91.1115014,31.9,0.0,10.8,67.54,44.6,127.67
2024-05-25,Brahmanbaria,23.9608181,91.1115014,32.3,1.4,18.3,34.69,23.68,114.62
2024-05-26,Brahmanbaria,23.9608181,91.1115014,30.0,6.9,20.7,15.89,11.04,62.38
2024-05-27,Brahmanbaria,23.9608181,91.1115014,27.0,138.7,44.9,13.15,8.89,36.5
2024-05-28,Brahmanbaria,23.9608181,91.1115014,27.6,101.4,46.0,26.62,18.04,53.21
2024-05-29,Brahmanbaria,23.9608181,91.1115014,29.6,63.8,30.7,35.21,20.19,67.29
2024-05-30,Brahmanbaria,23.9608181,91.1115014,29.5,32.0,25.4,46.12,25.38,68.62
2024-05-31,Brahmanbaria,23.9608181,91.1115014,30.7,1.1,18.0,49.52,27.79,82.58
2024-06-01,Brahmanbaria,23.9608181,91.1115014,29.7,7.8,13.5,46.8,25.2,80.08
2024-06-02,Brahmanbaria,23.9608181,91.1115014,28.7,10.8,17.0,48.01,26.6,81.0
2024-06-03,Brahmanbaria,23.9608181,91.1115014,28.6,6.0,19.9,33.94,19.45,76.92
2024-06-04,Brahmanbaria,23.9608181,91.1115014,28.6,12.1,18.0,25.8,15.58,59.83
2024-06-05,Brahmanbaria,23.9608181,91.1115014,29.4,1.4,10.4,39.8,23.81,60.0
2024-06-06,Brahmanbaria,23.9608181,91.1115014,29.1,8.2,13.1,61.76,35.02,87.5
2024-06-07,Brahmanbaria,23.9608181,91.1115014,28.9,19.5,16.3,63.69,38.06,108.96
2024-06-08,Brahmanbaria,23.9608181,91.1115014,28.5,11.3,17.0,42.69,25.26,93.62
2024-06-09,Brahmanbaria,23.9608181,91.1115014,29.4,15.1,19.2,38.26,22.02,70.17
2024-06-10,Brahmanbaria,23.9608181,91.1115014,29.5,9.3,16.3,52.8,30.23,77.38
2024-06-11,Brahmanbaria,23.9608181,91.1115014,30.8,1.1,13.7,41.37,22.82,87.21
2024-06-12,Brahmanbaria,23.9608181,91.1115014,29.5,4.8,18.1,26.85,15.8,67.17
2024-06-13,Brahmanbaria,23.9608181,91.1115014,28.9,3.8,20.8,21.52,12.7,53.83
2024-06-14,Brahmanbaria,23.9608181,91.1115014,28.2,16.6,23.2,50.28,29.4,67.0
2024-06-15,Brahmanbaria,23.9608181,91.1115014,29.9,4.3,24.1,58.11,33.73,91.62
2024-06-16,Brahmanbaria,23.9608181,91.1115014,29.4,7.8,19.2,43.2,24.5,89.96
2024-06-17,Brahmanbaria,23.9608181,91.1115014,29.3,7.6,20.5,39.6,22.93,73.92
2024-06-18,Brahmanbaria,23.9608181,91.1115014,28.6,9.2,24.4,34.15,20.55,70.46
2024-06-19,Brahmanbaria,23.9608181,91.1115014,26.9,25.9,24.4,26.3,16.18,65.71
2024-06-20,Brahmanbaria,23.9608181,91.1115014,28.4,1.6,15.5,22.01,14.05,54.04
2024-06-21,Brahmanbaria,23.9608181,91.1115014,28.8,1.3,12.0,36.03,23.82,63.38
2024-06-22,Brahmanbaria,23.9608181,91.1115014,29.1,1.1,13.1,37.16,25.36,78.12
2024-06-23,Brahmanbaria,23.9608181,91.1115014,29.4,3.6,12.7,25.8,17.29,71.17
2024-06-24,Brahmanbaria,23.9608181,91.1115014,29.6,2.5,12.2,20.92,13.72,57.38
2024-06-25,Brahmanbaria,23.9608181,91.1115014,29.9,2.7,12.4,34.26,19.84,55.75
2024-06-26,Brahmanbaria,23.9608181,91.1115014,29.0,4.3,13.9,30.84,20.31,71.92
2024-06-27,Brahmanbaria,23.9608181,91.1115014,29.0,9.1,16.9,20.27,14.19,63.12
2024-06-28,Brahmanbaria,23.9608181,91.1115014,28.6,4.2,20.1,10.49,6.95,39.38
2024-06-29,Brahmanbaria,23.9608181,91.1115014,28.3,11.2,23.4,9.93,6.54,29.71
2024-06-30,Brahmanbaria,23.9608181,91.1115014,27.7,20.6,23.0,8.11,5.53,28.92
2024-07-01,Brahmanbaria,23.9608181,91.1115014,26.7,51.2,18.9,15.04,10.5,32.29
2024-07-02,Brahmanbaria,23.9608181,91.1115014,26.7,37.3,15.5,13.96,9.78,44.5
2024-07-03,Brahmanbaria,23.9608181,91.1115014,27.5,5.8,22.4,19.3,13.44,49.5
2024-07-04,Brahmanbaria,23.9608181,91.1115014,28.0,8.1,19.9,12.27,7.88,44.17
2024-07-05,Brahmanbaria,23.9608181,91.1115014,27.8,4.0,24.1,9.33,6.22,31.21
2024-07-06,Brahmanbaria,23.9608181,91.1115014,28.3,2.4,18.5,18.89,10.84,33.83
2024-07-07,Brahmanbaria,23.9608181,91.1115014,28.9,4.2,12.0,23.51,14.29,50.25
2024-07-08,Brahmanbaria,23.9608181,91.1115014,27.9,5.6,12.7,19.5,12.77,54.12
2024-07-09,Brahmanbaria,23.9608181,91.1115014,28.3,7.8,17.4,13.13,8.77,47.54
2024-07-10,Brahmanbaria,23.9608181,91.1115014,28.5,5.5,18.0,15.01,9.9,35.67
2024-07-11,Brahmanbaria,23.9608181,91.1115014,28.8,5.0,22.0,17.24,11.49,44.96
2024-07-12,Brahmanbaria,23.9608181,91.1115014,27.8,8.8,21.4,14.83,9.81,43.08
2024-07-13,Brahmanbaria,23.9608181,91.1115014,29.0,1.7,14.4,19.31,13.22,46.04
2024-07-14,Brahmanbaria,23.9608181,91.1115014,29.5,0.5,12.0,21.1,14.26,53.96
2024-07-15,Brahmanbaria,23.9608181,91.1115014,30.0,1.3,18.3,18.88,12.72,55.58
2024-07-16,Brahmanbaria,23.9608181,91.1115014,29.5,1.3,13.3,17.48,11.95,51.25
2024-07-17,Brahmanbaria,23.9608181,91.1115014,30.3,1.3,9.4,22.71,15.49,47.71
2024-07-18,Brahmanbaria,23.9608181,91.1115014,30.6,3.6,14.9,32.65,22.7,68.38
2024-07-19,Brahmanbaria,23.9608181,91.1115014,29.8,7.0,16.7,17.77,12.1,65.67
2024-07-20,Brahmanbaria,23.9608181,91.1115014,29.6,6.2,19.8,11.42,7.51,38.25
2024-07-21,Brahmanbaria,23.9608181,91.1115014,28.6,7.9,22.1,10.06,6.45,31.17
2024-07-22,Brahmanbaria,23.9608181,91.1115014,28.0,9.7,25.3,9.29,6.02,27.75
2024-07-23,Brahmanbaria,23.9608181,91.1115014,28.7,2.1,25.4,8.66,5.68,29.54
2024-07-24,Brahmanbaria,23.9608181,91.1115014,29.1,13.1,18.3,8.92,5.98,30.75
2024-07-25,Brahmanbaria,23.9608181,91.1115014,29.8,1.0,22.0,12.36,8.35,33.79
2024-07-26,Brahmanbaria,23.9608181,91.1115014,30.0,4.6,25.6,12.86,8.67,40.54
2024-07-27,Brahmanbaria,23.9608181,91.1115014,30.1,1.4,24.8,10.48,7.15,33.54
2024-07-28,Brahmanbaria,23.9608181,91.1115014,30.1,2.1,16.9,15.81,10.88,43.04
2024-07-29,Brahmanbaria,23.9608181,91.1115014,29.5,5.1,19.0,11.29,7.63,37.54
2024-07-30,Brahmanbaria,23.9608181,91.1115014,28.6,25.0,18.3,12.99,8.81,32.83
2024-07-31,Brahmanbaria,23.9608181,91.1115014,27.7,8.3,17.5,13.85,9.79,38.54
2024-08-01,Brahmanbaria,23.9608181,91.1115014,25.9,60.2,31.1,7.84,5.55,35.33
2024-08-02,Brahmanbaria,23.9608181,91.1115014,25.3,47.5,23.6,12.97,8.58,27.38
2024-08-03,Brahmanbaria,23.9608181,91.1115014,26.9,24.5,21.3,11.2,7.39,34.75
2024-08-04,Brahmanbaria,23.9608181,91.1115014,27.7,33.8,17.3,16.24,10.73,38.71
2024-08-05,Brahmanbaria,23.9608181,91.1115014,28.3,5.4,15.0,17.56,11.22,47.33
2024-08-06,Brahmanbaria,23.9608181,91.1115014,27.9,3.8,15.0,15.21,10.2,44.92
2024-08-07,Brahmanbaria,23.9608181,91.1115014,27.8,18.1,16.6,12.2,8.2,37.33
2024-08-08,Brahmanbaria,23.9608181,91.1115014,27.3,3.5,18.7,12.42,8.21,34.5
2024-08-09,Brahmanbaria,23.9608181,91.1115014,27.2,13.4,19.9,12.51,8.35,33.46
2024-08-10,Brahmanbaria,23.9608181,91.1115014,27.6,6.6,20.8,19.58,12.5,42.17
2024-08-11,Brahmanbaria,23.9608181,91.1115014,27.7,19.0,19.8,21.62,14.17,55.83
2024-08-12,Brahmanbaria,23.9608181,91.1115014,28.0,4.8,13.2,22.31,14.68,54.0
2024-08-13,Brahmanbaria,23.9608181,91.1115014,28.6,7.2,12.6,25.79,16.56,55.38
2024-08-14,Brahmanbaria,23.9608181,91.1115014,29.2,4.8,13.4,20.67,13.78,58.42
2024-08-15,Brahmanbaria,23.9608181,91.1115014,29.1,2.9,13.0,19.33,13.02,52.88
2024-08-16,Brahmanbaria,23.9608181,91.1115014,28.1,2.2,16.1,12.74,8.76,48.25
2024-08-17,Brahmanbaria,23.9608181,91.1115014,27.2,17.5,23.2,13.55,9.5,35.25
2024-08-18,Brahmanbaria,23.9608181,91.1115014,26.6,16.3,19.9,7.51,5.21,36.21
2024-08-19,Brahmanbaria,23.9608181,91.1115014,25.4,60.5,23.2,7.61,5.28,19.5
2024-08-20,Brahmanbaria,23.9608181,91.1115014,26.2,18.6,18.7,17.72,12.16,40.96
2024-08-21,Brahmanbaria,23.9608181,91.1115014,25.8,42.9,19.6,8.04,5.51,35.5
2024-08-22,Brahmanbaria,23.9608181,91.1115014,26.3,15.7,14.9,11.01,7.64,26.83
2024-08-23,Brahmanbaria,23.9608181,91.1115014,27.1,7.4,17.8,8.6,5.82,29.67
2024-08-24,Brahmanbaria,23.9608181,91.1115014,27.7,2.2,17.2,11.42,7.81,28.71
2024-08-25,Brahmanbaria,23.9608181,91.1115014,26.9,11.6,23.8,8.39,5.78,31.96
2024-08-26,Brahmanbaria,23.9608181,91.1115014,26.5,19.8,21.5,8.45,5.81,23.0
2024-08-27,Brahmanbaria,23.9608181,91.1115014,28.0,11.5,13.8,14.02,9.65,33.38
2024-08-28,Brahmanbaria,23.9608181,91.1115014,28.1,1.7,10.5,24.25,16.14,49.79
2024-08-29,Brahmanbaria,23.9608181,91.1115014,28.8,8.1,7.5,30.08,20.69,66.29
2024-08-30,Brahmanbaria,23.9608181,91.1115014,29.2,4.5,11.6,25.08,17.29,69.08
2024-08-31,Brahmanbaria,23.9608181,91.1115014,29.2,1.6,14.8,14.99,10.07,49.33
2024-09-01,Brahmanbaria,23.9608181,91.1115014,29.0,0.2,11.9,19.45,13.1,48.92
2024-09-02,Brahmanbaria,23.9608181,91.1115014,28.7,9.8,10.4,32.02,21.49,73.67
2024-09-03,Brahmanbaria,23.9608181,91.1115014,27.5,23.5,10.3,22.8,15.72,61.0
2024-09-04,Brahmanbaria,23.9608181,91.1115014,28.7,1.5,12.5,30.98,21.31,67.96
2024-09-05,Brahmanbaria,23.9608181,91.1115014,28.6,13.4,9.2,23.78,16.02,62.71
2024-09-06,Brahmanbaria,23.9608181,91.1115014,29.3,1.4,13.4,24.61,16.76,69.17
2024-09-07,Brahmanbaria,23.9608181,91.1115014,29.3,9.0,16.5,17.02,11.88,54.21
2024-09-08,Brahmanbaria,23.9608181,91.1115014,29.3,6.3,12.8,21.88,15.04,56.08
2024-09-09,Brahmanbaria,23.9608181,91.1115014,29.5,6.9,14.8,14.37,9.3,46.88
2024-09-10,Brahmanbaria,23.9608181,91.1115014,28.0,47.1,13.9,14.73,9.7,39.83
2024-09-11,Brahmanbaria,23.9608181,91.1115014,29.2,1.1,13.4,18.1,12.07,45.62
2024-09-12,Brahmanbaria,23.9608181,91.1115014,29.9,2.8,17.1,27.89,19.14,74.46
2024-09-13,Brahmanbaria,23.9608181,91.1115014,28.7,22.0,20.5,12.53,8.76,56.67
2024-09-14,Brahmanbaria,23.9608181,91.1115014,25.7,52.7,24.4,8.35,5.83,30.62
2024-09-15,Brahmanbaria,23.9608181,91.1115014,26.2,14.6,20.4,13.0,8.94,28.54
2024-09-16,Brahmanbaria,23.9608181,91.1115014,27.8,2.1,15.6,22.89,15.03,45.79
2024-09-17,Brahmanbaria,23.9608181,91.1115014,28.8,0.4,6.1,41.5,28.26,75.5
2024-09-18,Brahmanbaria,23.9608181,91.1115014,30.2,0.4,7.9,60.57,41.06,115.83
2024-09-19,Brahmanbaria,23.9608181,91.1115014,30.4,5.8,15.0,63.46,43.6,125.71
2024-09-20,Brahmanbaria,23.9608181,91.1115014,31.4,0.0,9.3,65.27,45.37,137.88
2024-09-21,Brahmanbaria,23.9608181,91.1115014,30.6,1.6,21.7,67.67,47.2,136.54
2024-09-22,Brahmanbaria,23.9608181,91.1115014,31.2,0.0,8.9,66.91,46.72,143.33
2024-09-23,Brahmanbaria,23.9608181,91.1115014,30.7,12.2,15.2,57.1,39.83,130.67
2024-09-24,Brahmanbaria,23.9608181,91.1115014,28.6,9.9,13.0,18.37,12.75,75.75
2024-09-25,Brahmanbaria,23.9608181,91.1115014,26.3,42.7,20.2,11.12,7.74,45.5
2024-09-26,Brahmanbaria,23.9608181,91.1115014,26.4,39.0,12.3,19.06,12.59,35.83
2024-09-27,Brahmanbaria,23.9608181,91.1115014,27.6,0.0,13.5,26.83,17.44,59.42
2024-09-28,Brahmanbaria,23.9608181,91.1115014,28.1,1.9,11.8,23.77,15.51,56.75
2024-09-29,Brahmanbaria,23.9608181,91.1115014,28.0,6.4,12.5,29.08,19.72,59.54
2024-09-30,Brahmanbaria,23.9608181,91.1115014,28.4,4.5,10.0,57.85,39.13,88.83
2024-10-01,Brahmanbaria,23.9608181,91.1115014,27.7,31.2,9.4,72.93,49.7,131.0
2024-10-02,Brahmanbaria,23.9608181,91.1115014,27.4,31.1,9.1,49.94,34.72,136.92
2024-10-03,Brahmanbaria,23.9608181,91.1115014,25.9,30.7,14.5,22.98,15.97,66.42
2024-10-04,Brahmanbaria,23.9608181,91.1115014,26.4,18.5,18.9,14.06,9.57,52.58
2024-10-05,Brahmanbaria,23.9608181,91.1115014,25.5,49.7,16.3,18.98,12.55,41.75
2024-10-06,Brahmanbaria,23.9608181,91.1115014,27.3,4.2,10.5,25.16,16.58,55.58
2024-10-07,Brahmanbaria,23.9608181,91.1115014,27.3,2.8,9.9,29.3,19.88,62.83
2024-10-08,Brahmanbaria,23.9608181,91.1115014,27.1,5.5,8.8,53.74,36.8,93.25
2024-10-09,Brahmanbaria,23.9608181,91.1115014,26.6,17.7,9.0,44.35,30.18,94.5
2024-10-10,Brahmanbaria,23.9608181,91.1115014,26.3,5.0,9.3,50.15,34.5,97.21
2024-10-11,Brahmanbaria,23.9608181,91.1115014,26.4,14.5,14.2,47.96,32.82,90.96
2024-10-12,Brahmanbaria,23.9608181,91.1115014,26.3,6.4,5.6,68.68,46.58,104.04
2024-10-13,Brahmanbaria,23.9608181,91.1115014,26.9,0.0,7.4,99.32,63.8,152.38
2024-10-14,Brahmanbaria,23.9608181,91.1115014,26.9,0.0,6.7,101.95,64.75,155.04
2024-10-15,Brahmanbaria,23.9608181,91.1115014,27.0,2.2,9.8,117.79,76.57,165.12
2024-10-16,Brahmanbaria,23.9608181,91.1115014,27.4,0.0,7.0,111.56,72.71,167.12
2024-10-17,Brahmanbaria,23.9608181,91.1115014,26.9,0.6,6.5,110.58,72.54,162.92
2024-10-18,Brahmanbaria,23.9608181,91.1115014,26.1,10.2,10.3,102.3,68.01,157.5
2024-10-19,Brahmanbaria,23.9608181,91.1115014,26.0,1.0,11.3,62.01,42.65,142.04
2024-10-20,Brahmanbaria,23.9608181,91.1115014,26.2,0.0,10.0,75.7,51.4,131.38
2024-10-21,Brahmanbaria,23.9608181,91.1115014,26.5,0.0,8.3,73.17,49.85,140.75
2024-10-22,Brahmanbaria,23.9608181,91.1115014,28.2,0.0,9.9,46.45,32.29,113.5
2024-10-23,Brahmanbaria,23.9608181,91.1115014,26.3,25.6,11.4,30.5,21.23,84.29
2024-10-24,Brahmanbaria,23.9608181,91.1115014,25.2,3.2,20.6,14.8,10.29,54.62
2024-10-25,Brahmanbaria,23.9608181,91.1115014,26.4,5.3,17.2,30.97,20.24,52.0
2024-10-26,Brahmanbaria,23.9608181,91.1115014,27.0,0.4,11.3,50.82,32.78,78.12
2024-10-27,Brahmanbaria,23.9608181,91.1115014,27.4,0.0,6.7,74.25,50.01,126.42
2024-10-28,Brahmanbaria,23.9608181,91.1115014,26.9,0.0,10.3,64.26,43.04,129.92
2024-10-29,Brahmanbaria,23.9608181,91.1115014,27.4,0.0,8.3,73.03,49.89,127.12
2024-10-30,Brahmanbaria,23.9608181,91.1115014,26.7,2.3,14.3,114.48,78.3,160.04
2024-10-31,Brahmanbaria,23.9608181,91.1115014,26.2,3.7,6.7,117.01,80.14,165.67
2024-11-01,Brahmanbaria,23.9608181,91.1115014,26.9,0.1,7.8,97.41,66.58,158.29
2024-11-02,Brahmanbaria,23.9608181,91.1115014,26.3,0.0,8.5,98.09,66.07,155.04
2024-11-03,Brahmanbaria,23.9608181,91.1115014,26.2,0.0,7.8,94.24,64.3,156.62
2024-11-04,Brahmanbaria,23.9608181,91.1115014,26.5,0.0,8.4,83.75,57.01,153.17
2024-11-05,Brahmanbaria,23.9608181,91.1115014,25.9,10.5,10.2,62.41,42.47,135.08
2024-11-06,Brahmanbaria,23.9608181,91.1115014,24.8,0.4,7.4,37.36,25.93,97.38
2024-11-07,Brahmanbaria,23.9608181,91.1115014,24.6,0.0,8.3,36.9,25.5,82.71
2024-11-08,Brahmanbaria,23.9608181,91.1115014,24.6,0.0,12.7,21.99,15.3,69.42
2024-11-09,Brahmanbaria,23.9608181,91.1115014,24.1,0.0,9.3,21.29,14.86,53.71
2024-11-10,Brahmanbaria,23.9608181,91.1115014,24.7,0.0,7.3,29.84,20.82,64.92
2024-11-11,Brahmanbaria,23.9608181,91.1115014,26.0,0.0,7.7,33.43,23.39,78.08
2024-11-12,Brahmanbaria,23.9608181,91.1115014,26.2,0.0,10.0,37.82,29.01,90.83
2024-11-13,Brahmanbaria,23.9608181,91.1115014,25.3,0.0,9.7,42.82,41.17,104.25
2024-11-14,Brahmanbaria,23.9608181,91.1115014,24.9,0.0,10.8,53.73,52.49,136.04
2024-11-15,Brahmanbaria,23.9608181,91.1115014,24.5,0.0,9.7,64.41,62.9,148.21
2024-11-16,Brahmanbaria,23.9608181,91.1115014,23.9,0.0,9.3,93.29,89.08,161.0
2024-11-17,Brahmanbaria,23.9608181,91.1115014,22.9,0.0,8.7,105.92,101.85,170.46
2024-11-18,Brahmanbaria,23.9608181,91.1115014,22.9,0.0,9.7,72.59,70.86,170.29
2024-11-19,Brahmanbaria,23.9608181,91.1115014,22.8,0.0,8.1,44.49,43.63,138.75
2024-11-20,Brahmanbaria,23.9608181,91.1115014,23.4,0.0,6.9,33.27,32.58,96.38
2024-11-21,Brahmanbaria,23.9608181,91.1115014,22.2,0.0,7.1,50.74,50.03,118.58
2024-11-22,Brahmanbaria,23.9608181,91.1115014,21.6,0.0,5.8,74.37,73.48,152.88
2024-11-23,Brahmanbaria,23.9608181,91.1115014,22.0,0.0,6.5,80.81,79.8,161.62
2024-11-24,Brahmanbaria,23.9608181,91.1115014,22.0,0.0,8.7,78.05,75.59,160.71
2024-11-25,Brahmanbaria,23.9608181,91.1115014,21.9,0.0,8.4,92.25,88.46,164.71
2024-11-26,Brahmanbaria,23.9608181,91.1115014,21.9,0.0,9.6,105.63,101.07,173.46
2024-11-27,Brahmanbaria,23.9608181,91.1115014,21.9,0.0,7.1,54.3,52.17,160.5
2024-11-28,Brahmanbaria,23.9608181,91.1115014,22.4,0.3,8.3,33.32,31.82,101.92
2024-11-29,Brahmanbaria,23.9608181,91.1115014,23.6,0.0,8.5,42.32,40.7,107.38
2024-11-30,Brahmanbaria,23.9608181,91.1115014,24.7,0.0,11.9,28.6,27.67,101.17
2024-12-01,Brahmanbaria,23.9608181,91.1115014,23.5,0.0,8.5,37.48,36.84,93.67
2024-12-02,Brahmanbaria,23.9608181,91.1115014,23.0,0.0,6.5,43.96,41.39,104.83
2024-12-03,Brahmanbaria,23.9608181,91.1115014,22.4,0.0,9.5,44.04,40.83,117.92
2024-12-04,Brahmanbaria,23.9608181,91.1115014,21.5,0.0,8.8,56.1,54.54,118.17
2024-12-05,Brahmanbaria,23.9608181,91.1115014,21.3,0.0,8.1,125.5,118.77,167.96
2024-12-06,Brahmanbaria,23.9608181,91.1115014,20.4,0.0,11.0,121.77,118.2,187.29
2024-12-07,Brahmanbaria,23.9608181,91.1115014,19.5,0.0,11.8,87.41,84.84,171.0
2024-12-08,Brahmanbaria,23.9608181,91.1115014,19.4,0.0,9.9,101.18,97.87,168.5
2024-12-09,Brahmanbaria,23.9608181,91.1115014,20.2,0.0,12.7,89.87,87.11,169.75
2024-12-10,Brahmanbaria,23.9608181,91.1115014,20.0,0.0,10.9,105.59,103.3,172.08
2024-12-11,Brahmanbaria,23.9608181,91.1115014,19.4,0.0,10.7,91.29,89.25,169.67
2024-12-12,Brahmanbaria,23.9608181,91.1115014,18.6,0.0,8.8,89.95,88.5,166.5
2024-12-13,Brahmanbaria,23.9608181,91.1115014,18.4,0.0,7.9,98.69,97.34,171.46
2024-12-14,Brahmanbaria,23.9608181,91.1115014,18.5,0.0,8.5,90.82,89.79,171.04
2024-12-15,Brahmanbaria,23.9608181,91.1115014,18.2,0.0,8.4,73.03,72.38,165.17
2024-12-16,Brahmanbaria,23.9608181,91.1115014,18.4,0.0,6.3,50.42,49.36,141.17
2024-12-17,Brahmanbaria,23.9608181,91.1115014,20.0,0.0,7.5,57.21,56.09,146.42
2024-12-18,Brahmanbaria,23.9608181,91.1115014,20.3,0.0,8.6,72.38,71.26,154.0
2024-12-19,Brahmanbaria,23.9608181,91.1115014,19.0,0.0,7.3,75.08,74.08,157.75
2024-12-20,Brahmanbaria,23.9608181,91.1115014,18.9,0.0,6.5,75.99,74.86,161.17
2024-12-21,Brahmanbaria,23.9608181,91.1115014,18.6,0.6,8.9,87.01,86.21,161.5
2024-12-22,Brahmanbaria,23.9608181,91.1115014,18.4,0.0,11.4,69.23,68.75,166.42
2024-12-23,Brahmanbaria,23.9608181,91.1115014,19.0,0.0,6.9,52.25,51.43,146.83
2024-12-24,Brahmanbaria,23.9608181,91.1115014,18.9,0.0,7.5,58.42,57.15,143.0
2024-12-25,Brahmanbaria,23.9608181,91.1115014,19.4,0.0,7.1,64.04,62.75,151.17
2024-12-26,Brahmanbaria,23.9608181,91.1115014,20.0,0.0,8.4,63.86,62.27,154.71
2024-12-27,Brahmanbaria,23.9608181,91.1115014,19.6,0.0,8.5,63.79,62.64,153.62
2024-12-28,Brahmanbaria,23.9608181,91.1115014,19.4,0.0,8.5,72.74,71.6,156.79
2024-12-29,Brahmanbaria,23.9608181,91.1115014,19.9,0.0,7.4,80.58,79.05,158.96
2024-12-30,Brahmanbaria,23.9608181,91.1115014,20.3,0.0,10.3,87.38,86.39,166.83
2024-12-31,Brahmanbaria,23.9608181,91.1115014,19.5,0.0,9.3,75.54,74.26,160.79
2025-01-01,Brahmanbaria,23.9608181,91.1115014,18.9,0.0,9.0,87.07,85.41,162.79
2025-01-02,Brahmanbaria,23.9608181,91.1115014,18.1,0.0,7.8,81.8,80.27,165.29
2025-01-03,Brahmanbaria,23.9608181,91.1115014,18.3,0.0,6.8,89.68,85.83,163.88
2025-01-04,Brahmanbaria,23.9608181,91.1115014,19.8,0.0,7.1,64.69,60.88,160.33
2025-01-05,Brahmanbaria,23.9608181,91.1115014,20.3,0.0,8.0,57.54,55.53,152.54
2025-01-06,Brahmanbaria,23.9608181,91.1115014,21.2,0.0,8.5,54.13,52.78,131.17
2025-01-07,Brahmanbaria,23.9608181,91.1115014,20.4,0.0,13.0,80.69,78.72,155.79
2025-01-08,Brahmanbaria,23.9608181,91.1115014,18.7,0.1,9.0,91.03,89.17,163.96
2025-01-09,Brahmanbaria,23.9608181,91.1115014,17.6,0.0,9.2,80.66,79.34,165.29
2025-01-10,Brahmanbaria,23.9608181,91.1115014,17.6,0.0,7.3,92.59,91.25,166.25
2025-01-11,Brahmanbaria,23.9608181,91.1115014,18.5,0.0,7.4,70.92,69.64,167.54
2025-01-12,Brahmanbaria,23.9608181,91.1115014,20.1,0.0,8.2,37.08,35.72,117.83
2025-01-13,Brahmanbaria,23.9608181,91.1115014,19.9,0.0,11.3,69.97,67.82,137.38
2025-01-14,Brahmanbaria,23.9608181,91.1115014,19.9,0.0,12.6,95.37,92.83,165.79
2025-01-15,Brahmanbaria,23.9608181,91.1115014,20.0,0.0,11.3,67.06,65.87,162.29
2025-01-16,Brahmanbaria,23.9608181,91.1115014,20.2,0.0,8.8,54.95,54.4,152.83
2025-01-17,Brahmanbaria,23.9608181,91.1115014,20.5,0.0,9.9,49.55,49.15,126.21
2025-01-18,Brahmanbaria,23.9608181,91.1115014,20.1,0.0,8.8,63.95,63.47,149.25
2025-01-19,Brahmanbaria,23.9608181,91.1115014,19.6,0.0,10.3,68.03,67.47,155.04
2025-01-20,Brahmanbaria,23.9608181,91.1115014,18.4,0.0,7.2,92.21,91.14,160.04
2025-01-21,Brahmanbaria,23.9608181,91.1115014,18.7,0.0,6.9,126.12,124.97,178.29
2025-01-22,Brahmanbaria,23.9608181,91.1115014,19.2,0.0,6.3,160.9,160.15,195.79
2025-01-23,Brahmanbaria,23.9608181,91.1115014,18.5,0.0,8.7,181.54,178.4,225.0
2025-01-24,Brahmanbaria,23.9608181,91.1115014,17.9,0.0,5.7,163.84,157.67,220.54
2025-01-25,Brahmanbaria,23.9608181,91.1115014,18.9,0.0,9.7,136.21,131.29,195.83
2025-01-26,Brahmanbaria,23.9608181,91.1115014,18.0,0.0,7.6,113.85,111.52,184.17
2025-01-27,Brahmanbaria,23.9608181,91.1115014,18.0,0.0,6.7,119.03,116.61,179.08
2025-01-28,Brahmanbaria,23.9608181,91.1115014,18.6,0.0,8.6,136.77,134.42,185.88
2025-01-29,Brahmanbaria,23.9608181,91.1115014,18.8,0.0,7.1,153.14,150.25,198.71
2025-01-30,Brahmanbaria,23.9608181,91.1115014,19.6,1.0,18.4,123.86,121.64,193.75
2025-01-31,Brahmanbaria,23.9608181,91.1115014,21.8,4.5,13.8,69.8,68.83,168.42
2025-02-01,Brahmanbaria,23.9608181,91.1115014,21.6,0.3,7.6,89.47,88.36,156.71
2025-02-02,Brahmanbaria,23.9608181,91.1115014,21.6,0.1,9.8,125.7,122.64,178.92
2025-02-03,Brahmanbaria,23.9608181,91.1115014,20.9,0.0,7.2,131.35,122.98,194.88
2025-02-04,Brahmanbaria,23.9608181,91.1115014,20.2,0.0,7.2,106.21,98.34,172.54
2025-02-05,Brahmanbaria,23.9608181,91.1115014,20.6,0.0,6.9,142.88,136.72,182.71
2025-02-06,Brahmanbaria,23.9608181,91.1115014,21.5,0.0,11.9,108.28,105.59,187.33
2025-02-07,Brahmanbaria,23.9608181,91.1115014,19.2,0.0,7.8,73.94,70.2,164.46
2025-02-08,Brahmanbaria,23.9608181,91.1115014,18.2,0.0,7.1,79.2,73.36,160.5
2025-02-09,Brahmanbaria,23.9608181,91.1115014,18.2,0.0,7.6,91.65,84.68,159.04
2025-02-10,Brahmanbaria,23.9608181,91.1115014,19.3,0.0,10.1,129.32,119.21,179.0
2025-02-11,Brahmanbaria,23.9608181,91.1115014,20.3,0.7,16.4,88.44,85.66,174.71
2025-02-12,Brahmanbaria,23.9608181,91.1115014,22.7,1.0,12.2,77.44,75.15,159.04
2025-02-13,Brahmanbaria,23.9608181,91.1115014,22.9,1.1,15.8,56.92,52.88,157.88
2025-02-14,Brahmanbaria,23.9608181,91.1115014,21.0,0.0,9.6,55.14,50.32,138.42
2025-02-15,Brahmanbaria,23.9608181,91.1115014,20.1,0.0,10.3,66.41,62.48,150.12
2025-02-16,Brahmanbaria,23.9608181,91.1115014,20.9,0.0,15.0,74.19,69.27,156.75
2025-02-17,Brahmanbaria,23.9608181,91.1115014,22.6,0.0,13.5,67.48,64.63,154.04
2025-02-18,Brahmanbaria,23.9608181,91.1115014,22.5,2.4,10.7,87.67,82.34,162.29
2025-02-19,Brahmanbaria,23.9608181,91.1115014,22.8,0.3,8.2,99.99,91.25,169.08
2025-02-20,Brahmanbaria,23.9608181,91.1115014,23.1,0.0,8.1,69.72,61.55,162.12
2025-02-21,Brahmanbaria,23.9608181,91.1115014,23.8,0.0,10.4,81.41,72.95,155.04
2025-02-22,Brahmanbaria,23.9608181,91.1115014,23.4,0.0,9.9,99.85,93.04,168.79
2025-02-23,Brahmanbaria,23.9608181,91.1115014,21.8,11.1,25.9,99.95,91.69,166.25
2025-02-24,Brahmanbaria,23.9608181,91.1115014,22.3,0.0,9.4,102.4,89.11,172.29
2025-02-25,Brahmanbaria,23.9608181,91.1115014,22.7,0.0,11.7,72.15,59.1,158.17
2025-02-26,Brahmanbaria,23.9608181,91.1115014,22.0,0.0,10.2,69.08,58.29,151.38
2025-02-27,Brahmanbaria,23.9608181,91.1115014,22.8,0.0,10.9,81.75,70.84,155.21
2025-02-28,Brahmanbaria,23.9608181,91.1115014,23.7,0.0,8.7,127.44,112.24,168.79
2025-03-01,Brahmanbaria,23.9608181,91.1115014,24.7,0.3,15.5,118.16,101.41,185.33
2025-03-02,Brahmanbaria,23.9608181,91.1115014,25.8,0.0,14.5,66.66,55.5,155.29
2025-03-03,Brahmanbaria,23.9608181,91.1115014,25.5,0.0,12.8,62.18,50.45,146.08
2025-03-04,Brahmanbaria,23.9608181,91.1115014,24.3,0.0,15.9,67.34,55.61,152.75
2025-03-05,Brahmanbaria,23.9608181,91.1115014,23.9,0.0,15.8,96.63,45.82,116.46
2025-03-06,Brahmanbaria,23.9608181,91.1115014,22.9,0.0,13.1,100.85,57.77,149.62
2025-03-07,Brahmanbaria,23.9608181,91.1115014,22.1,0.0,12.9,87.99,59.38,152.42
2025-03-08,Brahmanbaria,23.9608181,91.1115014,23.1,0.0,15.3,99.38,67.4,160.88
2025-03-09,Brahmanbaria,23.9608181,91.1115014,24.4,0.0,8.7,75.62,60.59,158.29
2025-03-10,Brahmanbaria,23.9608181,91.1115014,24.8,0.0,11.7,76.9,60.23,153.5
2025-03-11,Brahmanbaria,23.9608181,91.1115014,25.0,0.0,13.9,104.29,92.15,168.33
2025-03-12,Brahmanbaria,23.9608181,91.1115014,26.0,0.0,16.5,101.98,93.55,178.67
2025-03-13,Brahmanbaria,23.9608181,91.1115014,26.2,0.0,21.2,38.2,34.65,145.62
2025-03-14,Brahmanbaria,23.9608181,91.1115014,28.0,0.3,14.9,36.19,33.36,93.5
2025-03-15,Brahmanbaria,23.9608181,91.1115014,28.7,0.1,13.5,42.8,36.82,94.38
2025-03-16,Brahmanbaria,23.9608181,91.1115014,28.6,0.7,15.4,40.89,36.68,108.42
2025-03-17,Brahmanbaria,23.9608181,91.1115014,27.4,1.1,21.1,28.56,25.94,96.29
2025-03-18,Brahmanbaria,23.9608181,91.1115014,27.6,0.0,11.5,43.6,33.32,96.62
2025-03-19,Brahmanbaria,23.9608181,91.1115014,27.9,0.0,13.4,65.05,54.57,132.46
2025-03-20,Brahmanbaria,23.9608181,91.1115014,26.8,1.8,18.8,76.45,69.97,154.96
2025-03-21,Brahmanbaria,23.9608181,91.1115014,25.2,0.0,13.0,83.95,77.0,165.92
2025-03-22,Brahmanbaria,23.9608181,91.1115014,24.0,0.3,12.1,65.53,62.35,153.29
2025-03-23,Brahmanbaria,23.9608181,91.1115014,25.0,0.0,11.9,58.09,54.91,154.12
2025-03-24,Brahmanbaria,23.9608181,91.1115014,25.7,0.0,12.9,66.32,55.7,150.79
2025-03-25,Brahmanbaria,23.9608181,91.1115014,26.9,0.0,12.0,66.39,57.77,156.71
2025-03-26,Brahmanbaria,23.9608181,91.1115014,27.5,0.0,11.9,67.0,60.35,157.88
2025-03-27,Brahmanbaria,23.9608181,91.1115014,28.7,0.0,15.9,84.26,78.49,168.12
2025-03-28,Brahmanbaria,23.9608181,91.1115014,30.2,0.0,18.5,52.37,45.3,150.83
2025-03-29,Brahmanbaria,23.9608181,91.1115014,30.4,0.0,20.4,52.42,44.55,122.12
2025-03-30,Brahmanbaria,23.9608181,91.1115014,30.3,0.0,15.2,62.13,50.48,123.33
2025-03-31,Brahmanbaria,23.9608181,91.1115014,30.1,0.1,15.8,60.03,52.78,144.04
2025-04-01,Brahmanbaria,23.9608181,91.1115014,30.1,0.0,15.1,54.35,45.98,133.42
2025-04-02,Brahmanbaria,23.9608181,91.1115014,30.0,0.1,13.4,57.28,49.03,122.38
2025-04-03,Brahmanbaria,23.9608181,91.1115014,30.9,0.0,14.9,55.73,49.44,141.58
2025-04-04,Brahmanbaria,23.9608181,91.1115014,30.3,0.0,12.5,58.52,52.7,143.17
2025-04-05,Brahmanbaria,23.9608181,91.1115014,28.8,3.6,18.2,66.66,60.52,153.75
2025-04-06,Brahmanbaria,23.9608181,91.1115014,28.4,2.9,15.5,41.83,38.48,117.0
2025-04-07,Brahmanbaria,23.9608181,91.1115014,29.6,0.0,12.4,72.71,66.88,145.96
2025-04-08,Brahmanbaria,23.9608181,91.1115014,29.6,0.1,17.3,60.38,54.05,154.0
2025-04-09,Brahmanbaria,23.9608181,91.1115014,29.0,0.1,8.3,41.56,39.05,128.58
2025-04-10,Brahmanbaria,23.9608181,91.1115014,29.2,0.0,12.7,26.85,24.54,96.79
2025-04-11,Brahmanbaria,23.9608181,91.1115014,28.4,9.5,17.2,21.94,19.37,67.21
2025-04-12,Brahmanbaria,23.9608181,91.1115014,27.0,8.5,11.0,31.37,23.08,76.62
2025-04-13,Brahmanbaria,23.9608181,91.1115014,29.6,0.0,8.4,54.16,40.25,111.62
2025-04-14,Brahmanbaria,23.9608181,91.1115014,30.0,0.0,10.0,63.07,54.2,139.88
2025-04-15,Brahmanbaria,23.9608181,91.1115014,28.7,0.5,10.0,81.9,73.74,163.96
2025-04-16,Brahmanbaria,23.9608181,91.1115014,26.6,7.5,12.1,53.14,46.68,151.79
2025-04-17,Brahmanbaria,23.9608181,91.1115014,25.4,9.3,14.4,40.45,32.9,105.58
2025-04-18,Brahmanbaria,23.9608181,91.1115014,24.8,5.8,19.4,42.28,33.65,107.71
2025-04-19,Brahmanbaria,23.9608181,91.1115014,25.9,21.9,12.2,33.15,25.94,80.62
2025-04-20,Brahmanbaria,23.9608181,91.1115014,26.3,6.3,10.6,27.48,22.55,77.38
2025-04-21,Brahmanbaria,23.9608181,91.1115014,26.3,18.1,13.9,26.41,21.82,70.04
2025-04-22,Brahmanbaria,23.9608181,91.1115014,28.3,3.8,22.3,43.92,35.35,87.88
2025-04-23,Brahmanbaria,23.9608181,91.1115014,29.7,0.7,26.4,41.54,34.08,101.67
2025-04-24,Brahmanbaria,23.9608181,91.1115014,30.0,0.0,24.8,32.2,27.23,89.83
2025-04-25,Brahmanbaria,23.9608181,91.1115014,30.3,0.2,22.2,19.72,16.3,69.96
2025-04-26,Brahmanbaria,23.9608181,91.1115014,30.4,0.4,20.2,28.14,21.93,63.21
2025-04-27,Brahmanbaria,23.9608181,91.1115014,29.8,0.4,15.4,35.62,29.83,70.29
2025-04-28,Brahmanbaria,23.9608181,91.1115014,26.3,15.0,15.1,30.62,27.81,101.25
2025-04-29,Brahmanbaria,23.9608181,91.1115014,25.6,1.3,13.0,32.66,29.21,84.79
2025-04-30,Brahmanbaria,23.9608181,91.1115014,26.6,0.0,16.2,36.44,31.98,95.38
2025-05-01,Brahmanbaria,23.9608181,91.1115014,26.5,2.2,11.0,36.22,31.46,108.54
2025-05-02,Brahmanbaria,23.9608181,91.1115014,27.0,1.2,19.0,40.54,37.22,122.5
2025-05-03,Brahmanbaria,23.9608181,91.1115014,26.7,0.3,12.2,35.09,31.47,111.21
2025-05-04,Brahmanbaria,23.9608181,91.1115014,27.8,0.2,10.9,30.42,27.98,96.71
2025-05-05,Brahmanbaria,23.9608181,91.1115014,28.7,0.3,9.8,33.63,29.74,84.83
2025-05-06,Brahmanbaria,23.9608181,91.1115014,28.0,3.0,21.9,42.29,37.61,97.0
2025-05-07,Brahmanbaria,23.9608181,91.1115014,29.2,0.0,11.2,71.78,65.24,154.25
2025-05-08,Brahmanbaria,23.9608181,91.1115014,31.3,0.0,14.8,61.25,51.98,158.12
2025-05-09,Brahmanbaria,23.9608181,91.1115014,31.8,0.0,12.2,86.14,70.72,166.21
2025-05-10,Brahmanbaria,23.9608181,91.1115014,32.1,0.0,20.5,75.9,62.1,166.12
2025-05-11,Brahmanbaria,23.9608181,91.1115014,31.5,0.0,11.7,88.68,79.01,167.0
2025-05-12,Brahmanbaria,23.9608181,91.1115014,29.7,0.7,10.2,77.82,70.51,162.88
2025-05-13,Brahmanbaria,23.9608181,91.1115014,28.7,9.2,16.3,54.22,48.6,147.67
2025-05-14,Brahmanbaria,23.9608181,91.1115014,30.2,2.8,15.3,38.17,32.55,112.12
2025-05-15,Brahmanbaria,23.9608181,91.1115014,30.1,0.8,12.2,48.13,38.52,90.25
2025-05-16,Brahmanbaria,23.9608181,91.1115014,28.0,27.8,12.3,43.9,34.98,117.12
2025-05-17,Brahmanbaria,23.9608181,91.1115014,29.4,0.9,16.8,31.75,23.38,84.58
2025-05-18,Brahmanbaria,23.9608181,91.1115014,27.9,4.2,19.0,26.26,18.97,69.08
2025-05-19,Brahmanbaria,23.9608181,91.1115014,26.9,7.7,13.3,26.26,20.05,60.54
2025-05-20,Brahmanbaria,23.9608181,91.1115014,26.7,6.8,13.4,22.86,17.75,74.25
2025-05-21,Brahmanbaria,23.9608181,91.1115014,27.1,3.8,13.4,19.67,15.28,54.25
2025-05-22,Brahmanbaria,23.9608181,91.1115014,27.1,7.3,12.2,17.65,15.39,61.38
2025-05-23,Brahmanbaria,23.9608181,91.1115014,28.0,2.6,9.5,22.22,18.86,59.25
2025-05-24,Brahmanbaria,23.9608181,91.1115014,28.3,6.9,10.9,12.14,11.46,53.83
2025-05-25,Brahmanbaria,23.9608181,91.1115014,29.6,1.5,8.4,18.0,17.4,60.71
2025-05-26,Brahmanbaria,23.9608181,91.1115014,29.1,12.6,12.9,15.02,14.77,59.54
2025-05-27,Brahmanbaria,23.9608181,91.1115014,29.6,4.7,13.8,20.43,20.19,76.67
2025-05-28,Brahmanbaria,23.9608181,91.1115014,28.8,5.4,16.5,13.6,13.4,61.42
2025-05-29,Brahmanbaria,23.9608181,91.1115014,26.3,75.4,27.5,9.55,9.47,48.83
2025-05-30,Brahmanbaria,23.9608181,91.1115014,27.2,96.0,35.0,14.45,14.36,40.62
2025-05-31,Brahmanbaria,23.9608181,91.1115014,27.1,39.1,20.9,13.01,12.39,60.54
2025-06-01,Brahmanbaria,23.9608181,91.1115014,27.7,15.5,19.3,11.94,11.03,46.79
2025-06-02,Brahmanbaria,23.9608181,91.1115014,27.9,3.6,18.0,25.11,18.24,57.58
2025-06-03,Brahmanbaria,23.9608181,91.1115014,28.0,4.3,16.7,39.6,28.08,77.71
2025-06-04,Brahmanbaria,23.9608181,91.1115014,27.5,3.5,18.2,25.93,21.0,76.21
2025-06-05,Brahmanbaria,23.9608181,91.1115014,26.8,12.0,13.4,19.29,16.31,63.46
2025-06-06,Brahmanbaria,23.9608181,91.1115014,27.9,7.7,10.5,35.7,30.19,75.96
2025-06-07,Brahmanbaria,23.9608181,91.1115014,29.0,0.5,9.5,46.1,37.94,98.33
2025-06-08,Brahmanbaria,23.9608181,91.1115014,29.5,3.0,9.6,61.43,54.88,130.71
2025-06-09,Brahmanbaria,23.9608181,91.1115014,30.1,1.4,7.3,45.23,39.23,136.54
2025-06-10,Brahmanbaria,23.9608181,91.1115014,29.5,6.4,11.9,36.9,33.4,108.04
2025-06-11,Brahmanbaria,23.9608181,91.1115014,29.4,9.8,20.2,20.22,18.74,90.21
2025-06-12,Brahmanbaria,23.9608181,91.1115014,29.7,0.7,12.7,23.42,22.67,70.29
2025-06-13,Brahmanbaria,23.9608181,91.1115014,30.2,5.0,11.0,21.75,20.3,69.42
2025-06-14,Brahmanbaria,23.9608181,91.1115014,28.8,10.1,10.5,19.78,18.76,69.12
2025-06-15,Brahmanbaria,23.9608181,91.1115014,28.3,13.3,12.3,15.15,14.58,59.25
2025-06-16,Brahmanbaria,23.9608181,91.1115014,27.9,9.6,20.4,9.95,9.55,50.38
2025-06-17,Brahmanbaria,23.9608181,91.1115014,27.6,5.7,29.9,6.36,5.98,33.08
2025-06-18,Brahmanbaria,23.9608181,91.1115014,26.4,17.8,21.1,8.35,7.98,28.33
2025-06-19,Brahmanbaria,23.9608181,91.1115014,27.9,5.2,24.7,15.47,12.23,43.79
2025-06-20,Brahmanbaria,23.9608181,91.1115014,27.6,16.5,22.3,10.93,9.42,45.38
2025-06-21,Brahmanbaria,23.9608181,91.1115014,28.0,26.9,15.8,21.42,18.47,50.46
2025-06-22,Brahmanbaria,23.9608181,91.1115014,29.3,1.1,14.8,19.3,15.92,63.42
2025-06-23,Brahmanbaria,23.9608181,91.1115014,28.6,4.6,15.7,13.8,12.51,54.62
2025-06-24,Brahmanbaria,23.9608181,91.1115014,29.0,4.8,16.2,13.9,13.13,51.04
2025-06-25,Brahmanbaria,23.9608181,91.1115014,28.7,3.7,17.2,13.68,12.93,53.04
2025-06-26,Brahmanbaria,23.9608181,91.1115014,28.5,9.1,19.9,12.4,10.72,46.42
2025-06-27,Brahmanbaria,23.9608181,91.1115014,28.6,1.3,18.8,12.65,9.59,42.79
2025-06-28,Brahmanbaria,23.9608181,91.1115014,28.9,0.7,21.5,11.15,9.21,40.08
2025-06-29,Brahmanbaria,23.9608181,91.1115014,29.2,1.2,21.8,9.85,8.72,38.33
2025-06-30,Brahmanbaria,23.9608181,91.1115014,29.2,3.5,19.5,12.06,10.45,37.83
2025-07-01,Brahmanbaria,23.9608181,91.1115014,28.7,9.6,18.7,11.07,10.17,47.83
2025-07-02,Brahmanbaria,23.9608181,91.1115014,28.7,3.3,23.5,9.38,7.92,35.54
2025-07-03,Brahmanbaria,23.9608181,91.1115014,28.6,4.9,21.5,12.31,9.23,38.04
2025-07-04,Brahmanbaria,23.9608181,91.1115014,28.0,6.1,24.0,6.21,5.89,32.62
2025-07-05,Brahmanbaria,23.9608181,91.1115014,27.9,6.1,20.5,7.39,6.92,29.42
2025-07-06,Brahmanbaria,23.9608181,91.1115014,27.8,4.1,24.1,9.33,8.2,31.33
2025-07-07,Brahmanbaria,23.9608181,91.1115014,26.9,12.2,25.8,9.2,8.73,40.58
2025-07-08,Brahmanbaria,23.9608181,91.1115014,25.6,44.8,24.3,9.27,8.39,30.75
2025-07-09,Brahmanbaria,23.9608181,91.1115014,25.6,38.2,23.9,13.12,10.29,38.96
2025-07-10,Brahmanbaria,23.9608181,91.1115014,26.7,19.2,18.3,15.68,10.99,42.96
2025-07-11,Brahmanbaria,23.9608181,91.1115014,28.8,1.2,15.8,24.14,16.31,55.96
2025-07-12,Brahmanbaria,23.9608181,91.1115014,29.6,8.6,10.2,20.36,16.6,58.54
2025-07-13,Brahmanbaria,23.9608181,91.1115014,29.2,3.3,17.6,19.41,18.35,62.58
2025-07-14,Brahmanbaria,23.9608181,91.1115014,27.1,17.4,24.4,11.04,10.65,56.79
2025-07-15,Brahmanbaria,23.9608181,91.1115014,28.0,9.8,16.6,14.44,12.61,39.42
2025-07-16,Brahmanbaria,23.9608181,91.1115014,28.7,4.1,14.1,29.36,21.33,61.92
2025-07-17,Brahmanbaria,23.9608181,91.1115014,28.4,15.3,11.0,34.55,26.4,72.29
2025-07-18,Brahmanbaria,23.9608181,91.1115014,28.7,1.6,12.4,34.73,28.32,87.92
2025-07-19,Brahmanbaria,23.9608181,91.1115014,28.9,13.9,14.2,31.31,28.43,82.29
2025-07-20,Brahmanbaria,23.9608181,91.1115014,28.3,9.4,10.1,25.03,22.6,75.46
2025-07-21,Brahmanbaria,23.9608181,91.1115014,29.5,6.0,9.5,27.88,25.88,81.92
2025-07-22,Brahmanbaria,23.9608181,91.1115014,29.7,10.8,12.2,22.35,21.38,71.83
2025-07-23,Brahmanbaria,23.9608181,91.1115014,30.3,14.4,13.7,26.8,26.07,75.75
2025-07-24,Brahmanbaria,23.9608181,91.1115014,29.3,31.3,12.5,13.92,13.8,72.0
2025-07-25,Brahmanbaria,23.9608181,91.1115014,29.5,2.1,29.8,7.65,7.54,50.46
2025-07-26,Brahmanbaria,23.9608181,91.1115014,28.3,5.2,20.2,6.2,5.64,28.21
2025-07-27,Brahmanbaria,23.9608181,91.1115014,27.9,12.7,18.3,11.32,10.47,31.5
2025-07-28,Brahmanbaria,23.9608181,91.1115014,27.1,18.4,17.0,10.31,9.92,45.21
2025-07-29,Brahmanbaria,23.9608181,91.1115014,28.0,14.7,19.6,11.08,10.17,39.96
2025-07-30,Brahmanbaria,23.9608181,91.1115014,28.0,6.1,19.0,11.63,9.59,42.88
2025-07-31,Brahmanbaria,23.9608181,91.1115014,27.3,4.3,21.4,9.4,8.55,38.92
2025-08-01,Brahmanbaria,23.9608181,91.1115014,28.5,10.6,19.2,14.64,12.22,35.75
2025-08-02,Brahmanbaria,23.9608181,91.1115014,28.5,16.0,18.4,17.44,13.53,55.92
2025-08-03,Brahmanbaria,23.9608181,91.1115014,29.0,9.2,20.9,21.65,16.18,53.21
2025-08-04,Brahmanbaria,23.9608181,91.1115014,27.4,19.8,17.9,24.22,19.04,62.83
2025-08-05,Brahmanbaria,23.9608181,91.1115014,27.3,19.1,12.8,28.52,23.5,68.71
2025-08-06,Brahmanbaria,23.9608181,91.1115014,27.7,25.4,12.6,45.51,37.88,85.67
2025-08-07,Brahmanbaria,23.9608181,91.1115014,27.8,9.9,16.9,30.11,27.0,109.46
2025-08-08,Brahmanbaria,23.9608181,91.1115014,27.2,7.0,25.5,15.4,13.97,57.29
2025-08-09,Brahmanbaria,23.9608181,91.1115014,27.8,4.1,19.1,14.28,13.36,58.71
2025-08-10,Brahmanbaria,23.9608181,91.1115014,29.5,0.7,15.6,14.62,13.04,49.58
2025-08-11,Brahmanbaria,23.9608181,91.1115014,29.8,0.9,12.0,14.77,13.3,54.75
2025-08-12,Brahmanbaria,23.9608181,91.1115014,29.6,1.1,11.4,17.65,16.29,55.04
2025-08-13,Brahmanbaria,23.9608181,91.1115014,27.5,21.1,11.0,15.77,15.11,58.96
2025-08-14,Brahmanbaria,23.9608181,91.1115014,27.4,20.9,13.2,16.03,15.62,58.96
2025-08-15,Brahmanbaria,23.9608181,91.1115014,28.9,6.6,11.2,12.25,11.4,50.79
2025-08-16,Brahmanbaria,23.9608181,91.1115014,29.1,20.3,11.7,16.06,15.15,52.42
2025-08-17,Brahmanbaria,23.9608181,91.1115014,29.0,28.2,10.5,13.15,12.9,53.83
2025-08-18,Brahmanbaria,23.9608181,91.1115014,29.0,4.6,15.2,12.0,11.59,53.67
2025-08-19,Brahmanbaria,23.9608181,91.1115014,28.7,5.6,20.0,9.77,8.48,38.0
2025-08-20,Brahmanbaria,23.9608181,91.1115014,27.7,6.2,23.0,7.98,7.02,33.38
2025-08-21,Brahmanbaria,23.9608181,91.1115014,27.3,13.7,24.4,5.19,4.81,27.62
2025-08-22,Brahmanbaria,23.9608181,91.1115014,26.9,4.4,25.3,4.88,4.62,26.54
2025-08-23,Brahmanbaria,23.9608181,91.1115014,27.4,6.2,27.4,5.43,5.08,25.62
2025-08-24,Brahmanbaria,23.9608181,91.1115014,27.7,3.2,19.8,10.6,9.56,30.25
2025-08-25,Brahmanbaria,23.9608181,91.1115014,29.0,0.3,8.4,13.57,12.59,47.62
2025-08-26,Brahmanbaria,23.9608181,91.1115014,29.7,0.6,12.1,20.65,18.72,58.46
2025-08-27,Brahmanbaria,23.9608181,91.1115014,29.3,1.2,17.0,11.11,10.15,56.71
2025-08-28,Brahmanbaria,23.9608181,91.1115014,27.9,4.8,16.9,10.4,9.31,36.54
2025-08-29,Brahmanbaria,23.9608181,91.1115014,27.7,10.4,18.5,11.71,10.68,41.33
2025-08-30,Brahmanbaria,23.9608181,91.1115014,28.0,22.4,14.1,14.78,13.46,49.17
2025-08-31,Brahmanbaria,23.9608181,91.1115014,28.6,10.2,8.9,18.57,18.25,56.46
2025-09-01,Brahmanbaria,23.9608181,91.1115014,30.9,0.0,19.5,27.66,27.54,87.12
2025-09-02,Brahmanbaria,23.9608181,91.1115014,29.4,6.2,16.5,9.7,9.22,52.17
2025-09-03,Brahmanbaria,23.9608181,91.1115014,29.6,2.6,16.2,12.36,11.63,51.12
2025-09-04,Brahmanbaria,23.9608181,91.1115014,28.7,7.4,14.6,12.9,11.67,45.96
2025-09-05,Brahmanbaria,23.9608181,91.1115014,29.2,1.8,12.6,14.25,12.96,46.0
2025-09-06,Brahmanbaria,23.9608181,91.1115014,30.0,3.1,10.1,25.16,22.15,61.79
2025-09-07,Brahmanbaria,23.9608181,91.1115014,28.3,10.0,10.6,25.67,22.43,70.29
2025-09-08,Brahmanbaria,23.9608181,91.1115014,29.2,5.4,8.3,22.73,20.82,70.38
2025-09-09,Brahmanbaria,23.9608181,91.1115014,29.2,4.8,8.5,23.74,21.65,70.0
2025-09-10,Brahmanbaria,23.9608181,91.1115014,28.7,7.7,10.2,24.63,22.06,74.79
2025-09-11,Brahmanbaria,23.9608181,91.1115014,28.6,12.8,12.5,19.64,17.67,69.04
2025-09-12,Brahmanbaria,23.9608181,91.1115014,27.7,11.5,13.6,13.65,12.66,54.46
2025-09-13,Brahmanbaria,23.9608181,91.1115014,27.5,18.1,15.4,16.21,14.66,54.83
2025-09-14,Brahmanbaria,23.9608181,91.1115014,26.2,32.0,12.3,13.58,12.9,51.08
2025-09-15,Brahmanbaria,23.9608181,91.1115014,26.2,10.3,14.1,10.26,9.92,49.96
2025-09-16,Brahmanbaria,23.9608181,91.1115014,26.8,1.8,17.3,9.48,9.08,36.5
2025-09-17,Brahmanbaria,23.9608181,91.1115014,27.8,1.7,16.6,19.68,18.33,51.29
2025-09-18,Brahmanbaria,23.9608181,91.1115014,28.0,2.5,9.4,29.39,27.65,69.0
2025-09-19,Brahmanbaria,23.9608181,91.1115014,28.7,19.5,10.3,49.51,48.21,115.38
2025-09-20,Brahmanbaria,23.9608181,91.1115014,28.5,2.7,8.3,46.06,45.28,132.38
2025-09-21,Brahmanbaria,23.9608181,91.1115014,28.9,6.2,10.9,42.87,42.62,128.71
2025-09-22,Brahmanbaria,23.9608181,91.1115014,27.3,36.6,15.2,11.97,11.72,81.67
2025-09-23,Brahmanbaria,23.9608181,91.1115014,28.8,0.2,11.9,11.85,11.18,46.38
2025-09-24,Brahmanbaria,23.9608181,91.1115014,28.3,11.4,9.6,10.59,10.14,46.04
2025-09-25,Brahmanbaria,23.9608181,91.1115014,29.0,3.9,9.6,9.78,9.69,45.29
2025-09-26,Brahmanbaria,23.9608181,91.1115014,29.2,3.2,14.4,13.83,13.52,51.75
2025-09-27,Brahmanbaria,23.9608181,91.1115014,28.6,6.8,10.7,11.91,11.42,49.42
2025-09-28,Brahmanbaria,23.9608181,91.1115014,28.6,2.0,9.7,25.23,24.25,57.75
2025-09-29,Brahmanbaria,23.9608181,91.1115014,29.0,1.9,6.5,36.39,35.91,96.96
2025-09-30,Brahmanbaria,23.9608181,91.1115014,30.1,3.3,15.0,37.82,37.64,116.12
2025-10-01,Brahmanbaria,23.9608181,91.1115014,26.1,32.2,11.8,16.13,16.0,81.12
2025-10-02,Brahmanbaria,23.9608181,91.1115014,25.9,28.8,17.7,11.24,10.55,49.0
2025-10-03,Brahmanbaria,23.9608181,91.1115014,27.2,9.0,14.1,15.64,13.86,47.29
2025-10-04,Brahmanbaria,23.9608181,91.1115014,27.5,5.8,15.0,16.54,14.43,55.67
2025-10-05,Brahmanbaria,23.9608181,91.1115014,27.2,3.9,17.1,16.4,14.16,55.12
2025-10-06,Brahmanbaria,23.9608181,91.1115014,26.5,10.0,12.2,12.76,12.02,51.62
2025-10-07,Brahmanbaria,23.9608181,91.1115014,26.6,4.1,10.6,16.24,15.42,51.71
2025-10-08,Brahmanbaria,23.9608181,91.1115014,26.6,5.1,10.1,16.86,16.42,62.46
2025-10-09,Brahmanbaria,23.9608181,91.1115014,26.7,2.9,5.6,13.82,13.65,52.71
2025-10-10,Brahmanbaria,23.9608181,91.1115014,27.0,3.8,10.4,19.53,19.37,62.5
2025-10-11,Brahmanbaria,23.9608181,91.1115014,26.4,14.4,8.8,13.51,13.41,58.54
2025-10-12,Brahmanbaria,23.9608181,91.1115014,26.6,0.7,8.4,32.02,31.18,72.38
2025-10-13,Brahmanbaria,23.9608181,91.1115014,27.1,0.2,10.9,61.74,59.7,140.62
2025-10-14,Brahmanbaria,23.9608181,91.1115014,28.0,0.0,8.0,40.0,39.18,130.04
2025-10-15,Brahmanbaria,23.9608181,91.1115014,28.2,0.1,8.1,47.8,46.95,116.21
2025-10-16,Brahmanbaria,23.9608181,91.1115014,28.0,0.9,8.1,60.14,59.58,152.17
2025-10-17,Brahmanbaria,23.9608181,91.1115014,27.9,3.0,11.0,37.37,37.17,128.5
2025-10-18,Brahmanbaria,23.9608181,91.1115014,28.2,0.2,10.8,36.91,36.75,110.79
2025-10-19,Brahmanbaria,23.9608181,91.1115014,27.7,0.4,10.0,44.43,44.26,124.54
2025-10-20,Brahmanbaria,23.9608181,91.1115014,28.3,0.0,9.7,45.29,45.08,126.54
2025-10-21,Brahmanbaria,23.9608181,91.1115014,28.5,0.0,6.4,44.69,44.33,127.62
2025-10-22,Brahmanbaria,23.9608181,91.1115014,28.8,0.0,6.8,51.21,50.63,130.54
2025-10-23,Brahmanbaria,23.9608181,91.1115014,28.4,0.1,10.9,37.52,37.35,138.29
2025-10-24,Brahmanbaria,23.9608181,91.1115014,27.7,0.5,13.0,29.04,28.96,96.04
2025-10-25,Brahmanbaria,23.9608181,91.1115014,27.5,0.0,7.0,46.45,46.24,105.12
2025-10-26,Brahmanbaria,23.9608181,91.1115014,28.1,0.0,7.3,67.99,67.67,154.79
2025-10-27,Brahmanbaria,23.9608181,91.1115014,28.4,0.0,6.4,50.52,50.27,150.46
2025-10-28,Brahmanbaria,23.9608181,91.1115014,28.3,0.0,6.7,49.04,48.61,132.92
2025-10-29,Brahmanbaria,23.9608181,91.1115014,28.0,0.0,8.9,59.29,59.18,142.58
2025-10-30,Brahmanbaria,23.9608181,91.1115014,27.5,6.9,9.5,55.4,55.26,156.21
2025-10-31,Brahmanbaria,23.9608181,91.1115014,28.0,0.4,7.3,33.83,33.41,103.62
2025-11-01,Brahmanbaria,23.9608181,91.1115014,27.6,8.9,7.6,36.07,34.5,103.04
2025-11-02,Brahmanbaria,23.9608181,91.1115014,26.4,17.7,8.5,41.44,41.19,92.38
2025-11-03,Brahmanbaria,23.9608181,91.1115014,26.2,0.6,11.7,31.01,30.88,117.0
2025-11-04,Brahmanbaria,23.9608181,91.1115014,26.8,0.3,9.8,28.53,28.31,86.58
2025-11-05,Brahmanbaria,23.9608181,91.1115014,26.4,6.9,13.9,28.88,28.83,84.88
2025-11-06,Brahmanbaria,23.9608181,91.1115014,26.1,0.9,9.2,28.69,28.64,80.17
2025-11-07,Brahmanbaria,23.9608181,91.1115014,26.2,0.0,10.2,43.95,43.75,124.42
2025-11-08,Brahmanbaria,23.9608181,91.1115014,26.3,0.0,12.4,31.5,31.14,98.92
2025-11-09,Brahmanbaria,23.9608181,91.1115014,24.8,0.0,9.4,61.21,59.5,122.0
2025-11-10,Brahmanbaria,23.9608181,91.1115014,24.5,0.0,8.2,64.6,62.22,153.83
2025-11-11,Brahmanbaria,23.9608181,91.1115014,24.2,0.0,10.8,71.17,69.03,155.67
2025-11-12,Brahmanbaria,23.9608181,91.1115014,23.5,0.0,9.8,65.75,61.75,153.62
2025-11-13,Brahmanbaria,23.9608181,91.1115014,22.9,0.0,8.1,72.4,68.92,156.29
2025-11-14,Brahmanbaria,23.9608181,91.1115014,22.6,0.0,8.1,71.8,67.41,157.12
2025-11-15,Brahmanbaria,23.9608181,91.1115014,22.9,0.0,8.5,51.87,50.09,152.04
2025-11-16,Brahmanbaria,23.9608181,91.1115014,22.9,0.0,9.1,43.06,41.7,121.0
2025-11-17,Brahmanbaria,23.9608181,91.1115014,23.2,0.0,8.2,29.55,28.67,94.29
2025-11-18,Brahmanbaria,23.9608181,91.1115014,23.4,0.0,9.3,32.27,31.49,91.79
2025-11-19,Brahmanbaria,23.9608181,91.1115014,23.1,0.0,8.7,32.66,31.63,88.54
2025-11-20,Brahmanbaria,23.9608181,91.1115014,23.1,0.0,8.0,40.95,40.41,104.67
2025-11-21,Brahmanbaria,23.9608181,91.1115014,22.3,0.0,9.3,65.64,64.79,143.42
2025-11-22,Brahmanbaria,23.9608181,91.1115014,21.8,0.0,9.5,70.1,68.85,154.75
2025-11-23,Brahmanbaria,23.9608181,91.1115014,21.4,0.0,7.8,82.81,81.24,164.17
2025-11-24,Brahmanbaria,23.9608181,91.1115014,21.5,0.0,8.6,69.34,67.65,157.58
2025-11-25,Brahmanbaria,23.9608181,91.1115014,21.1,0.0,7.3,63.2,61.58,154.42
2025-11-26,Brahmanbaria,23.9608181,91.1115014,21.6,0.0,8.6,52.15,50.98,151.88
2025-11-27,Brahmanbaria,23.9608181,91.1115014,21.5,0.0,8.1,30.89,29.82,100.12
2025-11-28,Brahmanbaria,23.9608181,91.1115014,21.2,0.0,6.1,45.39,43.98,105.29
2025-11-29,Brahmanbaria,23.9608181,91.1115014,20.7,0.0,7.1,62.52,60.94,142.08
2025-11-30,Brahmanbaria,23.9608181,91.1115014,21.1,0.0,7.2,68.87,68.43,154.92
2025-12-01,Brahmanbaria,23.9608181,91.1115014,21.5,0.0,8.2,77.42,77.2,159.71
2025-12-02,Brahmanbaria,23.9608181,91.1115014,21.2,0.0,9.3,77.11,76.57,158.5
2025-12-03,Brahmanbaria,23.9608181,91.1115014,20.1,0.0,8.7,90.71,89.71,167.29
2025-12-04,Brahmanbaria,23.9608181,91.1115014,19.9,0.0,7.2,78.58,78.15,166.0
2025-12-05,Brahmanbaria,23.9608181,91.1115014,20.1,0.0,7.5,53.62,53.21,154.12
2025-12-06,Brahmanbaria,23.9608181,91.1115014,19.5,0.0,8.3,64.21,63.14,149.29
2025-12-07,Brahmanbaria,23.9608181,91.1115014,19.2,0.0,7.1,69.07,68.08,154.92
2025-12-08,Brahmanbaria,23.9608181,91.1115014,19.8,0.0,7.8,70.02,69.26,158.08
2025-12-09,Brahmanbaria,23.9608181,91.1115014,20.0,0.0,8.9,65.21,64.13,154.79
2025-12-10,Brahmanbaria,23.9608181,91.1115014,19.9,0.0,8.6,63.7,62.37,155.62
2025-12-11,Brahmanbaria,23.9608181,91.1115014,19.6,0.0,7.7,54.09,53.12,149.38
2025-12-12,Brahmanbaria,23.9608181,91.1115014,20.0,0.0,7.6,39.24,37.98,126.33
2025-12-13,Brahmanbaria,23.9608181,91.1115014,20.7,0.0,8.0,28.25,26.96,88.83
2025-12-14,Brahmanbaria,23.9608181,91.1115014,21.0,0.0,8.2,28.1,26.82,79.62
2025-12-15,Brahmanbaria,23.9608181,91.1115014,20.8,0.0,8.3,35.28,33.62,87.38
2025-12-16,Brahmanbaria,23.9608181,91.1115014,20.5,0.0,9.1,62.65,59.11,131.46
2025-12-17,Brahmanbaria,23.9608181,91.1115014,21.0,0.0,10.9,55.95,53.96,152.96
2025-12-18,Brahmanbaria,23.9608181,91.1115014,21.0,0.0,8.2,30.97,29.8,104.62
2025-12-19,Brahmanbaria,23.9608181,91.1115014,20.9,0.0,8.3,42.88,41.03,100.58
2025-12-20,Brahmanbaria,23.9608181,91.1115014,21.4,0.0,10.3,39.9,38.05,105.5
2025-12-21,Brahmanbaria,23.9608181,91.1115014,20.9,0.0,10.4,65.19,62.6,139.17
2025-12-22,Brahmanbaria,23.9608181,91.1115014,20.7,0.0,9.9,49.24,47.22,147.71
2025-12-23,Brahmanbaria,23.9608181,91.1115014,20.0,0.0,10.5,51.7,49.9,126.33
2025-12-24,Brahmanbaria,23.9608181,91.1115014,19.3,0.0,10.3,68.26,65.6,147.33
2025-12-25,Brahmanbaria,23.9608181,91.1115014,18.0,0.0,9.2,81.18,78.08,157.54
2025-12-26,Brahmanbaria,23.9608181,91.1115014,17.8,0.0,8.9,85.37,82.59,164.42
2025-12-27,Brahmanbaria,23.9608181,91.1115014,17.7,0.0,9.6,91.31,88.18,168.0
2025-12-28,Brahmanbaria,23.9608181,91.1115014,18.0,0.0,8.8,80.0,78.07,163.08
2025-12-29,Brahmanbaria,23.9608181,91.1115014,17.2,0.0,9.2,73.81,72.32,159.62
2025-12-30,Brahmanbaria,23.9608181,91.1115014,15.7,0.0,8.4,60.34,59.9,155.33
2025-12-31,Brahmanbaria,23.9608181,91.1115014,15.5,0.0,8.1,80.67,79.87,156.67
